ID,asvabWK_std
2,.38371327
5,
7,-2.0994749
9,
10,
12,
13,-.01665307
14,
16,.38371327
18,-1.7450063
19,.08343851
20,-1.6460185
21,-1.6460185
22,-1.1176605
24,-2.0994749
26,-1.1176605
27,-.79430976
30,.1835301
31,-1.3178437
35,.38371327
39,-1.7450063
42,-.24923779
44,-.71729417
46,
51,.98426278
52,.08343851
57,
58,-.79430976
60,-1.7450063
62,.98426278
64,.19375216
65,-1.6460185
66,
67,
68,
70,.58389644
71,
73,
74,
75,-2.6190343
76,-2.0994749
79,-.8972058
80,-1.7450063
82,-.01665307
83,-1.1176605
85,.58389644
87,.38371327
88,-1.6460185
89,.58389644
90,
92,-1.6460185
93,-1.1839329
95,.08343851
96,
97,.38371327
98,.08343851
99,
105,.8841712
106,.38371327
108,1.3846291
113,.8841712
116,
117,
118,
119,.58389644
120,
121,.8841712
122,1.2845375
123,
124,
126,-.41701942
131,1.123534
132,.8841712
133,.58389644
134,
135,1.3846291
138,.78407961
140,.9422665
143,.1835301
144,.05146116
145,.1835301
146,-1.1839329
150,-.517111
152,.48380486
154,1.4181158
155,1.0843544
156,.98426278
158,.9422665
161,-2.6190343
163,
165,.38371327
167,
168,-.41701942
172,1.3846291
174,
176,.98426278
180,.87216032
184,.48380486
185,-.97592507
187,.9422665
190,.8841712
191,.58389644
195,.58389644
196,
199,.78407961
200,
202,-.71729417
206,
209,
210,
212,-.517111
215,
218,
219,1.123534
220,.78407961
222,.78407961
223,1.0843544
225,.8841712
228,-1.4723601
230,.98426278
231,
232,.58389644
233,
237,.98426278
239,
242,.08343851
244,.38371327
246,1.0843544
247,.98426278
249,.1835301
250,.05146116
251,-.01665307
254,.38371327
256,
257,
258,-.31692783
259,.1835301
260,-1.1839329
261,-1.7450063
262,-2.6190343
263,.78407961
264,.58389644
265,-1.6460185
268,.38371327
275,
277,
278,.58389644
279,
280,
281,-.01665307
282,.05146116
283,.9422665
285,.08343851
287,-.55902977
294,.58389644
297,-.97592507
299,-.55902977
304,.8841712
308,.08343851
311,.48380486
314,1.2845375
316,.48380486
318,.38371327
321,.8841712
323,1.3846291
324,
325,.48380486
328,.38371327
329,.48380486
330,.08343851
332,1.4847207
336,.38371327
337,.8841712
340,-.97592507
341,-.97592507
342,
343,
344,
345,
346,-1.4723601
347,
348,
349,
350,
357,
358,
360,
361,
367,.19375216
369,-2.6190343
370,
372,-1.1839329
375,1.4847207
376,
378,
380,-.21683624
381,
384,
385,.08343851
386,-.79430976
391,
392,1.4847207
393,.08343851
394,.48380486
395,
396,.78407961
397,
398,
399,.48380486
401,.8841712
404,-.21683624
405,.48380486
408,.98426278
410,-2.3630368
412,.08343851
413,
418,
419,.8841712
420,
421,
422,
427,-.517111
429,.58389644
430,
432,-.517111
434,.78407961
438,-.09262018
440,-.49921399
441,-.81738576
443,
445,
446,
451,
454,.48380486
455,
456,.9422665
457,
458,
463,
466,-.81738576
471,-.71729417
475,-.31692783
476,
481,
482,1.0843544
483,1.0843544
485,
487,.08343851
490,1.4847207
491,.58389644
493,
495,
496,
500,.48380486
501,-1.4723601
502,.98426278
503,1.0843544
505,1.2845375
506,.8841712
508,.58389644
510,
511,-.31692783
513,
516,-.8972058
517,
520,
521,
522,-.41314281
524,-1.3178437
525,
526,
527,.98426278
536,-.01665307
537,-.79430976
539,
543,.1835301
544,1.2845375
545,.8841712
546,.87216032
547,.8841712
549,
550,1.4847207
551,.98426278
552,.58389644
553,-1.1839329
554,.44664966
555,.78407961
558,
561,.98426278
563,-1.2265954
564,1.0339321
565,-.09262018
567,-.24923779
568,-.41701942
569,-.517111
571,-1.1839329
572,1.0843544
575,
576,.19375216
577,-.21683624
578,1.2845375
580,.1835301
581,-.8972058
586,.1835301
588,-1.3178437
589,-.31692783
590,.98426278
598,-.31692783
600,-1.2265954
603,-1.3178437
606,.98426278
608,1.4181158
611,.48380486
612,.98426278
613,1.0843544
616,1.2845375
618,.44664966
619,-.8972058
620,
621,
623,
625,
627,1.4181158
628,-.21683624
630,.19375216
631,.8841712
636,
638,.8841712
640,-.09262018
642,1.2845375
643,.78407961
644,
645,
646,
647,-.71729417
648,-.31692783
649,-.01665307
653,1.123534
656,
657,
659,.9422665
661,-.8972058
662,-1.5541359
663,
664,-.31692783
665,
669,.78407961
670,
671,
673,.8841712
678,-1.2265954
680,-.41701942
683,-.8972058
685,-.49921399
687,.58389644
688,-1.6460185
690,
691,
692,
694,.78407961
695,
696,
697,
699,
701,-1.901386
702,
706,.48380486
711,.58389644
712,-.31692783
714,
716,-.31692783
717,-1.3178437
718,
719,.48380486
720,1.2845375
722,1.2845375
723,.1835301
724,1.4847207
726,1.4847207
729,.78407961
731,.78407961
737,.98426278
738,1.0843544
743,.48380486
744,.48380486
745,1.2845375
746,.98426278
747,
750,-2.6190343
752,-1.7450063
753,
754,.48380486
758,1.3846291
759,.38371327
761,-1.4723601
763,1.4847207
764,.1835301
765,.58389644
766,.08343851
768,-.21683624
773,-.09262018
775,
776,
779,
780,
781,
783,
784,
785,.78407961
786,
787,
788,1.2845375
789,.58389644
790,
792,
793,
794,1.123534
798,.78407961
799,
800,.8841712
803,
804,
805,-.71729417
806,.05146116
808,.58389644
810,.05146116
817,-1.3178437
819,.8841712
820,-.21683624
823,
826,
827,1.0843544
830,
831,.58389644
834,
836,
837,-.31692783
842,.8841712
843,.8841712
845,.38371327
847,.48380486
852,-.71729417
856,.87216032
859,-.41701942
860,1.0843544
861,1.2845375
865,.98426278
866,
867,
870,-.97592507
872,.8841712
874,-2.6190343
877,
882,
884,.48380486
885,.58389644
886,-.31692783
889,
890,-1.1839329
891,-1.3178437
893,.58389644
894,-.21683624
895,-.31692783
898,.78407961
900,1.3846291
903,-.31692783
909,-1.5541359
911,1.3846291
914,-.09262018
917,
918,1.2845375
921,
926,
927,
929,.48380486
936,.08343851
937,.8841712
938,.8841712
940,1.2845375
942,1.4847207
943,1.4181158
946,1.0843544
953,.08343851
956,.98426278
957,1.4181158
958,-.31692783
959,-.01665307
960,.19375216
962,1.0843544
963,1.3846291
968,
970,-.01665307
972,.38371327
973,1.3846291
974,1.2845375
975,.38371327
976,.58389644
977,.87216032
978,1.4847207
980,1.2845375
981,-.55902977
982,.98426278
987,.58389644
990,.08343851
991,
994,.98426278
997,.38371327
998,.62411001
999,.87216032
1000,.78407961
1001,.08343851
1002,-.81738576
1004,-.41314281
1005,.78407961
1006,.38371327
1007,-1.1176605
1009,.58389644
1011,1.4181158
1012,1.0843544
1013,.38371327
1014,.38371327
1015,.48380486
1016,.05146116
1018,.58389644
1019,1.3846291
1020,-1.4723601
1025,.8841712
1026,1.123534
1027,-.55902977
1028,.78407961
1030,1.0843544
1031,-.01665307
1032,-.8972058
1034,-.79430976
1036,
1037,-2.6190343
1038,
1041,-2.6190343
1044,-.71729417
1046,-.97592507
1049,-.81738576
1051,-2.3630368
1053,-.49921399
1058,
1059,
1062,-.24923779
1063,.98426278
1065,-.31692783
1068,-.8972058
1069,
1071,.58389644
1072,
1074,.62411001
1078,-.41701942
1079,
1081,1.4181158
1085,.38371327
1086,.98426278
1089,.78407961
1090,.78407961
1093,.08343851
1094,.78407961
1095,-.01665307
1097,-.81738576
1106,
1108,.1835301
1110,
1111,
1112,
1113,1.3846291
1115,.98426278
1117,-.31692783
1122,1.4847207
1124,-.97592507
1125,
1126,.8841712
1129,1.4847207
1130,.78407961
1131,-.55902977
1135,.62411001
1136,
1137,
1140,1.3846291
1141,
1142,-.24923779
1147,
1150,.1835301
1155,.78407961
1157,.87216032
1158,
1159,
1161,.58389644
1162,.8841712
1163,1.0843544
1164,1.2845375
1167,.98426278
1168,.19375216
1170,1.4847207
1171,.8841712
1172,
1174,
1176,-.97592507
1178,1.3846291
1179,.78407961
1180,1.4847207
1183,-.41701942
1184,.62411001
1185,1.4181158
1186,.78407961
1189,1.3846291
1191,.62411001
1192,.78407961
1193,.98426278
1195,
1196,
1198,-2.0994749
1199,.98426278
1201,.58389644
1202,-.517111
1204,-.01665307
1207,
1208,-1.1176605
1210,-1.4723601
1211,-1.3178437
1213,-1.4723601
1214,-1.1176605
1215,
1217,-.517111
1218,.38371327
1219,-2.3630368
1221,
1222,-.517111
1224,
1226,.78407961
1228,.78407961
1230,1.0843544
1231,1.3846291
1232,.44664966
1233,1.2845375
1234,1.2845375
1235,.8841712
1236,
1237,.78407961
1239,1.4847207
1240,.48380486
1244,
1247,1.2845375
1250,.58389644
1251,.78407961
1252,.78407961
1255,
1259,-1.7450063
1260,
1261,-.31692783
1262,-.31692783
1263,
1264,-.55902977
1267,1.4847207
1270,1.4181158
1272,
1273,.8841712
1277,.58389644
1278,.58389644
1279,.78407961
1280,.8841712
1281,.78407961
1283,1.4847207
1284,
1286,.58389644
1287,.78407961
1288,.58389644
1289,
1291,
1293,.8841712
1294,.78407961
1297,.1835301
1298,-.31692783
1299,-.49921399
1300,.58389644
1301,-.49921399
1304,.8841712
1305,1.123534
1310,
1318,-.81738576
1320,.48380486
1321,.48380486
1323,.98426278
1326,.78407961
1332,.1835301
1335,.98426278
1336,1.0339321
1339,.58389644
1341,1.4181158
1342,.48380486
1343,
1346,
1348,.8841712
1349,.78407961
1351,-.01665307
1352,-1.6460185
1353,-2.6190343
1359,
1360,.78407961
1361,1.0843544
1363,
1364,.08343851
1365,
1366,
1367,1.2845375
1371,1.4847207
1373,1.4847207
1374,
1376,
1377,-1.5541359
1378,-1.4723601
1381,
1382,.78407961
1383,
1390,-.71729417
1394,-2.6190343
1395,-1.4723601
1396,-1.901386
1397,-1.7450063
1400,.1835301
1401,.05146116
1402,
1404,.58389644
1405,
1406,1.2845375
1407,-.55902977
1408,
1409,
1417,
1418,-.55902977
1421,1.3846291
1425,-2.6190343
1426,-1.4723601
1431,-.01665307
1434,
1435,.98426278
1439,-1.4723601
1441,-.41701942
1443,-.09262018
1446,.8841712
1447,1.4847207
1449,.1835301
1452,.58389644
1455,1.4181158
1456,1.3846291
1457,1.0843544
1458,
1460,1.2845375
1461,-.41701942
1463,1.4847207
1465,.78407961
1468,.19375216
1469,-1.1839329
1471,-.517111
1473,.78407961
1474,
1478,.48380486
1481,.62411001
1482,
1483,
1484,.38371327
1485,.58389644
1486,-.49921399
1488,1.2845375
1491,1.2845375
1493,.9422665
1503,1.0843544
1505,-.31692783
1507,
1508,
1510,.1835301
1514,.1835301
1515,.98426278
1518,1.4847207
1519,1.4847207
1520,-.21683624
1522,1.3846291
1525,.87216032
1529,
1530,1.2845375
1532,-.09262018
1535,-.21683624
1536,
1538,
1545,.78407961
1547,.78407961
1548,.1835301
1549,1.0843544
1552,.48380486
1553,
1554,
1555,
1556,.05146116
1558,
1559,.08343851
1560,.98426278
1561,
1562,.58389644
1563,-.01665307
1564,
1569,
1570,-.01665307
1572,.78407961
1573,.8841712
1578,-.31692783
1579,
1580,-.97592507
1581,
1583,
1586,-2.0994749
1589,.78407961
1591,
1596,-.31692783
1597,
1607,
1609,
1613,
1615,
1617,
1618,1.0843544
1619,.98426278
1620,.38371327
1621,
1623,1.2845375
1625,
1626,
1627,.98426278
1628,1.0843544
1631,
1632,.98426278
1635,
1636,
1637,1.3846291
1638,.05146116
1640,.38371327
1643,.98426278
1645,.98426278
1646,.58389644
1648,.78407961
1649,.8841712
1650,
1652,1.0843544
1653,
1654,1.0339321
1655,
1656,
1659,.9422665
1661,
1662,
1664,.38371327
1665,.44664966
1666,.1835301
1667,.58389644
1668,.58389644
1675,.8841712
1676,.8841712
1678,.78407961
1681,.58389644
1683,.98426278
1685,
1687,
1688,
1692,.78407961
1693,.58389644
1694,1.3846291
1695,.78407961
1696,.58389644
1699,
1700,-.71729417
1701,.1835301
1702,.48380486
1704,1.0843544
1707,
1708,
1710,1.3846291
1711,.48380486
1714,
1715,-1.3178437
1720,-1.5541359
1721,
1722,
1724,
1725,
1726,
1727,
1729,
1732,
1734,.44664966
1735,.38371327
1737,.08343851
1738,.78407961
1740,
1741,
1744,-.31692783
1746,-.8972058
1748,.58389644
1753,1.2845375
1755,1.4181158
1757,.58389644
1758,.1835301
1759,
1762,
1763,
1764,
1765,.8841712
1766,.62411001
1767,
1768,.1835301
1770,-.97592507
1771,
1775,
1777,.48380486
1778,-.21683624
1779,-.31692783
1787,-1.1839329
1788,-.8972058
1790,-2.0994749
1791,-1.2265954
1794,-.8972058
1795,
1797,-.01665307
1799,.98426278
1802,.78407961
1803,
1805,.58389644
1807,.58389644
1808,
1809,.8841712
1810,-.71729417
1811,-1.3178437
1813,.78407961
1815,.58389644
1816,.08343851
1817,.44664966
1819,.38371327
1820,.98426278
1823,.9422665
1825,.58389644
1826,1.2845375
1827,1.2845375
1828,1.4847207
1830,.78407961
1831,-.09262018
1832,
1834,.08343851
1836,1.2845375
1838,1.0843544
1842,-2.6190343
1843,
1845,-.09262018
1847,1.3846291
1849,-1.5541359
1851,-.01665307
1852,
1853,.8841712
1854,.48380486
1857,1.4847207
1859,1.0843544
1861,.58389644
1867,.1835301
1868,-1.6460185
1869,.87216032
1871,-1.2265954
1872,-.71729417
1873,-.41701942
1878,
1879,-.71729417
1881,
1882,.87216032
1885,
1886,.38371327
1887,1.3846291
1888,.78407961
1890,-.31692783
1891,-1.2265954
1892,.1835301
1895,-.55902977
1896,.38371327
1902,.08343851
1904,-.01665307
1905,.8841712
1907,.87216032
1910,-1.901386
1911,-1.3178437
1914,.8841712
1915,
1918,1.2845375
1919,.78407961
1920,.58389644
1922,.38371327
1925,.78407961
1927,
1929,-.24923779
1931,
1933,1.2845375
1935,-1.4723601
1936,-1.5541359
1937,.58389644
1938,-.01665307
1943,1.2845375
1944,.48380486
1945,
1948,
1949,-.01665307
1951,
1952,-1.7450063
1955,-.81738576
1957,-.55902977
1958,-.21683624
1960,
1961,
1963,.48380486
1965,.78407961
1966,-.31692783
1967,.1835301
1968,-.21683624
1970,1.3846291
1973,.58389644
1974,.9422665
1975,.78407961
1976,.48380486
1979,.38371327
1981,
1982,.38371327
1985,1.3846291
1990,.08343851
1993,
1994,.78407961
1996,1.2845375
1999,-1.3178437
2000,-1.5541359
2003,-.21683624
2005,
2006,1.0339321
2009,-.71729417
2010,.08343851
2013,-1.2265954
2014,
2018,-.31692783
2019,-2.6190343
2024,-1.901386
2029,.78407961
2030,.48380486
2032,-.21683624
2035,.8841712
2037,-1.3178437
2041,1.2845375
2042,1.0339321
2043,.38371327
2045,
2046,.38371327
2047,-1.6460185
2048,1.4847207
2049,.08343851
2050,.78407961
2051,.8841712
2054,1.123534
2057,.98426278
2058,-.71729417
2060,.8841712
2062,1.2845375
2064,
2065,-.31692783
2068,1.0843544
2070,1.3846291
2071,1.4181158
2072,1.3846291
2073,.8841712
2074,.98426278
2076,1.0843544
2081,.98426278
2082,.8841712
2086,1.4181158
2087,
2088,.98426278
2089,1.3846291
2092,.78407961
2093,-.41701942
2095,.38371327
2096,1.123534
2099,1.2845375
2100,.38371327
2108,-.55902977
2110,
2111,.58389644
2113,1.0843544
2114,
2116,
2118,-.79430976
2119,-.79430976
2120,.78407961
2121,.9422665
2122,.8841712
2123,1.2845375
2128,.44664966
2129,-1.2265954
2130,.98426278
2131,1.4181158
2134,-1.1176605
2136,-.21683624
2137,.48380486
2138,.8841712
2139,
2141,.58389644
2144,.78407961
2145,
2147,1.4847207
2149,
2150,.8841712
2151,.58389644
2154,-.09262018
2158,-2.6190343
2159,-.31692783
2161,
2162,.98426278
2164,.48380486
2165,1.2845375
2166,-1.2265954
2167,1.0843544
2168,1.2845375
2172,.58389644
2173,.38371327
2175,
2178,-1.6460185
2181,
2182,.62411001
2183,.78407961
2185,.58389644
2186,
2187,.8841712
2188,.05146116
2189,-.21683624
2190,.8841712
2193,.98426278
2197,.48380486
2199,-.81738576
2200,1.4847207
2205,1.3846291
2206,1.3846291
2207,.8841712
2208,1.3846291
2209,.98426278
2210,.8841712
2211,.44664966
2212,1.123534
2213,1.2845375
2214,-.517111
2215,.78407961
2218,.38371327
2220,
2221,-.21683624
2224,
2225,.58389644
2226,.78407961
2227,-2.6190343
2228,
2229,-.81738576
2230,-.55902977
2233,.78407961
2234,.8841712
2235,.48380486
2237,.78407961
2238,-.97592507
2241,-.79430976
2242,-.517111
2246,
2250,1.3846291
2251,.8841712
2252,1.2845375
2253,1.3846291
2254,.48380486
2255,-.517111
2256,-.41314281
2257,1.0843544
2261,.98426278
2262,.58389644
2264,-.97592507
2266,.98426278
2267,.1835301
2269,1.0843544
2272,.78407961
2273,1.2845375
2274,
2275,1.2845375
2276,
2278,-.01665307
2279,-.01665307
2281,
2282,
2285,-1.5541359
2288,
2289,1.4181158
2290,.8841712
2291,.38371327
2292,.98426278
2294,
2295,.1835301
2296,1.0339321
2297,-.21683624
2300,-.24923779
2301,.58389644
2302,.44664966
2303,-.41314281
2305,1.4181158
2306,-1.5541359
2308,1.4847207
2309,.8841712
2310,.58389644
2312,.38371327
2313,.87216032
2314,-.517111
2315,-.97592507
2316,-.8972058
2319,.78407961
2325,1.2845375
2326,-.21683624
2327,.48380486
2328,1.2845375
2329,.38371327
2330,1.0339321
2331,.98426278
2333,.78407961
2338,.48380486
2341,.58389644
2342,.08343851
2346,.78407961
2349,.78407961
2350,.62411001
2352,.98426278
2355,
2357,
2358,
2360,-.31692783
2361,
2362,.38371327
2363,.08343851
2365,-1.3178437
2367,-.55902977
2369,.58389644
2370,
2371,-.41701942
2372,.08343851
2373,-.81738576
2374,.38371327
2375,.8841712
2376,1.2845375
2377,1.2845375
2379,-.79430976
2381,.1835301
2382,.78407961
2383,.58389644
2384,.08343851
2385,-.41701942
2387,
2388,
2389,
2393,-.24923779
2394,.78407961
2395,.98426278
2397,.8841712
2398,.78407961
2402,-.21683624
2404,.8841712
2407,.38371327
2408,.48380486
2409,.38371327
2410,.1835301
2411,-.49921399
2414,-.41701942
2417,
2418,-.01665307
2419,-.31692783
2421,1.0339321
2422,1.4847207
2423,.58389644
2425,.48380486
2428,
2429,
2431,.58389644
2434,.78407961
2436,-1.1839329
2439,.87216032
2441,-.09262018
2442,.78407961
2447,.48380486
2449,
2451,
2453,
2455,-1.2265954
2458,1.0843544
2459,.98426278
2460,.98426278
2461,.58389644
2463,-.09262018
2466,1.0843544
2467,
2468,.58389644
2469,
2470,.98426278
2477,.8841712
2479,1.123534
2480,.9422665
2481,.1835301
2483,.78407961
2484,.38371327
2485,1.0843544
2487,.8841712
2490,.8841712
2492,.98426278
2496,1.4847207
2497,.8841712
2498,
2499,
2500,.08343851
2503,.78407961
2506,1.0843544
2507,-1.6460185
2508,.1835301
2511,
2513,.78407961
2514,.78407961
2515,.38371327
2516,
2517,
2519,
2520,-.01665307
2522,1.4847207
2523,.87216032
2524,.78407961
2525,.58389644
2526,.8841712
2527,.98426278
2530,1.0843544
2533,
2534,
2535,-.8972058
2536,-.31692783
2537,
2541,
2542,.8841712
2545,-1.4723601
2546,
2548,
2552,1.0843544
2558,1.2845375
2560,1.2845375
2562,.98426278
2563,.78407961
2564,.9422665
2566,
2568,1.0843544
2569,.8841712
2573,.58389644
2574,-.31692783
2575,1.4181158
2576,1.2845375
2578,1.2845375
2581,.8841712
2584,-.01665307
2585,
2589,1.3846291
2591,.58389644
2593,.78407961
2594,1.4847207
2595,.58389644
2596,.98426278
2597,.48380486
2598,.8841712
2602,-.49921399
2603,.8841712
2604,
2605,.1835301
2606,1.2845375
2608,.78407961
2609,-1.1839329
2611,.78407961
2613,.38371327
2614,.98426278
2615,.98426278
2616,1.4181158
2618,1.4847207
2622,.48380486
2623,.78407961
2624,.48380486
2627,-.79430976
2628,-.41701942
2629,.38371327
2630,-.71729417
2631,.1835301
2633,
2637,1.4181158
2641,-1.2265954
2643,-.71729417
2644,.1835301
2648,-.09262018
2649,-2.0994749
2651,-.41314281
2652,.58389644
2658,.98426278
2660,.58389644
2661,.48380486
2662,.58389644
2665,.08343851
2666,.38371327
2668,.8841712
2673,1.2845375
2676,.98426278
2677,.38371327
2678,.48380486
2682,1.123534
2683,.08343851
2688,.1835301
2689,-.31692783
2690,-1.6460185
2692,.78407961
2693,.38371327
2694,
2695,-1.2265954
2696,.19375216
2697,1.0843544
2700,.8841712
2701,1.2845375
2702,.48380486
2703,.78407961
2704,-1.6460185
2706,.48380486
2710,1.4847207
2711,1.123534
2713,-.41701942
2714,1.4847207
2715,-2.3630368
2716,1.2845375
2719,-2.6190343
2721,-1.4723601
2727,.48380486
2728,
2730,.8841712
2731,1.2845375
2732,.58389644
2733,.58389644
2735,.38371327
2736,-.49921399
2737,.98426278
2738,1.0843544
2741,-.31692783
2742,.58389644
2743,.05146116
2747,.98426278
2752,.19375216
2753,.78407961
2755,.38371327
2756,1.4181158
2758,.8841712
2759,.1835301
2761,-.31692783
2762,.44664966
2765,.8841712
2766,-.517111
2773,
2774,
2775,1.2845375
2776,1.2845375
2778,1.2845375
2779,1.3846291
2786,
2788,.98426278
2789,
2790,
2791,1.0339321
2794,
2795,
2798,-.01665307
2799,.87216032
2800,.08343851
2807,.58389644
2808,
2810,-1.1839329
2813,.48380486
2814,-1.901386
2819,.58389644
2822,
2823,
2825,-1.6460185
2829,.38371327
2830,
2831,
2833,.98426278
2835,-.01665307
2846,
2850,
2851,.48380486
2854,1.123534
2857,
2858,.98426278
2860,-.55902977
2862,1.0843544
2863,-.01665307
2866,.05146116
2867,-.79430976
2868,
2871,.8841712
2872,-1.1839329
2873,.8841712
2874,1.4847207
2875,1.2845375
2876,1.3846291
2880,.58389644
2881,1.123534
2882,
2883,.78407961
2884,.87216032
2886,.38371327
2888,1.123534
2890,.38371327
2891,-.81738576
2893,
2895,-.55902977
2896,.78407961
2897,-1.5541359
2898,1.4847207
2899,.78407961
2900,.38371327
2901,.98426278
2904,-.55902977
2906,1.2845375
2907,1.3846291
2908,.48380486
2910,.98426278
2911,-1.2265954
2915,.58389644
2916,1.0843544
2917,.98426278
2918,.98426278
2919,.38371327
2920,
2921,-.41314281
2923,-.8972058
2925,-1.5541359
2926,.58389644
2930,.1835301
2931,
2938,1.4847207
2939,1.3846291
2941,.98426278
2945,1.0339321
2947,.08343851
2949,.8841712
2950,.8841712
2951,.78407961
2954,-.71729417
2955,-1.2265954
2957,.58389644
2959,-1.3178437
2960,
2963,-.55902977
2964,
2965,.62411001
2967,-.41701942
2968,.78407961
2969,.48380486
2971,-.24923779
2972,-.31692783
2973,
2975,.78407961
2976,.78407961
2977,-.71729417
2978,.58389644
2979,.58389644
2980,.58389644
2981,1.4847207
2983,.1835301
2984,.78407961
2988,.19375216
2990,1.3846291
2992,1.123534
2993,1.3846291
2994,.38371327
2995,.8841712
2996,-1.6460185
2999,
3001,.78407961
3003,.08343851
3004,.78407961
3008,-.31692783
3011,
3015,.78407961
3016,.98426278
3019,.9422665
3020,-.41314281
3024,-.31692783
3027,1.4847207
3032,.38371327
3033,-2.3630368
3034,.19375216
3035,-.517111
3036,
3038,1.3846291
3042,.48380486
3043,.48380486
3044,
3048,.58389644
3053,.8841712
3055,.48380486
3056,-.517111
3057,-.01665307
3058,
3059,.58389644
3061,.1835301
3063,-.81738576
3064,.38371327
3065,-.31692783
3068,-.31692783
3069,
3072,1.123534
3074,.78407961
3075,-.31692783
3076,.48380486
3077,.78407961
3080,-1.5541359
3082,.58389644
3084,1.4847207
3088,
3089,.78407961
3090,.58389644
3091,1.0339321
3092,.58389644
3094,
3095,
3097,-.01665307
3098,-.71729417
3101,
3102,.08343851
3103,-1.7450063
3104,
3106,
3107,.58389644
3108,-1.7450063
3109,-2.6190343
3110,.38371327
3111,
3113,-.41314281
3114,
3119,
3120,.78407961
3121,1.2845375
3122,-.31692783
3127,.58389644
3128,.8841712
3130,-.01665307
3131,.48380486
3135,.78407961
3136,.58389644
3137,.38371327
3138,1.0339321
3139,-.31692783
3141,1.3846291
3142,.8841712
3143,1.0339321
3145,1.4847207
3146,.58389644
3147,1.2845375
3149,.58389644
3150,.1835301
3152,
3154,.8841712
3156,1.4847207
3157,
3158,
3163,.38371327
3167,.48380486
3171,1.3846291
3172,-1.7450063
3173,-.55902977
3174,.58389644
3176,.78407961
3181,.78407961
3184,.38371327
3187,.1835301
3191,-.31692783
3193,.19375216
3194,.78407961
3197,.87216032
3198,.78407961
3201,.58389644
3202,-1.901386
3205,.58389644
3207,
3208,
3209,
3212,.98426278
3215,1.3846291
3216,.58389644
3217,
3219,.8841712
3220,.08343851
3222,.8841712
3224,-.01665307
3226,.58389644
3231,.58389644
3234,-2.6190343
3244,1.4847207
3245,
3246,-.41314281
3247,.58389644
3253,.98426278
3256,.62411001
3258,.58389644
3259,.08343851
3260,-1.901386
3262,
3263,.9422665
3266,.8841712
3269,-2.0994749
3270,-.09262018
3271,.78407961
3273,1.4847207
3274,.08343851
3275,
3281,1.2845375
3283,1.0843544
3285,-.21683624
3286,
3287,.58389644
3289,-.55902977
3290,-.41701942
3293,.48380486
3294,
3299,-1.1176605
3300,.19375216
3301,
3304,
3305,-.79430976
3309,
3310,-.01665307
3311,1.2845375
3314,
3315,.05146116
3321,.1835301
3322,-.517111
3325,.58389644
3327,
3328,.38371327
3330,
3332,.58389644
3333,.78407961
3335,.19375216
3336,
3338,
3340,-.24923779
3341,.98426278
3343,-.71729417
3344,-.31692783
3347,1.123534
3350,-.01665307
3351,.58389644
3352,-.517111
3354,.98426278
3356,
3359,
3362,
3366,.9422665
3367,-1.2265954
3369,1.4847207
3370,.48380486
3372,.98426278
3373,.58389644
3374,1.0339321
3378,1.0843544
3379,1.3846291
3382,-1.5541359
3384,-1.7450063
3385,-1.1176605
3386,.48380486
3387,.08343851
3388,.8841712
3389,-.71729417
3390,-.41701942
3392,-2.0994749
3394,
3395,
3396,.98426278
3399,.08343851
3400,-.81738576
3407,-1.901386
3409,-.01665307
3412,
3418,.48380486
3419,-.81738576
3421,
3424,-2.3630368
3425,.19375216
3433,
3434,.78407961
3435,1.4847207
3436,-.55902977
3439,.8841712
3440,-1.901386
3446,.8841712
3447,.08343851
3448,.9422665
3449,.8841712
3450,.58389644
3451,.48380486
3454,1.2845375
3456,1.4181158
3457,1.0843544
3458,.48380486
3459,.98426278
3464,-.517111
3465,.58389644
3466,.58389644
3467,.1835301
3468,.8841712
3469,-.41314281
3471,.78407961
3472,1.0843544
3473,-.31692783
3474,.78407961
3476,1.4847207
3482,.48380486
3485,-.55902977
3486,.38371327
3487,.58389644
3491,
3493,-.24923779
3495,-.81738576
3496,.98426278
3499,-.41701942
3500,.38371327
3502,.1835301
3505,-1.1176605
3508,-.01665307
3509,-1.901386
3511,-.31692783
3513,-.09262018
3514,
3515,.8841712
3516,.58389644
3518,-.79430976
3520,.9422665
3523,1.3846291
3525,
3528,-.81738576
3530,.98426278
3533,.44664966
3538,.98426278
3539,.8841712
3543,-.31692783
3544,1.0843544
3545,.58389644
3546,.38371327
3547,.48380486
3549,1.2845375
3551,.98426278
3554,1.2845375
3556,.8841712
3557,1.3846291
3558,1.2845375
3559,.8841712
3560,.1835301
3563,1.2845375
3564,-.55902977
3565,-1.1839329
3568,.48380486
3569,.1835301
3570,-.41314281
3571,-1.7450063
3572,
3573,.44664966
3574,1.2845375
3580,-.41701942
3582,.58389644
3584,.78407961
3587,1.0339321
3589,.9422665
3591,-.01665307
3592,.44664966
3599,.8841712
3602,-1.1176605
3603,-.21683624
3605,.78407961
3606,.78407961
3609,-.71729417
3610,
3616,.58389644
3618,
3620,-.01665307
3621,
3622,
3623,.78407961
3625,1.4181158
3626,.48380486
3629,
3630,.58389644
3632,.1835301
3635,-1.901386
3636,.48380486
3640,.48380486
3642,.58389644
3643,.8841712
3645,.48380486
3646,.8841712
3647,.48380486
3649,-1.5541359
3650,
3651,
3652,
3653,-2.6190343
3654,
3656,-.01665307
3657,
3658,
3659,
3660,.19375216
3663,1.0339321
3664,.44664966
3665,-1.1176605
3666,.08343851
3668,
3669,
3671,
3672,
3674,
3675,
3676,
3679,.62411001
3680,
3683,-.01665307
3684,-.71729417
3685,
3686,
3687,-.71729417
3690,-.41701942
3692,-.09262018
3693,.78407961
3695,-1.4723601
3698,
3701,-1.1176605
3702,
3706,.58389644
3707,-.8972058
3709,-.517111
3714,.1835301
3715,-2.3630368
3719,-1.5541359
3721,
3723,.48380486
3724,
3725,.8841712
3728,.1835301
3731,1.3846291
3732,-1.7450063
3733,-2.0994749
3734,-1.3178437
3737,-.55902977
3738,.78407961
3743,
3746,.58389644
3749,.38371327
3750,-1.3178437
3755,-1.6460185
3757,
3759,-.01665307
3760,-.79430976
3762,1.2845375
3763,-1.7450063
3768,1.3846291
3769,1.0843544
3770,1.4847207
3772,.78407961
3773,.8841712
3777,.48380486
3780,-.01665307
3781,.9422665
3783,-.55902977
3785,.78407961
3787,1.0339321
3788,.8841712
3790,-.71729417
3792,-.09262018
3793,-.97592507
3794,
3795,.08343851
3796,.08343851
3797,-2.3630368
3800,.78407961
3802,.58389644
3805,.58389644
3808,-.81738576
3809,1.2845375
3811,.48380486
3813,
3814,.48380486
3816,.8841712
3817,
3826,
3827,-.71729417
3829,.1835301
3831,-1.7450063
3834,
3835,
3836,
3839,-.41701942
3840,-2.6190343
3844,-1.1839329
3845,-.71729417
3848,.08343851
3849,.58389644
3850,1.2845375
3851,.98426278
3852,1.4847207
3854,.05146116
3857,-1.901386
3858,
3859,-1.901386
3860,-.01665307
3863,-.517111
3871,-1.1176605
3872,-1.1839329
3876,-.79430976
3877,
3878,.78407961
3880,
3881,.58389644
3882,.98426278
3884,.58389644
3886,-1.1176605
3888,.98426278
3889,
3892,-.71729417
3893,
3895,.8841712
3896,1.0843544
3898,
3902,.48380486
3903,.58389644
3904,.48380486
3908,.8841712
3910,
3914,
3915,.08343851
3917,-1.7450063
3918,-2.6190343
3921,-2.0994749
3923,-1.4723601
3929,-.81738576
3931,
3936,-.21683624
3938,.48380486
3942,
3944,1.4847207
3946,
3947,.38371327
3949,-1.4723601
3950,
3951,.98426278
3953,.1835301
3956,.05146116
3957,-.31692783
3958,-.31692783
3959,.48380486
3960,.48380486
3961,1.3846291
3962,.48380486
3967,.87216032
3969,
3974,-.41701942
3980,.8841712
3981,-.41701942
3986,
3987,.38371327
3988,.1835301
3991,.38371327
3993,.38371327
3994,.98426278
3995,-2.6190343
3996,-.24923779
3997,-1.4723601
3998,.48380486
4001,
4002,.78407961
4003,1.4181158
4004,.9422665
4005,.38371327
4006,-.01665307
4007,
4008,.58389644
4009,-.31692783
4011,1.123534
4013,1.0339321
4014,.8841712
4016,1.3846291
4021,-.79430976
4025,-1.2265954
4029,.48380486
4030,.48380486
4031,.8841712
4033,.78407961
4037,.48380486
4038,1.0843544
4041,1.2845375
4043,-.55902977
4044,-.41701942
4045,
4048,-2.6190343
4050,1.2845375
4051,-1.2265954
4054,.8841712
4056,
4057,.62411001
4059,.38371327
4063,.98426278
4064,.8841712
4065,.98426278
4066,-1.7450063
4068,
4070,1.3846291
4072,.8841712
4073,.8841712
4077,-2.3630368
4079,-1.2265954
4080,.08343851
4084,.48380486
4085,
4086,
4087,.8841712
4095,
4096,
4097,.78407961
4100,.48380486
4101,1.4847207
4106,-2.3630368
4107,
4108,.8841712
4109,.9422665
4110,-.517111
4112,.08343851
4113,1.3846291
4119,-2.0994749
4120,.58389644
4121,-.49921399
4123,-.41314281
4125,.38371327
4126,.58389644
4128,.1835301
4129,.8841712
4131,1.0339321
4133,-.21683624
4134,.1835301
4139,1.2845375
4142,1.0843544
4144,.78407961
4149,1.0843544
4150,.78407961
4152,.78407961
4153,.48380486
4154,
4155,
4156,-.81738576
4158,1.4847207
4160,1.4847207
4161,1.0843544
4162,.58389644
4165,.98426278
4166,-.21683624
4168,-.71729417
4171,-1.2265954
4172,-1.7450063
4173,-1.4723601
4176,-1.2265954
4179,-.41314281
4180,.08343851
4181,.62411001
4184,-2.6190343
4187,.38371327
4188,.58389644
4189,
4190,-.41314281
4192,-.21683624
4193,.98426278
4196,-.79430976
4198,.9422665
4199,1.4181158
4202,1.0339321
4204,.58389644
4205,-.79430976
4208,1.2845375
4209,-2.0994749
4211,.48380486
4214,.98426278
4217,.98426278
4221,.78407961
4222,
4225,
4226,
4228,
4230,
4232,
4233,
4237,-.01665307
4239,.78407961
4240,.44664966
4243,
4244,
4245,-1.5541359
4247,-.517111
4251,-1.6460185
4252,.48380486
4256,1.3846291
4258,-2.0994749
4259,.8841712
4261,-2.3630368
4263,.58389644
4265,1.2845375
4266,1.4847207
4267,.87216032
4268,-.49921399
4269,.38371327
4270,-.24923779
4274,-.01665307
4275,-.41701942
4277,1.0339321
4278,.98426278
4279,.78407961
4280,-.8972058
4284,-1.7450063
4285,-1.7450063
4286,.87216032
4288,.98426278
4289,
4291,.78407961
4292,
4294,.78407961
4295,1.0843544
4296,1.0843544
4299,.87216032
4300,1.2845375
4302,
4305,.58389644
4307,-.8972058
4310,-2.3630368
4311,-1.1176605
4312,.08343851
4313,-.41701942
4317,-1.6460185
4320,.1835301
4321,-2.6190343
4322,.05146116
4323,
4326,-.71729417
4328,.1835301
4329,-.71729417
4331,.58389644
4332,.08343851
4334,-1.3178437
4337,-1.901386
4339,-1.7450063
4341,-.01665307
4342,-2.0994749
4344,-.09262018
4347,.8841712
4349,.98426278
4352,.1835301
4354,-1.6460185
4356,-1.5541359
4359,.98426278
4360,
4362,-.517111
4363,.38371327
4364,.48380486
4374,-.41701942
4378,.19375216
4379,.58389644
4381,.58389644
4383,.48380486
4385,-.79430976
4386,-1.901386
4387,.08343851
4389,-.01665307
4390,-2.6190343
4396,.48380486
4397,.38371327
4401,-1.3178437
4402,.38371327
4403,-1.1176605
4405,.78407961
4407,.78407961
4411,.48380486
4413,1.0843544
4415,-1.5541359
4416,.08343851
4420,
4421,
4422,
4424,-1.2265954
4425,-2.3630368
4426,-.49921399
4432,.1835301
4436,.9422665
4437,.48380486
4440,
4441,1.123534
4444,.87216032
4445,.8841712
4446,.48380486
4448,.9422665
4450,1.4847207
4451,.8841712
4453,-.24923779
4454,-2.6190343
4455,.9422665
4456,1.123534
4457,.78407961
4458,1.4847207
4460,.98426278
4463,-.21683624
4464,-.31692783
4466,-1.1839329
4468,.78407961
4472,.58389644
4475,.08343851
4477,.8841712
4479,.58389644
4481,.58389644
4482,.1835301
4483,-.31692783
4484,-.55902977
4485,
4486,
4489,-2.3630368
4491,-.81738576
4492,-.31692783
4494,-2.6190343
4497,-.31692783
4498,-.24923779
4500,.38371327
4502,-2.6190343
4503,-.21683624
4505,
4506,.44664966
4507,.98426278
4509,
4511,.98426278
4513,.48380486
4514,.78407961
4515,.58389644
4516,.38371327
4518,
4519,-.31692783
4520,.19375216
4522,1.0843544
4525,1.4847207
4526,.1835301
4527,.08343851
4528,.78407961
4530,-1.7450063
4533,1.4847207
4535,.44664966
4537,1.123534
4540,1.2845375
4543,-.49921399
4544,.48380486
4545,-1.1176605
4546,.1835301
4547,.8841712
4551,-.21683624
4555,-.55902977
4562,-.49921399
4564,1.4847207
4567,.78407961
4569,-.21683624
4570,-.41701942
4571,.08343851
4572,
4573,.48380486
4574,.58389644
4576,
4577,
4580,.98426278
4582,.48380486
4585,
4586,.38371327
4587,.38371327
4589,-1.7450063
4591,1.0843544
4592,.98426278
4596,.58389644
4600,.78407961
4602,-1.1176605
4604,
4606,.48380486
4609,.8841712
4613,.38371327
4614,.1835301
4615,.8841712
4616,
4617,.58389644
4622,.19375216
4623,-.21683624
4624,-2.6190343
4625,-1.1839329
4627,-2.6190343
4629,1.4847207
4631,.8841712
4632,.48380486
4636,.98426278
4637,
4638,-.21683624
4639,-1.5541359
4640,.08343851
4641,-.41314281
4642,.58389644
4643,1.4847207
4644,1.3846291
4645,1.2845375
4646,
4653,-1.5541359
4654,.1835301
4659,.48380486
4660,.98426278
4661,-.517111
4663,.48380486
4665,
4666,.38371327
4668,.38371327
4669,.38371327
4679,1.0843544
4680,.08343851
4681,-.79430976
4682,-.71729417
4690,.1835301
4691,.1835301
4692,
4693,.58389644
4701,-2.6190343
4702,.38371327
4703,.98426278
4705,
4709,-.41701942
4710,1.3846291
4712,-2.6190343
4713,-1.5541359
4717,-1.901386
4724,.78407961
4727,-.81738576
4731,.98426278
4734,-2.3630368
4735,
4736,.58389644
4737,-.81738576
4740,.05146116
4743,.1835301
4744,-2.3630368
4745,.1835301
4746,-.31692783
4749,1.123534
4750,1.0843544
4751,.38371327
4752,-.31692783
4759,.98426278
4762,.62411001
4763,.98426278
4764,
4765,-.31692783
4766,
4769,
4774,-1.3178437
4776,.1835301
4780,
4781,-2.6190343
4782,
4787,-.41701942
4788,1.2845375
4790,1.3846291
4791,
4793,
4794,
4798,-.71729417
4799,1.4181158
4800,.78407961
4803,1.0843544
4805,.38371327
4808,
4810,.38371327
4813,.8841712
4814,1.0843544
4817,1.2845375
4818,.98426278
4819,.58389644
4820,.98426278
4824,.58389644
4826,1.3846291
4827,-.49921399
4830,1.2845375
4831,
4832,1.0843544
4833,1.4847207
4835,-.01665307
4836,.8841712
4839,.78407961
4840,-.24923779
4844,-1.5541359
4845,.62411001
4847,.78407961
4848,.48380486
4849,.48380486
4851,.58389644
4853,.78407961
4861,-.21683624
4863,.8841712
4864,.48380486
4866,.38371327
4869,-1.1839329
4870,.8841712
4872,.78407961
4874,-2.6190343
4883,-.81738576
4884,-.09262018
4886,.98426278
4887,.38371327
4889,.78407961
4890,.58389644
4891,
4892,-1.7450063
4894,.98426278
4896,-.97592507
4897,.58389644
4900,.8841712
4902,-.31692783
4906,1.0339321
4907,.78407961
4908,.48380486
4909,.8841712
4910,-2.3630368
4911,.98426278
4912,.38371327
4913,.78407961
4914,
4916,.87216032
4918,1.0339321
4919,.78407961
4920,.19375216
4921,1.0843544
4922,.38371327
4927,.8841712
4928,.38371327
4929,
4930,
4931,-.31692783
4932,.98426278
4934,.8841712
4936,-2.6190343
4937,.48380486
4939,.19375216
4940,-.55902977
4942,.48380486
4943,.05146116
4945,
4946,.08343851
4947,1.2845375
4948,.48380486
4950,-2.3630368
4951,
4953,.48380486
4954,.48380486
4957,
4965,-1.1176605
4970,-.8972058
4971,.78407961
4972,.78407961
4975,-2.3630368
4977,-1.1176605
4980,
4981,.1835301
4983,.58389644
4984,.08343851
4986,.58389644
4987,1.0843544
4989,
4992,.78407961
4997,.19375216
5000,
5002,
5004,
5006,
5010,.8841712
5012,1.2845375
5013,1.4847207
5014,1.2845375
5019,.8841712
5020,1.0843544
5023,1.2845375
5026,1.0843544
5028,.58389644
5029,.05146116
5030,1.3846291
5031,.98426278
5033,-1.7450063
5034,
5036,
5037,
5038,1.3846291
5041,.38371327
5042,1.4181158
5044,
5045,1.4847207
5047,-.55902977
5050,
5052,-.31692783
5053,.9422665
5055,-.8972058
5056,
5058,
5059,
5061,
5062,
5063,
5064,
5065,
5066,
5067,
5070,-1.7450063
5071,-.81738576
5074,
5076,
5077,.78407961
5080,.1835301
5081,.08343851
5084,.58389644
5088,.62411001
5090,.58389644
5093,-2.3630368
5094,.48380486
5100,.58389644
5102,-.31692783
5103,
5105,.38371327
5106,-.71729417
5107,
5108,.98426278
5109,.58389644
5110,.48380486
5112,.1835301
5116,-.24923779
5117,.78407961
5119,
5120,.58389644
5121,
5122,-1.4723601
5124,-.31692783
5127,-.01665307
5132,.48380486
5133,-.01665307
5134,-2.0994749
5135,-.41314281
5136,-.01665307
5139,-.71729417
5142,1.0843544
5144,.44664966
5145,-.21683624
5147,
5148,
5150,.98426278
5153,.19375216
5155,1.0843544
5156,.98426278
5157,.48380486
5159,.48380486
5161,-.55902977
5162,1.2845375
5164,-.79430976
5165,1.2845375
5166,.48380486
5170,.38371327
5172,.78407961
5174,1.4847207
5178,.48380486
5180,.58389644
5181,.1835301
5183,1.3846291
5184,.87216032
5188,.8841712
5191,.58389644
5197,1.123534
5199,
5201,.48380486
5209,.8841712
5211,1.3846291
5213,-1.1176605
5214,.08343851
5218,-2.0994749
5220,-.41701942
5222,.38371327
5223,-.01665307
5224,.58389644
5226,
5229,.48380486
5231,-.81738576
5234,.48380486
5235,
5238,.9422665
5240,-.01665307
5244,.58389644
5245,-.24923779
5246,.8841712
5248,-.31692783
5249,.78407961
5250,.48380486
5252,.44664966
5254,
5255,
5258,.48380486
5259,.98426278
5260,-.01665307
5262,.9422665
5266,
5268,-.01665307
5271,.38371327
5273,.38371327
5275,
5277,
5278,.78407961
5279,.78407961
5282,-.31692783
5283,-.31692783
5284,-.8972058
5286,-.517111
5287,-.24923779
5288,-1.6460185
5292,
5301,-.31692783
5305,
5306,.62411001
5308,.38371327
5309,1.0843544
5312,1.2845375
5313,-.71729417
5314,-.8972058
5316,-1.1839329
5321,1.3846291
5322,.58389644
5323,-1.1839329
5325,
5327,-1.3178437
5329,-.81738576
5330,1.2845375
5331,
5332,.8841712
5336,.1835301
5337,.1835301
5339,.1835301
5341,.78407961
5342,1.2845375
5345,1.2845375
5347,.98426278
5348,.78407961
5349,.05146116
5350,-.49921399
5352,.48380486
5353,.8841712
5354,.58389644
5355,.58389644
5356,.9422665
5357,.58389644
5360,.48380486
5362,1.3846291
5363,.58389644
5364,-1.6460185
5366,.08343851
5368,.08343851
5370,
5371,
5373,
5374,
5375,-.41701942
5376,-2.0994749
5377,.19375216
5379,.78407961
5380,.98426278
5383,.58389644
5384,-1.1839329
5385,.98426278
5391,.62411001
5393,.08343851
5395,
5396,-1.7450063
5400,.78407961
5406,.58389644
5407,.78407961
5408,1.2845375
5409,.78407961
5415,.08343851
5417,
5420,-.79430976
5423,.58389644
5426,.58389644
5427,.08343851
5428,.8841712
5429,.38371327
5431,.48380486
5433,.78407961
5434,
5435,
5436,.38371327
5437,.98426278
5438,1.2845375
5439,.38371327
5440,.78407961
5441,-1.901386
5442,.48380486
5443,
5445,.78407961
5447,.58389644
5449,
5450,.38371327
5453,-.21683624
5455,-1.5541359
5458,-1.3178437
5459,.58389644
5461,-1.901386
5462,-1.7450063
5464,1.0843544
5471,.08343851
5474,1.4847207
5481,.58389644
5483,-.41314281
5484,.08343851
5486,
5488,-.09262018
5491,1.0339321
5492,.8841712
5494,-1.1176605
5497,.8841712
5499,.08343851
5500,.1835301
5502,-1.901386
5509,.38371327
5510,-.24923779
5511,-.01665307
5512,1.123534
5515,-.55902977
5516,.58389644
5517,.58389644
5518,-2.6190343
5519,.78407961
5520,1.2845375
5521,-1.3178437
5522,.78407961
5523,1.0843544
5524,.44664966
5525,.78407961
5529,-.41314281
5532,.78407961
5533,.58389644
5536,.8841712
5537,.78407961
5538,-.517111
5539,-.31692783
5541,.98426278
5542,.98426278
5545,.19375216
5546,.8841712
5547,.38371327
5549,-1.2265954
5550,.05146116
5552,1.0843544
5553,.78407961
5554,-.01665307
5555,.78407961
5556,.48380486
5557,.1835301
5561,.19375216
5566,.08343851
5568,-.517111
5569,.58389644
5574,-.8972058
5577,-.21683624
5579,-.01665307
5581,.78407961
5582,
5586,-1.4723601
5588,
5591,-.517111
5592,-2.3630368
5593,-2.6190343
5595,.58389644
5596,-.8972058
5598,-2.0994749
5599,-1.901386
5600,.48380486
5602,.1835301
5604,-.31692783
5605,
5607,.48380486
5609,-.8972058
5611,-1.5541359
5612,-.71729417
5614,.58389644
5617,
5619,.78407961
5626,-.41701942
5627,
5629,.38371327
5630,.8841712
5631,-.21683624
5635,-1.3178437
5636,-.41314281
5639,.58389644
5640,-.01665307
5643,
5650,
5651,.1835301
5652,.8841712
5654,
5657,.19375216
5658,
5660,-.71729417
5666,
5669,.98426278
5670,1.0843544
5671,.8841712
5673,
5675,
5676,
5678,
5680,.78407961
5682,
5687,-.41701942
5689,.58389644
5692,-2.3630368
5693,-2.6190343
5696,-.24923779
5698,-1.2265954
5699,-.21683624
5701,.38371327
5703,-1.1176605
5704,-.71729417
5709,-1.1176605
5713,1.2845375
5715,-.41314281
5716,-.41701942
5721,-2.0994749
5723,
5724,.48380486
5726,-2.0994749
5729,-1.901386
5730,-2.3630368
5731,-.71729417
5734,-2.0994749
5736,-.81738576
5737,-.31692783
5742,-1.2265954
5743,.58389644
5744,.48380486
5746,.38371327
5747,
5749,-.24923779
5750,
5751,.1835301
5754,
5755,-2.6190343
5756,
5758,
5759,.05146116
5760,
5765,-.79430976
5766,-.97592507
5769,.58389644
5771,.58389644
5774,
5776,-.41314281
5777,.98426278
5779,
5780,
5781,-1.2265954
5782,-1.901386
5784,
5786,-1.901386
5789,-1.7450063
5790,.8841712
5791,-2.6190343
5793,.8841712
5794,.38371327
5795,
5798,.9422665
5802,1.123534
5804,-1.901386
5805,
5806,-1.2265954
5809,-.21683624
5813,
5815,-2.6190343
5816,-.97592507
5817,-2.0994749
5821,-2.0994749
5823,-.49921399
5825,
5828,.08343851
5829,
5831,-2.0994749
5833,-2.0994749
5835,-2.3630368
5837,-.79430976
5838,.98426278
5841,-1.5541359
5842,.87216032
5847,-2.6190343
5848,
5849,-.79430976
5850,-2.6190343
5852,-1.5541359
5857,
5861,1.2845375
5862,-1.1839329
5866,.1835301
5867,.58389644
5868,.48380486
5869,-1.901386
5872,
5874,-.31692783
5876,
5882,
5883,.78407961
5887,
5894,-.41701942
5896,-.79430976
5899,.38371327
5903,
5906,.1835301
5907,.08343851
5908,-.01665307
5913,
5918,
5920,-2.0994749
5921,
5922,-.21683624
5923,-1.3178437
5924,.48380486
5926,
5927,.08343851
5931,-.31692783
5932,
5935,.08343851
5936,-1.3178437
5940,
5941,.98426278
5947,1.4181158
5948,.38371327
5950,.78407961
5952,-.8972058
5953,-.41701942
5954,.08343851
5956,
5959,-.21683624
5961,-1.4723601
5962,-.71729417
5963,.1835301
5964,.38371327
5967,
5969,.38371327
5970,-2.6190343
5976,
5977,.62411001
5982,-.517111
5983,-.21683624
5984,-.71729417
5986,-.8972058
5989,.1835301
5990,.38371327
5995,-1.6460185
5997,-2.6190343
5998,.08343851
5999,-.55902977
6000,1.2845375
6001,.48380486
6002,1.4847207
6003,.98426278
6004,.78407961
6009,-2.3630368
6011,-2.6190343
6015,-2.6190343
6017,-2.3630368
6018,-.79430976
6020,-1.901386
6021,1.2845375
6022,-.21683624
6023,1.4847207
6025,-1.1839329
6026,-.41701942
6031,
6037,.48380486
6038,.8841712
6040,-1.901386
6041,-2.3630368
6042,.08343851
6045,
6046,-1.7450063
6049,.48380486
6050,
6052,
6054,-1.1176605
6059,-.31692783
6060,-.31692783
6061,-.41314281
6062,-.517111
6064,-.8972058
6066,
6068,.48380486
6069,-.21683624
6070,-1.901386
6072,
6073,.38371327
6074,.58389644
6075,.48380486
6078,1.2845375
6082,.87216032
6083,-1.4723601
6084,
6085,-.09262018
6088,.78407961
6089,-1.6460185
6091,-.31692783
6094,
6096,.08343851
6097,.58389644
6098,.1835301
6100,
6101,
6103,
6104,
6106,-.8972058
6108,.8841712
6111,-.71729417
6113,.58389644
6116,.08343851
6118,-1.1839329
6119,-.97592507
6120,-.24923779
6121,-.31692783
6123,-.49921399
6125,-2.6190343
6129,
6130,
6131,
6133,-.41314281
6134,1.2845375
6143,-.81738576
6145,
6149,-.517111
6151,1.0843544
6153,-.31692783
6154,
6158,.8841712
6163,-2.3630368
6165,-.81738576
6172,
6174,.48380486
6176,
6181,1.2845375
6182,-.01665307
6184,-.81738576
6185,-.55902977
6187,.1835301
6191,1.4181158
6192,1.0843544
6193,.98426278
6195,.08343851
6196,-1.2265954
6200,1.123534
6204,.98426278
6205,-.8972058
6206,-.21683624
6207,-.55902977
6210,.78407961
6213,.48380486
6214,.48380486
6215,.78407961
6216,-2.6190343
6218,-1.3178437
6219,-1.2265954
6220,-.41701942
6222,
6223,.8841712
6224,.19375216
6229,.08343851
6230,.58389644
6231,-.41701942
6234,.8841712
6236,-.09262018
6237,.9422665
6238,.87216032
6240,1.0843544
6245,1.2845375
6247,-.41314281
6248,1.2845375
6250,1.0339321
6251,-.09262018
6252,.98426278
6254,-1.2265954
6256,.8841712
6257,.38371327
6261,1.123534
6263,1.123534
6264,
6267,
6272,.78407961
6273,
6274,.48380486
6276,-.55902977
6282,-1.6460185
6283,-.49921399
6285,
6286,.08343851
6288,
6292,-.21683624
6293,.38371327
6296,-.49921399
6297,-.79430976
6298,-.55902977
6302,-.24923779
6303,1.123534
6307,
6309,.98426278
6311,.98426278
6314,.48380486
6316,.98426278
6317,.38371327
6318,1.3846291
6320,-.31692783
6321,.19375216
6324,1.0843544
6325,.08343851
6326,.1835301
6327,.87216032
6331,.38371327
6332,.78407961
6334,
6337,
6338,-.09262018
6340,1.2845375
6342,
6343,
6344,.44664966
6347,.78407961
6348,.98426278
6352,.62411001
6353,-.41314281
6354,1.0843544
6357,.1835301
6361,.58389644
6362,.78407961
6363,
6364,-1.1839329
6366,-.71729417
6371,
6377,-.97592507
6381,.78407961
6383,.98426278
6384,1.2845375
6385,.78407961
6387,-.8972058
6388,-1.901386
6389,.8841712
6391,.08343851
6392,.58389644
6393,.58389644
6396,-.24923779
6397,.87216032
6398,
6402,-.8972058
6403,.78407961
6404,
6405,.58389644
6406,.08343851
6409,1.0843544
6410,.48380486
6411,-.71729417
6412,.8841712
6415,.8841712
6416,.78407961
6417,
6423,1.4847207
6425,.48380486
6430,-.81738576
6432,.58389644
6433,.78407961
6434,.1835301
6435,.8841712
6438,.8841712
6439,1.2845375
6441,.8841712
6442,1.123534
6443,.78407961
6445,-1.1839329
6446,
6449,.78407961
6450,
6452,
6453,.58389644
6454,.98426278
6455,.38371327
6459,
6460,-.71729417
6461,-.55902977
6462,-.71729417
6464,-2.3630368
6466,-1.3178437
6471,.8841712
6472,.1835301
6476,.8841712
6478,1.123534
6479,1.3846291
6480,-1.5541359
6481,.48380486
6485,.1835301
6486,.58389644
6488,.8841712
6494,.48380486
6495,.78407961
6496,.38371327
6497,-1.4723601
6502,.08343851
6503,1.2845375
6504,.58389644
6505,
6507,
6510,1.4847207
6512,.58389644
6517,-.01665307
6522,.1835301
6525,-.21683624
6526,
6529,.62411001
6530,-1.7450063
6531,-.41314281
6532,
6533,.48380486
6534,.48380486
6537,.58389644
6538,1.4847207
6539,.78407961
6543,-2.0994749
6545,
6547,.58389644
6551,.58389644
6552,.8841712
6553,.78407961
6554,-.01665307
6555,.78407961
6556,1.2845375
6559,.1835301
6562,.58389644
6563,.58389644
6565,1.2845375
6569,-.21683624
6570,-1.4723601
6571,.48380486
6576,-2.6190343
6577,.58389644
6578,.8841712
6583,-1.3178437
6585,-1.3178437
6587,-1.2265954
6593,-2.6190343
6595,
6596,-2.0994749
6597,
6600,
6602,
6604,-.01665307
6606,-1.4723601
6607,-.01665307
6608,-.81738576
6609,-1.1176605
6610,
6611,
6612,
6613,
6614,
6619,
6620,-.21683624
6621,-.01665307
6622,-1.7450063
6623,
6625,
6630,
6634,.08343851
6637,
6640,
6641,
6642,-.24923779
6643,-.55902977
6644,-.8972058
6647,-.97592507
6654,
6655,-1.2265954
6656,-1.901386
6657,
6658,
6661,
6662,
6664,1.2845375
6668,
6669,
6670,
6672,
6674,-2.3630368
6675,
6676,-.55902977
6677,
6679,
6680,.78407961
6681,-.79430976
6683,.58389644
6684,
6685,
6686,
6690,
6693,
6694,
6695,
6697,
6699,
6701,-1.2265954
6702,.62411001
6703,
6704,
6705,
6708,
6709,-1.4723601
6710,.8841712
6715,
6717,
6719,
6720,
6723,
6724,
6726,
6728,-1.6460185
6729,.08343851
6732,
6733,
6734,.58389644
6738,1.4181158
6739,
6740,-2.0994749
6742,.48380486
6743,
6744,-.8972058
6745,.78407961
6747,.48380486
6755,
6758,-.8972058
6759,.8841712
6761,-2.3630368
6762,-.71729417
6764,
6767,-.517111
6768,-1.4723601
6770,.44664966
6772,-1.3178437
6773,.05146116
6778,-.71729417
6779,-.21683624
6780,-1.3178437
6783,-1.5541359
6784,-2.0994749
6787,-2.0994749
6789,-1.1839329
6790,-2.0994749
6792,-.01665307
6796,-2.3630368
6797,-.71729417
6798,.78407961
6800,
6802,
6804,-1.1176605
6806,-.31692783
6812,-.71729417
6814,
6816,-.49921399
6819,-1.1176605
6824,.78407961
6826,.44664966
6827,-.8972058
6828,.58389644
6830,
6833,
6836,
6837,
6841,-.21683624
6843,
6844,-2.3630368
6845,-1.7450063
6846,-.49921399
6847,-1.3178437
6848,
6850,-1.2265954
6853,
6854,
6856,-2.3630368
6859,.58389644
6860,.48380486
6861,.48380486
6862,.58389644
6863,-.97592507
6865,1.2845375
6867,-.21683624
6870,-1.901386
6871,-.8972058
6872,-1.5541359
6873,-1.6460185
6875,-2.6190343
6876,-.71729417
6877,
6878,
6879,-.31692783
6886,.38371327
6887,.1835301
6888,.48380486
6892,
6894,-.24923779
6899,.38371327
6901,.38371327
6904,-.517111
6907,
6910,-.49921399
6911,.38371327
6912,-.71729417
6915,-.41701942
6918,-2.6190343
6922,-1.3178437
6926,
6927,
6928,-.97592507
6929,-1.901386
6932,
6934,-.97592507
6939,.38371327
6940,.1835301
6941,.58389644
6942,-.21683624
6943,.38371327
6950,-.81738576
6954,1.0843544
6957,-1.7450063
6958,
6959,
6960,
6961,.78407961
6963,
6966,.08343851
6968,
6969,-1.901386
6970,
6973,-.21683624
6974,-.01665307
6975,.48380486
6977,.08343851
6979,
6982,-1.6460185
6983,
6984,
6988,.98426278
6990,-2.3630368
6992,-.8972058
6993,.48380486
6994,-1.1176605
6995,-.41701942
6997,-2.0994749
6999,
7001,
7002,.1835301
7005,
7008,
7009,-.41314281
7015,-2.3630368
7016,-2.3630368
7019,-.71729417
7020,
7022,-.71729417
7023,-2.3630368
7025,
7027,-.79430976
7028,-1.1176605
7029,-2.0994749
7030,-.24923779
7031,-.8972058
7033,
7039,-.31692783
7040,-1.4723601
7043,.58389644
7044,.78407961
7045,
7046,.58389644
7047,-.49921399
7049,-2.0994749
7051,.1835301
7052,.44664966
7055,.44664966
7056,.78407961
7061,.78407961
7062,.8841712
7065,-1.3178437
7067,-2.6190343
7068,-.71729417
7071,
7074,-.71729417
7076,-.71729417
7077,-1.6460185
7078,.08343851
7080,.58389644
7085,-.79430976
7087,
7092,-.01665307
7093,
7095,.44664966
7097,.08343851
7100,
7101,.38371327
7102,-1.3178437
7103,.38371327
7104,
7108,.58389644
7109,-1.4723601
7113,-1.1839329
7114,-.49921399
7115,-1.2265954
7116,-.49921399
7119,
7126,-1.1839329
7127,-.71729417
7128,-1.5541359
7129,
7130,
7131,
7134,-.8972058
7135,.78407961
7138,-.41314281
7141,-1.5541359
7143,.05146116
7146,-1.6460185
7149,-.21683624
7150,-.41701942
7153,-.21683624
7155,1.2845375
7156,
7157,
7159,-.71729417
7160,
7163,1.0843544
7165,
7167,-.97592507
7168,.08343851
7170,.1835301
7171,-.8972058
7174,.8841712
7179,-1.1176605
7181,
7184,.8841712
7186,.48380486
7190,-.21683624
7191,.1835301
7193,.58389644
7195,-.31692783
7196,-.71729417
7197,.8841712
7201,-.21683624
7202,-1.4723601
7203,
7205,
7206,.98426278
7207,
7209,-.09262018
7210,.05146116
7212,
7214,
7216,
7219,-.01665307
7220,.48380486
7221,
7222,.19375216
7223,.38371327
7224,-.24923779
7225,.48380486
7227,-.55902977
7228,
7229,-1.2265954
7231,
7233,-2.6190343
7234,-2.3630368
7238,
7239,
7242,-.8972058
7245,
7246,-.09262018
7247,-1.7450063
7248,-2.3630368
7249,-1.6460185
7250,
7251,-.71729417
7252,.48380486
7253,
7254,.05146116
7255,.38371327
7256,
7257,.44664966
7259,-1.1839329
7260,-1.4723601
7261,-.8972058
7265,
7266,-1.901386
7267,-2.6190343
7271,-2.6190343
7272,.1835301
7274,-2.3630368
7276,-.41701942
7277,.08343851
7278,-.97592507
7280,
7282,-2.6190343
7283,-2.6190343
7285,-.31692783
7287,
7288,-1.1839329
7289,.78407961
7290,.58389644
7292,-.71729417
7297,
7298,
7299,
7300,
7307,1.0339321
7308,.48380486
7309,-.21683624
7310,-1.1839329
7311,
7312,
7314,-.55902977
7315,
7316,-2.6190343
7320,
7322,-.71729417
7323,.78407961
7325,-.41701942
7326,
7331,-1.5541359
7332,-.55902977
7334,-.24923779
7335,-.71729417
7336,.48380486
7337,-1.5541359
7338,-.31692783
7339,1.3846291
7342,-.55902977
7343,-.21683624
7345,-.97592507
7346,-.71729417
7347,.05146116
7349,-.31692783
7350,-.517111
7352,-.31692783
7353,-.41701942
7354,-.31692783
7355,.08343851
7356,-.31692783
7358,.38371327
7360,.8841712
7361,-2.0994749
7362,.58389644
7363,-2.6190343
7364,-1.1176605
7369,-1.901386
7372,-.71729417
7375,-.41314281
7376,-1.7450063
7377,-2.6190343
7383,.87216032
7386,-1.1839329
7387,-2.0994749
7389,.38371327
7393,
7394,.98426278
7396,.05146116
7397,-2.3630368
7398,
7402,.05146116
7403,-1.3178437
7405,
7412,-.55902977
7413,
7415,-.41701942
7416,
7417,.98426278
7418,
7421,.48380486
7423,
7424,-.79430976
7425,-2.6190343
7426,-.97592507
7427,.1835301
7428,.05146116
7430,-.8972058
7431,
7433,-1.1176605
7435,.44664966
7436,-1.901386
7439,-1.4723601
7441,.58389644
7442,-.09262018
7447,
7448,-1.4723601
7449,-.71729417
7451,
7453,
7455,-.41701942
7457,-.31692783
7458,-.31692783
7459,-2.0994749
7461,-.31692783
7462,-2.3630368
7463,-.8972058
7464,.19375216
7465,-.97592507
7466,
7471,-.49921399
7472,-1.1176605
7473,-.41314281
7474,.48380486
7475,
7476,-.49921399
7481,-1.1176605
7483,-2.0994749
7484,-.09262018
7485,-.49921399
7488,
7490,
7497,.58389644
7498,-1.1839329
7500,-.21683624
7502,-1.6460185
7503,-.81738576
7505,
7506,.1835301
7507,.08343851
7510,.38371327
7515,.05146116
7516,.78407961
7518,-.71729417
7522,.48380486
7523,.78407961
7524,-2.6190343
7526,
7529,
7532,-.01665307
7537,.1835301
7538,1.2845375
7540,-1.6460185
7542,
7544,
7547,.38371327
7548,-.21683624
7549,-1.2265954
7550,.58389644
7552,.8841712
7553,.98426278
7554,-.71729417
7558,-.21683624
7560,-.41701942
7561,-1.2265954
7562,-1.5541359
7564,.1835301
7565,-.41701942
7566,.38371327
7567,.58389644
7568,.38371327
7569,-1.1176605
7570,.48380486
7572,
7573,
7578,.38371327
7581,.1835301
7583,
7585,-.01665307
7589,.48380486
7594,.8841712
7595,.38371327
7596,-.31692783
7597,.1835301
7599,-1.5541359
7600,.38371327
7602,-1.1839329
7604,.58389644
7607,-.8972058
7615,1.0843544
7620,
7621,.98426278
7624,
7627,-2.3630368
7629,
7630,-2.6190343
7631,-1.901386
7638,
7640,
7641,.98426278
7642,.78407961
7643,-.09262018
7645,-.71729417
7648,-2.6190343
7649,-2.3630368
7651,1.2845375
7656,-.41701942
7658,
7660,-.24923779
7661,-1.901386
7663,
7664,
7667,.98426278
7669,
7670,
7672,
7673,
7674,
7675,-1.5541359
7676,-.41701942
7677,-1.6460185
7678,-.31692783
7680,
7691,
7693,-.31692783
7696,
7699,
7700,
7703,
7704,-.21683624
7706,.78407961
7710,-2.6190343
7712,
7714,
7718,
7721,
7722,.38371327
7723,.78407961
7725,
7726,
7727,-1.7450063
7729,-1.901386
7731,-.01665307
7733,-1.6460185
7735,-.79430976
7737,-2.6190343
7739,-1.2265954
7742,-2.3630368
7744,-1.6460185
7745,-.01665307
7746,-.01665307
7747,-2.6190343
7748,-.31692783
7749,-1.4723601
7750,-2.6190343
7751,-.41314281
7752,-.31692783
7753,
7755,
7757,-1.1839329
7759,-1.1176605
7760,-.41314281
7761,.05146116
7763,-2.0994749
7768,.58389644
7771,.58389644
7772,-.01665307
7775,
7776,
7778,
7779,.1835301
7783,-.81738576
7784,-1.1839329
7785,
7786,
7788,
7789,
7790,.38371327
7791,
7796,-1.901386
7797,-1.7450063
7799,.78407961
7800,.58389644
7802,-.24923779
7803,.1835301
7805,-.517111
7806,.38371327
7807,.48380486
7808,
7810,-1.3178437
7812,
7818,-1.1176605
7820,-.71729417
7821,.19375216
7822,-.79430976
7825,.9422665
7827,
7831,-.41701942
7832,-.41701942
7833,
7834,-.81738576
7835,-1.5541359
7838,
7839,-2.0994749
7845,-.31692783
7847,-1.901386
7848,-1.5541359
7849,.38371327
7850,.87216032
7854,.38371327
7855,.78407961
7859,.08343851
7860,
7861,-.01665307
7862,-.31692783
7864,
7865,.38371327
7866,-1.7450063
7867,
7869,-2.6190343
7875,.08343851
7876,-2.6190343
7879,
7881,-.49921399
7882,
7883,-1.6460185
7884,-.71729417
7885,-2.6190343
7889,-1.5541359
7890,-1.5541359
7891,-1.5541359
7893,-2.3630368
7894,-2.6190343
7897,
7898,-.09262018
7900,-.97592507
7902,-1.5541359
7905,-2.0994749
7910,-2.0994749
7912,-.01665307
7913,
7914,
7915,.48380486
7916,
7917,
7919,-2.6190343
7921,
7928,-1.901386
7929,-.31692783
7930,-.31692783
7933,-1.3178437
7934,-.55902977
7935,-.517111
7936,1.4181158
7940,
7943,
7944,
7948,.58389644
7949,
7952,.44664966
7953,-2.6190343
7955,-1.4723601
7956,-1.3178437
7963,-1.1176605
7965,.08343851
7967,.58389644
7968,-.79430976
7969,
7970,
7971,
7972,.1835301
7973,.05146116
7974,
7975,
7981,-.09262018
7982,
7983,-2.6190343
7984,-2.3630368
7988,-.41701942
7990,
7991,
7993,-1.4723601
7994,-1.1839329
7997,-.41701942
7998,-2.6190343
8001,-.79430976
8002,
8003,-.71729417
8004,-.09262018
8005,
8015,
8016,-2.6190343
8025,1.0843544
8026,-2.6190343
8028,-1.2265954
8029,-2.6190343
8031,-.79430976
8032,.19375216
8034,.9422665
8035,
8036,
8038,.78407961
8040,
8041,
8042,-.81738576
8043,
8045,
8046,-1.2265954
8047,-2.6190343
8049,
8050,-1.901386
8051,.48380486
8052,
8053,-.09262018
8055,-.31692783
8057,-.81738576
8058,
8059,.58389644
8062,-2.6190343
8063,
8065,
8071,.58389644
8072,-.01665307
8073,-1.4723601
8076,
8077,-.01665307
8078,.48380486
8087,.48380486
8088,.05146116
8090,-2.6190343
8094,
8099,-1.2265954
8100,
8101,-1.6460185
8102,.38371327
8104,
8105,-.31692783
8108,.78407961
8109,-.41314281
8110,-1.901386
8124,-1.5541359
8126,
8129,-.01665307
8130,-.31692783
8132,-.31692783
8135,-1.6460185
8136,-.01665307
8137,-.79430976
8138,-.41314281
8142,-.49921399
8145,-2.6190343
8148,.48380486
8149,.48380486
8150,-1.1176605
8151,-.31692783
8152,.98426278
8153,-.21683624
8154,-.01665307
8156,-.41701942
8157,.48380486
8158,-2.0994749
8159,
8160,-.97592507
8161,-.81738576
8162,-1.4723601
8164,-.55902977
8165,-.8972058
8166,-.31692783
8168,.48380486
8169,-.71729417
8171,-.79430976
8172,.1835301
8173,
8174,-2.0994749
8177,.48380486
8179,.98426278
8180,1.2845375
8181,.38371327
8186,.58389644
8187,-.01665307
8190,.78407961
8191,-.01665307
8192,
8193,
8194,.9422665
8196,
8197,.38371327
8198,.48380486
8199,-.517111
8200,.48380486
8206,-1.7450063
8209,-.49921399
8213,-.71729417
8214,1.0843544
8216,-.31692783
8220,-1.1176605
8221,
8222,-.41314281
8223,.98426278
8224,.78407961
8227,-.49921399
8228,-.01665307
8229,-.49921399
8231,
8234,-.71729417
8236,-1.4723601
8238,.8841712
8241,-.31692783
8243,-.71729417
8246,
8247,-2.6190343
8250,.58389644
8252,-1.3178437
8253,.08343851
8260,-.41314281
8261,.48380486
8262,-2.6190343
8263,
8266,-.71729417
8267,-.41701942
8268,-2.6190343
8269,-2.6190343
8270,-2.3630368
8274,
8275,.38371327
8278,-.79430976
8279,-.21683624
8280,.1835301
8282,-.31692783
8284,1.4847207
8285,1.3846291
8287,-.24923779
8291,-2.3630368
8294,.48380486
8295,
8298,-2.3630368
8302,
8305,
8306,-.01665307
8310,-.49921399
8312,.19375216
8313,.05146116
8316,-1.5541359
8317,-.21683624
8321,-.31692783
8322,
8324,.48380486
8326,-.01665307
8328,
8330,-.01665307
8332,-.24923779
8333,-.31692783
8338,.38371327
8339,.8841712
8340,-1.1839329
8344,.05146116
8346,.48380486
8347,.08343851
8348,-1.5541359
8349,-.01665307
8350,-.8972058
8352,-2.0994749
8353,-1.2265954
8354,1.0843544
8355,-.97592507
8359,-.01665307
8360,-2.6190343
8361,-.01665307
8371,.58389644
8375,
8376,.38371327
8379,.08343851
8380,
8381,
8383,-.41701942
8384,-.31692783
8387,-1.2265954
8388,-2.6190343
8389,-1.7450063
8395,.58389644
8398,-.24923779
8399,-.49921399
8404,-.8972058
8407,
8409,
8410,-1.4723601
8412,
8416,-.31692783
8417,-1.901386
8419,-2.6190343
8420,-.71729417
8421,-2.3630368
8423,.48380486
8425,-2.6190343
8426,-.8972058
8428,-.01665307
8429,.1835301
8430,
8432,.48380486
8433,.58389644
8434,.1835301
8436,
8437,
8441,-1.4723601
8442,
8443,
8445,
8446,-1.5541359
8447,-.55902977
8448,
8449,-1.7450063
8452,-1.6460185
8453,.87216032
8454,-1.5541359
8455,.1835301
8457,-.81738576
8460,-.41701942
8462,1.2845375
8463,-1.7450063
8464,-1.2265954
8465,
8466,
8473,-1.5541359
8474,-.31692783
8475,.48380486
8477,-2.6190343
8481,.78407961
8482,-1.3178437
8483,-1.6460185
8484,
8485,
8486,
8487,-.31692783
8488,
8489,-.55902977
8500,.78407961
8501,1.0843544
8503,.08343851
8504,-.21683624
8507,-2.0994749
8511,
8514,-.49921399
8516,
8517,
8518,
8519,-.31692783
8521,.58389644
8523,.08343851
8527,-2.0994749
8528,-1.4723601
8529,.8841712
8530,-.49921399
8533,-2.6190343
8536,-.79430976
8537,-1.3178437
8538,-1.7450063
8539,
8541,
8542,-.41701942
8543,-1.6460185
8544,1.2845375
8547,
8548,-2.0994749
8550,-.79430976
8551,.1835301
8553,-.01665307
8554,
8557,-.41701942
8558,
8559,-.01665307
8560,-.79430976
8563,-.31692783
8565,.58389644
8566,.1835301
8567,.1835301
8568,-.01665307
8570,.58389644
8571,-1.5541359
8572,
8574,-.55902977
8576,
8581,
8585,.48380486
8587,-1.1176605
8591,.08343851
8592,-.81738576
8593,-.8972058
8594,
8595,
8597,.38371327
8598,-.31692783
8599,-1.7450063
8602,.08343851
8604,-2.6190343
8605,-2.0994749
8606,-.21683624
8607,.48380486
8612,.58389644
8613,
8614,.38371327
8615,
8617,-1.901386
8618,.1835301
8619,.48380486
8621,
8623,-.55902977
8625,
8631,-.55902977
8635,
8636,
8637,
8639,-1.3178437
8642,-.31692783
8643,-.09262018
8647,-.41701942
8654,
8655,
8656,-2.3630368
8657,-.79430976
8658,
8660,-1.1839329
8662,
8665,-1.4723601
8666,
8667,-.81738576
8674,-1.1839329
8675,.08343851
8676,.38371327
8677,-.24923779
8683,-1.4723601
8684,.98426278
8686,
8690,.98426278
8691,.08343851
8692,-1.7450063
8694,-.8972058
8702,
8704,
8706,.78407961
8707,-.01665307
8708,-.71729417
8709,.9422665
8710,1.0843544
8714,-.8972058
8718,-2.3630368
8719,-1.1176605
8721,.62411001
8724,-.8972058
8734,
8736,
8738,
8739,.78407961
8741,
8742,
8746,-1.3178437
8747,-.71729417
8750,.8841712
8753,-.31692783
8754,-1.5541359
8755,-1.901386
8756,.38371327
8757,-.55902977
8758,-1.1176605
8759,.38371327
8760,.8841712
8761,-2.6190343
8763,.98426278
8764,1.4181158
8770,-.21683624
8771,-1.4723601
8772,.8841712
8773,.58389644
8776,-1.3178437
8777,
8779,
8783,
8786,-.49921399
8788,-.49921399
8789,.38371327
8794,-.49921399
8795,.78407961
8798,-.79430976
8799,.1835301
8800,-.31692783
8801,-1.1176605
8802,
8803,-.01665307
8804,.1835301
8807,-.41701942
8811,-.01665307
8816,.58389644
8817,
8819,
8820,
8823,-1.901386
8824,.48380486
8825,-.97592507
8828,
8833,
8834,
8835,.58389644
8836,.48380486
8838,.1835301
8839,-.97592507
8841,.08343851
8842,-.97592507
8843,-2.6190343
8846,-.01665307
8847,.58389644
8849,-.55902977
8852,-2.3630368
8854,
8855,-.79430976
8857,
8858,
8862,-.81738576
8864,-.55902977
8868,-.81738576
8869,
8872,
8877,.98426278
8878,.58389644
8879,.1835301
8880,
8885,-.31692783
8886,-2.0994749
8890,
8892,.48380486
8893,.87216032
8895,-1.3178437
8900,.38371327
8901,-.41701942
8903,.08343851
8907,-.81738576
8908,-.31692783
8909,-.24923779
8910,-.21683624
8911,-.31692783
8913,
8914,.19375216
8918,.58389644
8921,-.21683624
8928,.38371327
8930,
8932,.58389644
8933,.8841712
8934,-.21683624
8939,-2.0994749
8940,-.81738576
8942,-2.0994749
8943,-.97592507
8945,
8948,-1.2265954
8949,.9422665
8952,-1.5541359
8955,-1.1176605
8956,.05146116
8957,.44664966
8958,
8959,
8960,.58389644
8963,-.24923779
8965,
8967,
8970,-2.3630368
8971,-1.4723601
8977,
8978,.8841712
8979,.48380486
8982,.78407961
8983,-.01665307
8984,-.81738576
8985,.38371327
8986,1.0843544
8990,-2.6190343
8992,.78407961
8995,-2.3630368
8996,-1.4723601
8999,-.09262018
9000,-1.901386
9005,-.31692783
9006,-.09262018
9007,
9009,.08343851
9010,.48380486
9013,
9017,.48380486
9019,-1.1839329
9020,1.123534
9021,.38371327
