ID,afqt_std
2,.62919856
5,
7,-1.9238268
9,
10,
12,
13,.40536967
14,
16,-.28629877
18,-1.9238268
19,
20,-1.589653
21,-1.589653
22,-1.0540541
24,-1.1371818
26,-1.1371818
27,-.60296953
30,-.09922813
31,.66717817
35,.45840248
39,-1.6724922
42,.52240868
44,-.9491955
46,
51,.60540257
52,-.18041562
57,
58,-1.0024771
60,-2.0814007
62,.62919856
64,-.14415165
65,-1.0540541
66,
67,
68,
70,.28634366
71,
73,
74,
75,
76,-.90776581
79,-.90776581
80,-1.1922705
82,.32010895
83,-1.4071685
85,.75967013
87,.71022426
88,-1.589653
89,.83462245
90,
92,
93,-1.483329
95,-.14415165
96,
97,.71022426
98,.14009368
99,
105,1.1834793
106,.07228985
108,1.002561
113,1.3039933
116,
117,
118,
119,.01043007
120,
121,1.0876962
122,.77634444
123,
124,
126,-.08165227
131,1.5890485
132,1.3881502
133,1.3039933
134,
135,1.5534335
138,.60540257
140,.83462245
143,1.033869
144,.55437416
145,.29985288
146,-1.1922705
150,-1.2604906
152,.24836922
154,1.7702964
155,1.7158564
156,1.0876962
158,.68701991
161,-1.9238268
163,
165,-.05304987
167,
168,-.60296953
172,1.6533566
174,
176,1.2603443
180,1.4719793
184,.98790898
185,-1.1371818
187,1.1138055
190,.83462245
191,.75967013
195,.60540257
196,
199,.58029399
200,
202,-.24030674
206,
209,
210,
212,-.14415165
215,
218,
219,.92698556
220,.75967013
222,.28634366
223,1.1575171
225,.58029399
228,-.90776581
230,.92698556
231,
232,.49354245
233,
237,.49354245
239,
242,.14009368
244,
246,1.1138055
247,1.5534335
249,.28634366
250,-1.0540541
251,.28634366
254,.4300625
256,
257,
258,-.39956837
259,.34923103
260,-.84032833
261,-1.1371818
262,-2.2700163
263,-.24030674
264,-.18041562
265,-.9491955
268,.04793233
275,
277,
278,.4300625
279,
280,
281,.04793233
282,-.43494443
283,.92698556
285,-.54682619
287,-.65082627
294,.66717817
297,-.77780074
299,-.54682619
304,.83462245
308,-.65082627
311,.87261758
314,1.7158564
316,.79402612
318,.07228985
321,.36994846
323,1.1575171
324,
325,-.33147765
328,.74508253
329,.64969307
330,-.50502026
332,1.5078384
336,.24836922
337,.94255232
340,-.50502026
341,.33411669
342,
343,
344,
345,
346,-.65082627
347,
348,
349,
350,
357,
358,
360,
361,
367,.52240868
369,-2.2700163
370,
372,-.50502026
375,1.7158564
376,
378,
380,-.65082627
381,
384,
385,-1.0540541
386,-.09922813
391,
392,1.6533566
393,-.28629877
394,.96628106
395,
396,.64969307
397,
398,
399,.62919856
401,.66717817
404,-.36173408
405,1.002561
408,.60540257
410,-1.6724922
412,-.28629877
413,
418,
419,1.2603443
420,
421,
422,
427,-.90776581
429,.20731482
430,
432,-1.0540541
434,-.36173408
438,-.50502026
440,-.33147765
441,-1.6724922
443,
445,
446,
451,
454,.66717817
455,
456,.81073147
457,
458,
463,
466,-1.2604906
471,-1.0540541
475,-.9491955
476,
481,
482,.17540672
483,1.5890485
485,
487,-1.2604906
490,1.6533566
491,-.09922813
493,
495,
496,
500,.28634366
501,-1.3239427
502,.74508253
503,.49354245
505,1.033869
506,.92698556
508,-.90776581
510,
511,-.70813547
513,
516,-1.1922705
517,
520,
521,
522,-.84032833
524,-.46754668
525,
526,
527,1.3881502
536,-.50502026
537,-1.6724922
539,
543,.34923103
544,1.435342
545,.14009368
546,1.4719793
547,1.1834793
549,
550,1.7158564
551,1.3039933
552,.79402612
553,-1.0024771
554,.01043007
555,.94255232
558,
561,.75967013
563,-1.4071685
564,1.0656116
565,.66717817
567,-.21522309
568,.28634366
569,-.46754668
571,-1.7908803
572,.79402612
575,
576,-.05304987
577,.24836922
578,.07228985
580,.24836922
581,-.50502026
586,.20731482
588,-1.7908803
589,-1.1371818
590,1.5078384
598,-.60296953
600,-1.3239427
603,-1.4071685
606,.96628106
608,.90596244
611,.68701991
612,1.4719793
613,1.0656116
616,1.4719793
618,.62919856
619,-1.1922705
620,
621,
623,
625,
627,1.5534335
628,.71022426
630,1.0876962
631,1.002561
636,
638,1.5890485
640,.10124638
642,.77634444
643,.90596244
644,
645,
646,
647,-.54682619
648,-.77780074
649,.2295245
653,1.4719793
656,
657,
659,1.1834793
661,-.65082627
662,-1.6724922
663,
664,.04793233
665,
669,.66717817
670,
671,
673,.79402612
678,
680,.17540672
683,-.9491955
685,-1.0024771
687,.33411669
688,-1.0540541
690,
691,
692,
694,.81073147
695,
696,
697,
699,
701,-2.0814007
702,
706,.26426754
711,.71022426
712,-.90776581
714,
716,-.39956837
717,-1.7908803
718,
719,.94255232
720,.92698556
722,1.5078384
723,.28634366
724,1.7702964
726,1.7702964
729,.64969307
731,1.435342
737,1.033869
738,1.1138055
743,1.3039933
744,.77634444
745,1.6533566
746,1.5078384
747,
750,-2.2700163
752,-1.6724922
753,
754,.68701991
758,1.6533566
759,.66717817
761,-.70813547
763,1.6533566
764,-.46754668
765,.60540257
766,.28634366
768,-.14415165
773,-.36173408
775,
776,
779,
780,
781,
783,
784,
785,1.1834793
786,
787,
788,1.2603443
789,-.18041562
790,
792,
793,
794,1.3456854
798,1.4719793
799,
800,1.033869
803,
804,
805,.04793233
806,-.24030674
808,.01043007
810,-.09922813
817,-1.3239427
819,.60540257
820,-.28629877
823,
826,
827,1.1575171
830,
831,.92698556
834,
836,
837,-1.0024771
842,.60540257
843,1.0656116
845,.98790898
847,.75967013
852,-.39956837
856,-.24030674
859,-.60296953
860,.96628106
861,.66717817
865,1.5534335
866,
867,
870,-.9491955
872,.87261758
874,-1.589653
877,
882,
884,.29985288
885,-.05304987
886,.52240868
889,
890,-.43494443
891,-1.589653
893,.40536967
894,-.08165227
895,-.46754668
898,1.1575171
900,.58029399
903,-.65082627
909,-1.589653
911,.60540257
914,-.21522309
917,
918,1.2603443
921,
926,
927,
929,1.1390651
936,-.14415165
937,.98790898
938,.64969307
940,1.5890485
942,1.3456854
943,.75967013
946,.75967013
953,.20731482
956,1.1834793
957,1.5890485
958,.4300625
959,-1.1371818
960,-.0240703
962,.60540257
963,1.5890485
968,
970,.29985288
972,.96628106
973,1.0876962
974,1.7158564
975,-.0240703
976,.17540672
977,.26426754
978,1.6533566
980,.98790898
981,-1.4071685
982,1.1390651
987,.66717817
990,.4300625
991,
994,1.1138055
997,.64969307
998,.2295245
999,.52240868
1000,-.33147765
1001,.14009368
1002,-.65082627
1004,.07228985
1005,.28634366
1006,-.65082627
1007,-.65082627
1009,1.033869
1011,1.6533566
1012,1.3039933
1013,.66717817
1014,.55437416
1015,.72544254
1016,.28634366
1018,.96628106
1019,1.3456854
1020,-1.1922705
1025,.96628106
1026,.87261758
1027,-1.3239427
1028,1.0656116
1030,.71022426
1031,.14009368
1032,-.9491955
1034,-1.2604906
1036,
1037,-1.9238268
1038,
1041,-2.5160027
1044,-1.589653
1046,-1.2604906
1049,-1.1922705
1051,-2.5160027
1053,.24836922
1058,
1059,
1062,-1.0024771
1063,.33411669
1065,-.90776581
1068,-1.0024771
1069,
1071,.96628106
1072,
1074,1.3881502
1078,-.36173408
1079,
1081,1.3881502
1085,-.60296953
1086,1.4719793
1089,1.0876962
1090,1.1575171
1093,-.18041562
1094,.07228985
1095,.01043007
1097,-.84032833
1106,
1108,.14009368
1110,
1111,
1112,
1113,1.5890485
1115,.79402612
1117,.4300625
1122,1.6533566
1124,-.90776581
1125,
1126,.68701991
1129,1.435342
1130,.66717817
1131,-.50502026
1135,.83462245
1136,
1137,
1140,1.6533566
1141,
1142,.58029399
1147,
1150,.64969307
1155,.2295245
1157,.26426754
1158,
1159,
1161,.01043007
1162,.90596244
1163,1.1834793
1164,1.1138055
1167,.83462245
1168,-.70813547
1170,1.6533566
1171,.90596244
1172,
1174,
1176,-1.1922705
1178,1.7158564
1179,.4300625
1180,1.1138055
1183,.36994846
1184,.52240868
1185,1.5078384
1186,1.3881502
1189,1.2603443
1191,.83462245
1192,.74508253
1193,1.435342
1195,
1196,
1198,-1.589653
1199,1.3039933
1201,-.60296953
1202,-.39956837
1204,-1.1371818
1207,
1208,-.84032833
1210,-1.7908803
1211,-.77780074
1213,-1.589653
1214,-1.7908803
1215,
1217,-.77780074
1218,-.21522309
1219,-1.7908803
1221,
1222,-1.0540541
1224,
1226,.2295245
1228,.04793233
1230,1.1834793
1231,1.5078384
1232,.2295245
1233,1.1834793
1234,1.435342
1235,1.6533566
1236,
1237,-.14415165
1239,1.7158564
1240,.24836922
1244,
1247,1.5534335
1250,1.2248676
1251,1.1575171
1252,.68701991
1255,
1259,-1.0540541
1260,
1261,-.60296953
1262,-.43494443
1263,
1264,-.46754668
1267,1.7158564
1270,.92698556
1272,
1273,.4300625
1277,-.05304987
1278,1.2248676
1279,1.033869
1280,.14009368
1281,1.2248676
1283,1.2603443
1284,
1286,1.1390651
1287,.32010895
1288,1.1834793
1289,
1291,
1293,.87261758
1294,.58029399
1297,.45840248
1298,-1.1371818
1299,-.65082627
1300,1.0656116
1301,-.24030674
1304,1.2603443
1305,1.2603443
1310,
1318,-1.483329
1320,
1321,-.60296953
1323,1.0876962
1326,-.28629877
1332,.87261758
1335,1.2603443
1336,.92698556
1339,.92698556
1341,1.1834793
1342,.32010895
1343,
1346,
1348,.33411669
1349,.10124638
1351,-.54682619
1352,-1.7908803
1353,-.90776581
1359,
1360,.98790898
1361,1.2603443
1363,
1364,-1.0024771
1365,
1366,
1367,1.5078384
1371,1.6533566
1373,1.5890485
1374,
1376,
1377,-1.6724922
1378,-1.1922705
1381,
1382,.68701991
1383,
1390,-.21522309
1394,-1.2604906
1395,-1.3239427
1396,-2.0814007
1397,-1.589653
1400,.33411669
1401,.01043007
1402,
1404,.33411669
1405,
1406,.96628106
1407,-.43494443
1408,
1409,
1417,
1418,-.77780074
1421,1.5890485
1425,-1.7908803
1426,-1.483329
1431,.36994846
1434,
1435,-.24030674
1439,-1.3239427
1441,-.33147765
1443,-.09922813
1446,.10124638
1447,1.7158564
1449,-.08165227
1452,-.08165227
1455,1.435342
1456,.94255232
1457,1.6533566
1458,
1460,1.6533566
1461,
1463,1.435342
1465,.58029399
1468,.68701991
1469,
1471,
1473,.74508253
1474,
1478,.36994846
1481,.20731482
1482,
1483,
1484,-.08165227
1485,.20731482
1486,.32010895
1488,1.1390651
1491,1.5534335
1493,1.5078384
1503,.81073147
1505,-.21522309
1507,
1508,
1510,-.33147765
1514,-.65082627
1515,.64969307
1518,1.5534335
1519,1.7158564
1520,-.60296953
1522,1.7158564
1525,.07228985
1529,
1530,.75967013
1532,-.18041562
1535,-.65082627
1536,
1538,
1545,1.3881502
1547,.40536967
1548,.49354245
1549,1.2603443
1552,.36994846
1553,
1554,
1555,
1556,.33411669
1558,
1559,-.54682619
1560,.71022426
1561,
1562,-.14415165
1563,-.09922813
1564,
1569,
1570,.34923103
1572,.71022426
1573,.96628106
1578,.17540672
1579,
1580,-.54682619
1581,
1583,
1586,-1.7908803
1589,.64969307
1591,
1596,-.77780074
1597,
1607,
1609,
1613,
1615,
1617,
1618,1.1390651
1619,1.3456854
1620,.60540257
1621,
1623,1.7158564
1625,
1626,
1627,.64969307
1628,1.3881502
1631,
1632,.77634444
1635,
1636,
1637,1.0656116
1638,.34923103
1640,-.08165227
1643,.83462245
1645,1.1138055
1646,-.24030674
1648,.96628106
1649,.26426754
1650,
1652,1.5078384
1653,
1654,1.033869
1655,
1656,
1659,-.54682619
1661,
1662,
1664,.04793233
1665,.81073147
1666,-.21522309
1667,.49354245
1668,.77634444
1675,.72544254
1676,.71022426
1678,.90596244
1681,1.1390651
1683,.71022426
1685,
1687,
1688,
1692,1.3039933
1693,.49354245
1694,1.5078384
1695,1.3456854
1696,.66717817
1699,
1700,-.70813547
1701,-.24030674
1702,-.50502026
1704,.66717817
1707,
1708,
1710,.83462245
1711,.79402612
1714,
1715,-1.6724922
1720,-1.7908803
1721,
1722,
1724,
1725,
1726,
1727,
1729,
1732,
1734,-.33147765
1735,.90596244
1737,.07228985
1738,.96628106
1740,
1741,
1744,-.70813547
1746,-1.3239427
1748,.62919856
1753,1.033869
1755,1.5534335
1757,.40536967
1758,.40536967
1759,
1762,
1763,
1764,
1765,.75967013
1766,.45840248
1767,
1768,-.09922813
1770,-.33147765
1771,
1775,
1777,-.84032833
1778,-.50502026
1779,-.84032833
1787,-1.0540541
1788,-1.6724922
1790,-1.9238268
1791,-.9491955
1794,-.90776581
1795,
1797,.17540672
1799,1.5890485
1802,.34923103
1803,
1805,.94255232
1807,.72544254
1808,
1809,1.1834793
1810,.55437416
1811,-.77780074
1813,-.14415165
1815,.29985288
1816,-.43494443
1817,.72544254
1819,.01043007
1820,1.0656116
1823,.49354245
1825,.75967013
1826,1.002561
1827,.10124638
1828,1.5890485
1830,1.0656116
1831,-.77780074
1832,
1834,-.84032833
1836,1.5078384
1838,1.435342
1842,-1.9238268
1843,
1845,-.28629877
1847,1.3456854
1849,-.70813547
1851,-.39956837
1852,
1853,1.1138055
1854,.17540672
1857,1.2248676
1859,.81073147
1861,1.1390651
1867,-.39956837
1868,-2.0814007
1869,.75967013
1871,-1.9238268
1872,-1.1371818
1873,.55437416
1878,
1879,-.9491955
1881,
1882,1.1390651
1885,
1886,.2295245
1887,1.1138055
1888,
1890,-.33147765
1891,-1.0540541
1892,.04793233
1895,-1.0024771
1896,.66717817
1902,-.46754668
1904,.71022426
1905,1.002561
1907,-.05304987
1910,-1.483329
1911,-1.0540541
1914,1.0876962
1915,
1918,.96628106
1919,.68701991
1920,-.77780074
1922,.79402612
1925,.07228985
1927,
1929,.01043007
1931,
1933,1.6533566
1935,-2.0814007
1936,-1.4071685
1937,.81073147
1938,-.33147765
1943,1.1390651
1944,.60540257
1945,
1948,
1949,-.39956837
1951,
1952,-1.9238268
1955,-1.2604906
1957,-.46754668
1958,-.77780074
1960,
1961,
1963,.4300625
1965,.71022426
1966,-1.2604906
1967,-.08165227
1968,-.77780074
1970,1.3039933
1973,.71022426
1974,.81073147
1975,1.1575171
1976,-.36173408
1979,.01043007
1981,
1982,.81073147
1985,1.3881502
1990,.36994846
1993,
1994,1.1138055
1996,1.3456854
1999,-.90776581
2000,-1.6724922
2003,-.36173408
2005,
2006,1.5534335
2009,-1.3239427
2010,-.0240703
2013,-1.1922705
2014,
2018,-.08165227
2019,-1.589653
2024,-1.7908803
2029,.83462245
2030,.77634444
2032,-.43494443
2035,1.033869
2037,
2041,1.002561
2042,1.3039933
2043,.71022426
2045,
2046,-1.0024771
2047,-1.9238268
2048,1.7702964
2049,.07228985
2050,.4300625
2051,1.5078384
2054,.52240868
2057,.90596244
2058,.62919856
2060,.68701991
2062,1.6533566
2064,
2065,-.43494443
2068,.75967013
2070,1.4719793
2071,1.2248676
2072,1.6533566
2073,.64969307
2074,.60540257
2076,1.1138055
2081,1.0876962
2082,.58029399
2086,1.6533566
2087,
2088,.90596244
2089,1.1390651
2092,.96628106
2093,-.77780074
2095,.2295245
2096,.94255232
2099,.60540257
2100,-.90776581
2108,-1.1922705
2110,
2111,-.60296953
2113,
2114,
2116,
2118,-.90776581
2119,-1.3239427
2120,.71022426
2121,.58029399
2122,.28634366
2123,1.0876962
2128,.33411669
2129,.2295245
2130,1.1575171
2131,.81073147
2134,-.84032833
2136,.04793233
2137,.17540672
2138,.49354245
2139,
2141,.55437416
2144,.24836922
2145,
2147,1.2248676
2149,
2150,-.05304987
2151,.96628106
2154,-.84032833
2158,-2.2700163
2159,-.70813547
2161,
2162,1.5078384
2164,.94255232
2165,.87261758
2166,-1.4071685
2167,.72544254
2168,1.5078384
2172,.34923103
2173,.45840248
2175,
2178,-1.6724922
2181,
2182,1.3881502
2183,1.435342
2185,-.0240703
2186,
2187,.98790898
2188,.68701991
2189,.32010895
2190,.81073147
2193,1.4719793
2197,-.46754668
2199,-.14415165
2200,1.5078384
2205,1.7158564
2206,1.4719793
2207,
2208,1.5534335
2209,1.0656116
2210,1.1834793
2211,.79402612
2212,1.1834793
2213,1.0876962
2214,-.90776581
2215,1.1834793
2218,-.65082627
2220,
2221,.14009368
2224,
2225,.49354245
2226,1.3039933
2227,
2228,
2229,-.84032833
2230,-.54682619
2233,.20731482
2234,.4300625
2235,.17540672
2237,.64969307
2238,-.9491955
2241,-.24030674
2242,-.46754668
2246,
2250,1.1138055
2251,.75967013
2252,1.7158564
2253,1.7702964
2254,.17540672
2255,.07228985
2256,-.08165227
2257,.90596244
2261,-.21522309
2262,-.21522309
2264,-1.2604906
2266,1.0876962
2267,.32010895
2269,.79402612
2272,.49354245
2273,.74508253
2274,
2275,1.1834793
2276,
2278,-.21522309
2279,.40536967
2281,
2282,
2285,-.54682619
2288,
2289,1.5534335
2290,1.2248676
2291,.75967013
2292,.72544254
2294,
2295,.01043007
2296,.74508253
2297,-.77780074
2300,-.0240703
2301,-.05304987
2302,.45840248
2303,-.70813547
2305,1.5534335
2306,-.54682619
2308,1.5078384
2309,.92698556
2310,.74508253
2312,.55437416
2313,1.5534335
2314,-1.0540541
2315,-1.1371818
2316,-.90776581
2319,.98790898
2325,1.2603443
2326,-1.2604906
2327,.20731482
2328,1.7158564
2329,1.033869
2330,1.5890485
2331,1.1390651
2333,.81073147
2338,.81073147
2341,.94255232
2342,.94255232
2346,1.3456854
2349,.04793233
2350,1.1390651
2352,1.2248676
2355,
2357,
2358,
2360,.14009368
2361,
2362,.40536967
2363,.55437416
2365,-1.6724922
2367,.01043007
2369,.29985288
2370,
2371,.01043007
2372,.33411669
2373,-.33147765
2374,.10124638
2375,.68701991
2376,1.7158564
2377,1.7158564
2379,-.9491955
2381,.33411669
2382,1.0876962
2383,1.2248676
2384,.68701991
2385,.10124638
2387,
2388,
2389,
2393,-.08165227
2394,1.3456854
2395,1.1390651
2397,.77634444
2398,.33411669
2402,-.39956837
2404,-.24030674
2407,.72544254
2408,-.24030674
2409,-.05304987
2410,.07228985
2411,-.43494443
2414,.60540257
2417,
2418,-.43494443
2419,-.90776581
2421,.75967013
2422,1.4719793
2423,.87261758
2425,.45840248
2428,
2429,
2431,.62919856
2434,1.0876962
2436,-.9491955
2439,1.3456854
2441,-.21522309
2442,-.0240703
2447,-.43494443
2449,
2451,
2453,
2455,-1.7908803
2458,1.3456854
2459,1.2248676
2460,1.435342
2461,1.3881502
2463,.28634366
2466,1.435342
2467,
2468,.96628106
2469,
2470,1.5078384
2477,1.1138055
2479,.92698556
2480,1.5534335
2481,.4300625
2483,.74508253
2484,-.84032833
2485,1.0656116
2487,.28634366
2490,
2492,1.3456854
2496,1.6533566
2497,.72544254
2498,
2499,
2500,-.50502026
2503,.98790898
2506,.01043007
2507,-1.589653
2508,.62919856
2511,
2513,.90596244
2514,1.3456854
2515,.83462245
2516,
2517,
2519,
2520,-.84032833
2522,1.7158564
2523,1.002561
2524,.83462245
2525,.49354245
2526,
2527,1.5534335
2530,
2533,
2534,
2535,-1.1922705
2536,-.46754668
2537,
2541,
2542,.77634444
2545,-1.2604906
2546,
2548,
2552,1.1138055
2558,1.3039933
2560,.49354245
2562,.94255232
2563,.32010895
2564,.87261758
2566,
2568,.40536967
2569,1.2248676
2573,.62919856
2574,-.70813547
2575,1.1834793
2576,.98790898
2578,1.3039933
2581,1.2603443
2584,.20731482
2585,
2589,.87261758
2591,.75967013
2593,.77634444
2594,1.5890485
2595,.74508253
2596,.83462245
2597,.83462245
2598,.60540257
2602,-1.483329
2603,1.1390651
2604,
2605,-.60296953
2606,1.2248676
2608,-.08165227
2609,-.36173408
2611,.87261758
2613,.71022426
2614,1.5534335
2615,.62919856
2616,1.7702964
2618,1.6533566
2622,.28634366
2623,.17540672
2624,.90596244
2627,-1.6724922
2628,.33411669
2629,-.21522309
2630,-.90776581
2631,.32010895
2633,
2637,1.5890485
2641,-1.4071685
2643,-.84032833
2644,-.0240703
2648,-1.0540541
2649,-1.9238268
2651,-.05304987
2652,.81073147
2658,1.3881502
2660,.04793233
2661,.58029399
2662,.83462245
2665,.17540672
2666,-.24030674
2668,.87261758
2673,.72544254
2676,.87261758
2677,.74508253
2678,.20731482
2682,1.0876962
2683,.4300625
2688,-.05304987
2689,.10124638
2690,-1.2604906
2692,-.39956837
2693,.07228985
2694,
2695,-1.483329
2696,-.46754668
2697,-.84032833
2700,.74508253
2701,1.3456854
2702,.68701991
2703,.34923103
2704,-1.4071685
2706,.49354245
2710,1.7702964
2711,1.435342
2713,-1.2604906
2714,1.7702964
2715,-1.9238268
2716,
2719,-1.589653
2721,-1.4071685
2727,.77634444
2728,
2730,1.3039933
2731,1.6533566
2732,.79402612
2733,1.002561
2735,-.70813547
2736,-.70813547
2737,1.1138055
2738,.96628106
2741,-.0240703
2742,.52240868
2743,-.65082627
2747,-.50502026
2752,-.28629877
2753,.28634366
2755,.74508253
2756,
2758,1.1138055
2759,-.65082627
2761,.29985288
2762,.32010895
2765,.96628106
2766,-1.1922705
2773,
2774,
2775,1.1138055
2776,1.1575171
2778,1.5890485
2779,1.3456854
2786,
2788,.83462245
2789,
2790,
2791,1.1390651
2794,
2795,
2798,-.39956837
2799,.98790898
2800,-.43494443
2807,.75967013
2808,
2810,-1.0024771
2813,.74508253
2814,-2.0814007
2819,.29985288
2822,
2823,
2825,-2.0814007
2829,.81073147
2830,
2831,
2833,1.033869
2835,.64969307
2846,
2850,
2851,.40536967
2854,.58029399
2857,
2858,.77634444
2860,-1.2604906
2862,.83462245
2863,-.28629877
2866,.14009368
2867,-1.3239427
2868,
2871,.74508253
2872,-.43494443
2873,1.435342
2874,1.7702964
2875,1.1138055
2876,1.5534335
2880,.62919856
2881,1.435342
2882,
2883,.60540257
2884,.68701991
2886,.2295245
2888,1.4719793
2890,.24836922
2891,-.54682619
2893,
2895,-1.2604906
2896,.62919856
2897,-1.589653
2898,1.1575171
2899,-.65082627
2900,.92698556
2901,.32010895
2904,-.90776581
2906,.96628106
2907,.72544254
2908,.58029399
2910,1.2603443
2911,-.43494443
2915,.52240868
2916,.77634444
2917,.74508253
2918,1.5890485
2919,.4300625
2920,
2921,-.36173408
2923,
2925,-1.2604906
2926,.29985288
2930,.20731482
2931,
2938,1.7158564
2939,1.3456854
2941,.74508253
2945,1.3881502
2947,-.46754668
2949,-.21522309
2950,.83462245
2951,.87261758
2954,-.43494443
2955,-1.483329
2957,.79402612
2959,-1.6724922
2960,
2963,-.50502026
2964,
2965,.74508253
2967,-.65082627
2968,-.43494443
2969,.49354245
2971,-.60296953
2972,-.46754668
2973,
2975,.75967013
2976,.77634444
2977,-.09922813
2978,.58029399
2979,1.3039933
2980,.75967013
2981,1.7158564
2983,-.08165227
2984,.45840248
2988,.74508253
2990,1.1834793
2992,1.5078384
2993,
2994,-.46754668
2995,1.1575171
2996,-1.589653
2999,
3001,.98790898
3003,-.08165227
3004,1.2248676
3008,-.84032833
3011,
3015,.4300625
3016,1.3039933
3019,1.2603443
3020,-.65082627
3024,-1.0024771
3027,1.0876962
3032,.49354245
3033,-2.0814007
3034,-.18041562
3035,-.9491955
3036,
3038,1.435342
3042,.87261758
3043,.60540257
3044,
3048,.52240868
3053,.71022426
3055,-.39956837
3056,-.18041562
3057,.07228985
3058,
3059,.98790898
3061,-.21522309
3063,-.90776581
3064,.72544254
3065,-1.3239427
3068,.20731482
3069,
3072,1.2603443
3074,.62919856
3075,-.08165227
3076,1.0656116
3077,.52240868
3080,-1.4071685
3082,.36994846
3084,1.7158564
3088,
3089,1.002561
3090,.45840248
3091,.71022426
3092,.77634444
3094,
3095,
3097,.01043007
3098,-1.6724922
3101,
3102,-.84032833
3103,-1.7908803
3104,
3106,
3107,.20731482
3108,-2.2700163
3109,
3110,-.54682619
3111,
3113,-.77780074
3114,
3119,
3120,.29985288
3121,1.1390651
3122,-1.3239427
3127,-.39956837
3128,.4300625
3130,-.21522309
3131,.66717817
3135,.55437416
3136,.64969307
3137,.4300625
3138,.92698556
3139,-1.4071685
3141,1.4719793
3142,1.5890485
3143,1.2603443
3145,1.6533566
3146,1.0656116
3147,1.5078384
3149,.52240868
3150,.2295245
3152,
3154,1.0656116
3156,1.1834793
3157,
3158,
3163,.75967013
3167,.87261758
3171,1.3039933
3172,-2.2700163
3173,-.60296953
3174,.07228985
3176,.92698556
3181,.77634444
3184,.55437416
3187,.55437416
3191,-.28629877
3193,.58029399
3194,1.1575171
3197,1.3039933
3198,1.1575171
3201,.36994846
3202,-1.589653
3205,-.90776581
3207,
3208,
3209,
3212,.90596244
3215,.68701991
3216,1.2603443
3217,
3219,.52240868
3220,.01043007
3222,1.4719793
3224,-.18041562
3226,-.05304987
3231,.96628106
3234,-2.5160027
3244,1.7702964
3245,
3246,-.28629877
3247,.04793233
3253,.28634366
3256,.68701991
3258,.4300625
3259,.34923103
3260,-2.2700163
3262,
3263,.62919856
3266,.75967013
3269,-2.5160027
3270,.01043007
3271,.49354245
3273,1.3039933
3274,-.28629877
3275,
3281,1.3039933
3283,.94255232
3285,-.39956837
3286,
3287,.77634444
3289,-1.483329
3290,-.46754668
3293,.92698556
3294,
3299,-2.0814007
3300,.29985288
3301,
3304,
3305,-.84032833
3309,
3310,-.39956837
3311,.4300625
3314,
3315,.49354245
3321,.40536967
3322,-.43494443
3325,.29985288
3327,
3328,-.90776581
3330,
3332,.49354245
3333,.28634366
3335,-.08165227
3336,
3338,
3340,-1.1371818
3341,1.0656116
3343,-1.1922705
3344,-1.0540541
3347,1.435342
3350,-.21522309
3351,.49354245
3352,-1.1371818
3354,.24836922
3356,
3359,
3362,
3366,.94255232
3367,-1.2604906
3369,
3370,.14009368
3372,.07228985
3373,-.39956837
3374,1.002561
3378,.96628106
3379,1.2603443
3382,-2.5160027
3384,-1.483329
3385,-.90776581
3386,.28634366
3387,-.24030674
3388,.92698556
3389,-.65082627
3390,-.46754668
3392,-2.0814007
3394,
3395,
3396,.68701991
3399,-.28629877
3400,-.70813547
3407,-1.483329
3409,-.60296953
3412,
3418,.64969307
3419,-.14415165
3421,
3424,-1.589653
3425,-.05304987
3433,
3434,.40536967
3435,1.3881502
3436,-1.3239427
3439,.62919856
3440,-2.2700163
3446,.49354245
3447,-.36173408
3448,1.3456854
3449,.2295245
3450,-.08165227
3451,.58029399
3454,1.435342
3456,1.5534335
3457,1.3456854
3458,1.3881502
3459,.33411669
3464,.17540672
3465,.36994846
3466,-.05304987
3467,.77634444
3468,1.2603443
3469,-1.0540541
3471,1.2248676
3472,1.4719793
3473,-1.4071685
3474,.32010895
3476,.96628106
3482,.74508253
3485,-.05304987
3486,.90596244
3487,.62919856
3491,
3493,-1.3239427
3495,-.14415165
3496,.71022426
3499,-.36173408
3500,-1.1371818
3502,-.46754668
3505,-1.2604906
3508,-.9491955
3509,-2.2700163
3511,-.65082627
3513,-.65082627
3514,
3515,1.1575171
3516,.26426754
3518,-1.0540541
3520,.72544254
3523,1.2248676
3525,
3528,-.90776581
3530,1.2248676
3533,.29985288
3538,.81073147
3539,.75967013
3543,-1.1371818
3544,.98790898
3545,-.0240703
3546,.26426754
3547,.01043007
3549,.81073147
3551,.36994846
3554,.96628106
3556,1.4719793
3557,1.435342
3558,1.5534335
3559,.71022426
3560,.55437416
3563,1.0656116
3564,-.84032833
3565,-1.1371818
3568,.33411669
3569,.17540672
3570,-.77780074
3571,-1.9238268
3572,
3573,-1.1922705
3574,1.7158564
3580,-.9491955
3582,.68701991
3584,.68701991
3587,1.1834793
3589,1.002561
3591,-.08165227
3592,
3599,.92698556
3602,-1.1371818
3603,-.9491955
3605,.52240868
3606,1.002561
3609,-.70813547
3610,
3616,
3618,
3620,-.46754668
3621,
3622,
3623,-.60296953
3625,1.6533566
3626,.52240868
3629,
3630,.2295245
3632,.34923103
3635,-1.7908803
3636,-.70813547
3640,.96628106
3642,.58029399
3643,.90596244
3645,.94255232
3646,.45840248
3647,.66717817
3649,-1.6724922
3650,
3651,
3652,
3653,
3654,
3656,-.50502026
3657,
3658,
3659,
3660,.36994846
3663,1.2248676
3664,-.28629877
3665,-1.2604906
3666,.10124638
3668,
3669,
3671,
3672,
3674,
3675,
3676,
3679,.72544254
3680,
3683,-.84032833
3684,.10124638
3685,
3686,
3687,-.39956837
3690,-.9491955
3692,-.77780074
3693,-.0240703
3695,-1.2604906
3698,
3701,-1.0540541
3702,
3706,.4300625
3707,-1.9238268
3709,-.77780074
3714,.79402612
3715,-2.0814007
3719,-1.483329
3721,
3723,.58029399
3724,
3725,1.4719793
3728,.36994846
3731,1.4719793
3732,-1.1922705
3733,-1.6724922
3734,-1.4071685
3737,-1.483329
3738,1.0656116
3743,
3746,.49354245
3749,-.77780074
3750,-2.0814007
3755,-.84032833
3757,
3759,-.65082627
3760,-.65082627
3762,1.3881502
3763,-1.483329
3768,1.1834793
3769,1.1834793
3770,1.7158564
3772,.60540257
3773,.26426754
3777,.92698556
3780,.2295245
3781,.96628106
3783,-1.0024771
3785,-.24030674
3787,1.5534335
3788,.45840248
3790,-1.3239427
3792,.26426754
3793,-.39956837
3794,
3795,-.54682619
3796,-.60296953
3797,-2.2700163
3800,.81073147
3802,.40536967
3805,.75967013
3808,-1.7908803
3809,.94255232
3811,-.14415165
3813,
3814,.10124638
3816,1.2603443
3817,
3826,
3827,-1.483329
3829,-.77780074
3831,-1.6724922
3834,
3835,
3836,
3839,.60540257
3840,-2.5160027
3844,-.90776581
3845,-.60296953
3848,.75967013
3849,.45840248
3850,1.5890485
3851,.45840248
3852,1.435342
3854,.04793233
3857,-1.4071685
3858,
3859,-1.589653
3860,-.08165227
3863,-.65082627
3871,-1.483329
3872,-1.7908803
3876,-1.0540541
3877,
3878,1.2603443
3880,
3881,-.0240703
3882,.49354245
3884,.64969307
3886,-1.9238268
3888,.24836922
3889,
3892,-1.0540541
3893,
3895,1.4719793
3896,1.3456854
3898,
3902,-.33147765
3903,-.0240703
3904,.33411669
3908,
3910,
3914,
3915,-.18041562
3917,-1.4071685
3918,-2.2700163
3921,-1.9238268
3923,-1.589653
3929,-.84032833
3931,
3936,.14009368
3938,.90596244
3942,
3944,1.7158564
3946,
3947,.10124638
3949,-1.7908803
3950,
3951,.68701991
3953,.36994846
3956,.64969307
3957,.36994846
3958,-.18041562
3959,.45840248
3960,.94255232
3961,1.2603443
3962,.81073147
3967,1.1834793
3969,
3974,-.65082627
3980,.90596244
3981,-.70813547
3986,
3987,.40536967
3988,1.1390651
3991,.20731482
3993,-.28629877
3994,1.002561
3995,
3996,-1.1371818
3997,-1.3239427
3998,.2295245
4001,
4002,.81073147
4003,
4004,1.2248676
4005,.24836922
4006,-.21522309
4007,
4008,1.0876962
4009,.32010895
4011,1.6533566
4013,1.033869
4014,.98790898
4016,1.3456854
4021,.36994846
4025,-.39956837
4029,-.18041562
4030,.72544254
4031,.20731482
4033,.10124638
4037,.32010895
4038,.79402612
4041,1.1138055
4043,-.9491955
4044,-1.0024771
4045,
4048,-2.5160027
4050,1.3039933
4051,-.46754668
4054,.74508253
4056,
4057,.68701991
4059,-.24030674
4063,.66717817
4064,1.1138055
4065,.74508253
4066,-1.9238268
4068,
4070,
4072,1.1834793
4073,-.08165227
4077,-1.589653
4079,-1.483329
4080,.60540257
4084,.55437416
4085,
4086,
4087,.45840248
4095,
4096,
4097,.64969307
4100,1.033869
4101,
4106,-2.5160027
4107,
4108,.40536967
4109,.66717817
4110,-.14415165
4112,.62919856
4113,1.5534335
4119,-2.0814007
4120,.07228985
4121,-.84032833
4123,-.9491955
4125,.68701991
4126,.34923103
4128,.72544254
4129,.79402612
4131,1.3881502
4133,.20731482
4134,.40536967
4139,1.2603443
4142,.10124638
4144,.34923103
4149,.98790898
4150,.94255232
4152,.52240868
4153,.33411669
4154,
4155,
4156,-.28629877
4158,1.7158564
4160,1.7702964
4161,.92698556
4162,.10124638
4165,1.3039933
4166,-.33147765
4168,-.77780074
4171,-1.4071685
4172,-1.3239427
4173,-.90776581
4176,-1.3239427
4179,-1.3239427
4180,-.65082627
4181,-.18041562
4184,-2.0814007
4187,.92698556
4188,.60540257
4189,
4190,.24836922
4192,-.24030674
4193,1.7158564
4196,-1.3239427
4198,.58029399
4199,1.3039933
4202,1.033869
4204,.74508253
4205,.20731482
4208,1.4719793
4209,-2.2700163
4211,-.54682619
4214,1.5534335
4217,1.033869
4221,.2295245
4222,
4225,
4226,
4228,
4230,
4232,
4233,
4237,-.28629877
4239,.74508253
4240,.34923103
4243,
4244,
4245,-1.589653
4247,-.9491955
4251,
4252,-.54682619
4256,1.5534335
4258,-1.7908803
4259,.81073147
4261,-1.9238268
4263,.62919856
4265,1.6533566
4266,1.002561
4267,1.033869
4268,-1.0024771
4269,-.36173408
4270,-.54682619
4274,-.14415165
4275,-.21522309
4277,1.3456854
4278,1.1575171
4279,1.435342
4280,.2295245
4284,-1.1922705
4285,-1.2604906
4286,.94255232
4288,1.1390651
4289,
4291,.33411669
4292,
4294,.83462245
4295,1.5890485
4296,1.7158564
4299,.77634444
4300,1.1390651
4302,
4305,.52240868
4307,-1.2604906
4310,-1.4071685
4311,-.08165227
4312,.90596244
4313,-.09922813
4317,-.70813547
4320,-.9491955
4321,-2.5160027
4322,.29985288
4323,
4326,-.60296953
4328,.10124638
4329,-1.2604906
4331,.4300625
4332,-.54682619
4334,-1.589653
4337,-1.6724922
4339,-1.7908803
4341,-.08165227
4342,-2.2700163
4344,-1.0540541
4347,.2295245
4349,.4300625
4352,-.18041562
4354,-1.6724922
4356,-1.7908803
4359,.83462245
4360,
4362,-.33147765
4363,.04793233
4364,-.46754668
4374,-1.3239427
4378,.01043007
4379,-.18041562
4381,.60540257
4383,.62919856
4385,-1.4071685
4386,-1.7908803
4387,-.84032833
4389,-1.0540541
4390,-2.2700163
4396,-.50502026
4397,.34923103
4401,-1.7908803
4402,-.54682619
4403,-1.589653
4405,1.1834793
4407,.96628106
4411,.32010895
4413,1.2603443
4415,-.39956837
4416,.26426754
4420,
4421,
4422,
4424,-1.1371818
4425,-2.0814007
4426,-.60296953
4432,-.46754668
4436,.71022426
4437,.34923103
4440,
4441,1.3039933
4444,.72544254
4445,1.435342
4446,.36994846
4448,1.6533566
4450,1.5078384
4451,1.1138055
4453,-.09922813
4454,-2.2700163
4455,1.1834793
4456,.62919856
4457,.94255232
4458,1.7702964
4460,.74508253
4463,-1.0540541
4464,-.90776581
4466,-1.2604906
4468,.10124638
4472,-.14415165
4475,-.33147765
4477,.72544254
4479,.55437416
4481,.77634444
4482,.29985288
4483,-.43494443
4484,-.50502026
4485,
4486,
4489,-1.483329
4491,-.54682619
4492,-.9491955
4494,-1.4071685
4497,-1.1371818
4498,
4500,-.43494443
4502,-2.0814007
4503,-.60296953
4505,
4506,.29985288
4507,.55437416
4509,
4511,.32010895
4513,.28634366
4514,.29985288
4515,.07228985
4516,.68701991
4518,
4519,-1.0540541
4520,-.0240703
4522,1.3881502
4525,1.7158564
4526,-.0240703
4527,-.60296953
4528,1.3881502
4530,-1.483329
4533,1.5890485
4535,.26426754
4537,1.5890485
4540,1.1138055
4543,-.50502026
4544,.14009368
4545,-.9491955
4546,.20731482
4547,1.5534335
4551,-.36173408
4555,.01043007
4562,-1.483329
4564,1.1138055
4567,-.05304987
4569,.10124638
4570,-.08165227
4571,-.84032833
4572,
4573,.36994846
4574,.55437416
4576,
4577,
4580,.94255232
4582,.74508253
4585,
4586,-.05304987
4587,.66717817
4589,-1.0540541
4591,.87261758
4592,1.1575171
4596,.49354245
4600,.68701991
4602,-.70813547
4604,
4606,-.36173408
4609,.77634444
4613,.07228985
4614,.72544254
4615,.72544254
4616,
4617,-.46754668
4622,.58029399
4623,.07228985
4624,-1.9238268
4625,-1.9238268
4627,-2.2700163
4629,1.3881502
4631,.98790898
4632,.07228985
4636,1.2248676
4637,
4638,.07228985
4639,-1.589653
4640,-.65082627
4641,-.46754668
4642,.45840248
4643,1.7158564
4644,1.4719793
4645,
4646,
4653,-1.1922705
4654,-.08165227
4659,
4660,1.4719793
4661,-.43494443
4663,.94255232
4665,
4666,.64969307
4668,-.05304987
4669,-.33147765
4679,.74508253
4680,.26426754
4681,-1.6724922
4682,-1.7908803
4690,.94255232
4691,-.28629877
4692,
4693,.66717817
4701,-2.0814007
4702,.98790898
4703,.14009368
4705,
4709,-1.0024771
4710,1.1834793
4712,-2.2700163
4713,-2.0814007
4717,-1.7908803
4724,.66717817
4727,-1.6724922
4731,1.5890485
4734,-2.2700163
4735,
4736,.83462245
4737,-.9491955
4740,-.05304987
4743,.07228985
4744,
4745,.20731482
4746,.01043007
4749,.4300625
4750,.58029399
4751,.72544254
4752,-.46754668
4759,1.5534335
4762,-.18041562
4763,1.3881502
4764,
4765,.04793233
4766,
4769,
4774,-1.0540541
4776,.64969307
4780,
4781,-2.2700163
4782,
4787,.32010895
4788,1.6533566
4790,1.1575171
4791,
4793,
4794,
4798,-.08165227
4799,.98790898
4800,-.0240703
4803,.34923103
4805,.45840248
4808,
4810,-.46754668
4813,.64969307
4814,1.3039933
4817,1.6533566
4818,1.435342
4819,1.0876962
4820,1.5078384
4824,.10124638
4826,1.6533566
4827,.24836922
4830,1.6533566
4831,
4832,1.3881502
4833,1.7702964
4835,-.28629877
4836,.2295245
4839,.33411669
4840,-.70813547
4844,-1.589653
4845,.4300625
4847,.40536967
4848,.79402612
4849,.24836922
4851,.79402612
4853,.79402612
4861,
4863,1.033869
4864,.34923103
4866,1.0656116
4869,-1.0024771
4870,1.5078384
4872,.34923103
4874,-2.2700163
4883,-.43494443
4884,.01043007
4886,.33411669
4887,.71022426
4889,-.18041562
4890,.40536967
4891,
4892,-1.483329
4894,.71022426
4896,-.39956837
4897,.92698556
4900,.52240868
4902,-.90776581
4906,.87261758
4907,-.08165227
4908,.34923103
4909,.77634444
4910,-2.0814007
4911,1.002561
4912,-.33147765
4913,.98790898
4914,
4916,.94255232
4918,1.2248676
4919,.81073147
4920,-.36173408
4921,.83462245
4922,.40536967
4927,.98790898
4928,.58029399
4929,
4930,
4931,-.24030674
4932,.64969307
4934,1.033869
4936,-1.9238268
4937,.14009368
4939,.07228985
4940,.14009368
4942,1.2603443
4943,.52240868
4945,
4946,-.65082627
4947,.68701991
4948,.34923103
4950,-2.2700163
4951,
4953,.52240868
4954,-.50502026
4957,
4965,-1.589653
4970,-1.4071685
4971,.34923103
4972,.17540672
4975,-1.6724922
4977,-1.1922705
4980,
4981,-.09922813
4983,1.002561
4984,-.0240703
4986,.2295245
4987,.66717817
4989,
4992,.90596244
4997,-.43494443
5000,
5002,
5004,
5006,
5010,1.1575171
5012,.98790898
5013,.52240868
5014,1.002561
5019,.71022426
5020,1.0656116
5023,.40536967
5026,.90596244
5028,.62919856
5029,.17540672
5030,1.5534335
5031,1.1575171
5033,-1.1922705
5034,
5036,
5037,
5038,.68701991
5041,-.05304987
5042,1.5534335
5044,
5045,1.7702964
5047,-.05304987
5050,
5052,.01043007
5053,1.1834793
5055,-1.483329
5056,
5058,
5059,
5061,
5062,
5063,
5064,
5065,
5066,
5067,
5070,-1.483329
5071,-1.1922705
5074,
5076,
5077,.64969307
5080,-.36173408
5081,.04793233
5084,.74508253
5088,.40536967
5090,1.002561
5093,-2.0814007
5094,-.43494443
5100,.96628106
5102,-.21522309
5103,
5105,-.09922813
5106,.55437416
5107,
5108,1.033869
5109,.49354245
5110,.71022426
5112,-.36173408
5116,.24836922
5117,.20731482
5119,
5120,.58029399
5121,
5122,-1.6724922
5124,-.05304987
5127,.07228985
5132,1.0876962
5133,-.18041562
5134,-1.589653
5135,-.21522309
5136,.20731482
5139,-.05304987
5142,1.3456854
5144,.81073147
5145,-1.3239427
5147,
5148,
5150,1.1834793
5153,.33411669
5155,1.5078384
5156,.81073147
5157,.07228985
5159,1.1390651
5161,-.43494443
5162,1.2603443
5164,-1.0024771
5165,1.3456854
5166,1.033869
5170,.40536967
5172,.26426754
5174,1.5890485
5178,.71022426
5180,.74508253
5181,-.18041562
5183,1.6533566
5184,.94255232
5188,1.435342
5191,1.033869
5197,1.5078384
5199,
5201,.24836922
5209,1.0656116
5211,.83462245
5213,-1.7908803
5214,-.9491955
5218,-1.3239427
5220,.26426754
5222,.32010895
5223,.24836922
5224,-.33147765
5226,
5229,.45840248
5231,.26426754
5234,.96628106
5235,
5238,1.1575171
5240,-.9491955
5244,-.08165227
5245,-.84032833
5246,1.1138055
5248,-1.3239427
5249,.83462245
5250,.55437416
5252,-.05304987
5254,
5255,
5258,.45840248
5259,1.3039933
5260,-.18041562
5262,.90596244
5266,
5268,.26426754
5271,-.21522309
5273,.79402612
5275,
5277,
5278,.33411669
5279,1.0656116
5282,.10124638
5283,.20731482
5284,-1.483329
5286,-1.3239427
5287,-.77780074
5288,-2.5160027
5292,
5301,-.08165227
5305,
5306,.55437416
5308,.33411669
5309,1.4719793
5312,1.3456854
5313,.17540672
5314,-1.3239427
5316,-.90776581
5321,.90596244
5322,.32010895
5323,-1.0024771
5325,
5327,-.46754668
5329,-.65082627
5330,.87261758
5331,
5332,.87261758
5336,-.14415165
5337,.2295245
5339,.62919856
5341,-.14415165
5342,1.3881502
5345,1.5534335
5347,1.1575171
5348,.55437416
5349,-.60296953
5350,.10124638
5352,.60540257
5353,.72544254
5354,1.1575171
5355,.81073147
5356,1.5890485
5357,.77634444
5360,.94255232
5362,1.1575171
5363,.98790898
5364,-1.9238268
5366,-.08165227
5368,-.21522309
5370,
5371,
5373,
5374,
5375,.28634366
5376,-2.2700163
5377,-.09922813
5379,.77634444
5380,1.5534335
5383,.60540257
5384,-1.1922705
5385,.79402612
5391,.2295245
5393,.68701991
5395,
5396,-1.4071685
5400,.10124638
5406,.49354245
5407,.64969307
5408,1.3881502
5409,.60540257
5415,.14009368
5417,
5420,-.50502026
5423,.55437416
5426,-.60296953
5427,-.50502026
5428,.79402612
5429,-.24030674
5431,.49354245
5433,1.0876962
5434,
5435,
5436,.75967013
5437,1.0656116
5438,1.3039933
5439,.68701991
5440,.24836922
5441,-1.1922705
5442,.81073147
5443,
5445,1.1390651
5447,.28634366
5449,
5450,.04793233
5453,.64969307
5455,-1.9238268
5458,-.77780074
5459,-.46754668
5461,-1.3239427
5462,-1.589653
5464,1.3456854
5471,.2295245
5474,1.7702964
5481,1.1138055
5483,-.18041562
5484,-.24030674
5486,
5488,-.24030674
5491,1.0656116
5492,1.0656116
5494,-.43494443
5497,
5499,-.70813547
5500,.34923103
5502,-1.483329
5509,.26426754
5510,-.43494443
5511,-1.4071685
5512,1.1390651
5515,-.60296953
5516,1.0656116
5517,
5518,-1.9238268
5519,-.28629877
5520,1.1390651
5521,-1.0540541
5522,.28634366
5523,.79402612
5524,.33411669
5525,.2295245
5529,-.46754668
5532,-.0240703
5533,.77634444
5536,1.3881502
5537,.71022426
5538,-.05304987
5539,-.46754668
5541,
5542,1.3039933
5545,-.05304987
5546,1.2248676
5547,-.21522309
5549,-1.7908803
5550,-.77780074
5552,1.4719793
5553,.71022426
5554,
5555,-.77780074
5556,.72544254
5557,.26426754
5561,.52240868
5566,.32010895
5568,-1.1371818
5569,-.46754668
5574,-1.1371818
5577,-.28629877
5579,-.09922813
5581,1.1575171
5582,
5586,-1.0024771
5588,
5591,-1.1922705
5592,
5593,-2.0814007
5595,1.0876962
5596,-.9491955
5598,-1.7908803
5599,-2.2700163
5600,-.50502026
5602,-.14415165
5604,-.21522309
5605,
5607,.28634366
5609,-.50502026
5611,-.24030674
5612,-.84032833
5614,.17540672
5617,
5619,1.1138055
5626,-.39956837
5627,
5629,-.28629877
5630,-.50502026
5631,-.77780074
5635,-1.1922705
5636,.17540672
5639,.32010895
5640,.14009368
5643,
5650,
5651,-.18041562
5652,.87261758
5654,
5657,-.84032833
5658,
5660,-1.6724922
5666,
5669,.34923103
5670,1.4719793
5671,.24836922
5673,
5675,
5676,
5678,
5680,-.36173408
5682,
5687,-.18041562
5689,.72544254
5692,-2.2700163
5693,
5696,-1.589653
5698,-.46754668
5699,-.36173408
5701,-.28629877
5703,.10124638
5704,-.09922813
5709,-1.7908803
5713,.74508253
5715,-.90776581
5716,-.60296953
5721,-1.0024771
5723,
5724,.20731482
5726,-1.9238268
5729,-1.7908803
5730,-1.6724922
5731,-.24030674
5734,-1.7908803
5736,-.14415165
5737,-.60296953
5742,-.90776581
5743,1.3881502
5744,.58029399
5746,.17540672
5747,
5749,-.36173408
5750,
5751,-.46754668
5754,
5755,-1.9238268
5756,
5758,
5759,.4300625
5760,
5765,-.60296953
5766,-.50502026
5769,.33411669
5771,.77634444
5774,
5776,-.33147765
5777,.45840248
5779,
5780,
5781,-2.0814007
5782,-2.0814007
5784,
5786,-1.0024771
5789,-1.9238268
5790,.98790898
5791,-2.0814007
5793,.04793233
5794,.04793233
5795,
5798,1.435342
5802,.98790898
5804,-2.5160027
5805,
5806,-.60296953
5809,-.90776581
5813,
5815,-1.9238268
5816,-1.0540541
5817,-2.5160027
5821,-1.483329
5823,-1.0540541
5825,
5828,-.33147765
5829,
5831,-1.483329
5833,-2.2700163
5835,-2.5160027
5837,-.70813547
5838,.4300625
5841,-2.2700163
5842,1.1138055
5847,-2.2700163
5848,
5849,-.77780074
5850,-2.5160027
5852,-1.6724922
5857,
5861,1.6533566
5862,-1.9238268
5866,-.08165227
5867,.36994846
5868,.74508253
5869,-1.7908803
5872,
5874,-1.3239427
5876,
5882,
5883,1.0876962
5887,
5894,-.90776581
5896,-1.3239427
5899,-.39956837
5903,
5906,.72544254
5907,.01043007
5908,.49354245
5913,
5918,
5920,-2.2700163
5921,
5922,-.09922813
5923,-1.2604906
5924,.28634366
5926,
5927,-.50502026
5931,-.21522309
5932,
5935,-.33147765
5936,-1.4071685
5940,
5941,1.4719793
5947,1.5534335
5948,-.46754668
5950,.77634444
5952,-.60296953
5953,-.70813547
5954,.14009368
5956,
5959,-.36173408
5961,-1.1371818
5962,-.33147765
5963,-.28629877
5964,-.14415165
5967,
5969,.40536967
5970,-1.6724922
5976,
5977,.14009368
5982,-.54682619
5983,-.60296953
5984,-1.1371818
5986,-.36173408
5989,.07228985
5990,.07228985
5995,-1.1922705
5997,-2.2700163
5998,.52240868
5999,-.65082627
6000,.98790898
6001,.17540672
6002,1.0876962
6003,1.1575171
6004,.68701991
6009,-1.9238268
6011,-2.5160027
6015,-2.0814007
6017,-2.0814007
6018,-.54682619
6020,-1.4071685
6021,1.2603443
6022,-.33147765
6023,1.7158564
6025,-1.1371818
6026,-.54682619
6031,
6037,.33411669
6038,.72544254
6040,-1.589653
6041,-2.2700163
6042,.62919856
6045,
6046,-1.589653
6049,
6050,
6052,
6054,-.36173408
6059,-1.1922705
6060,-.77780074
6061,-1.0024771
6062,-1.0024771
6064,-1.3239427
6066,
6068,.10124638
6069,
6070,-1.0024771
6072,
6073,1.033869
6074,.81073147
6075,.62919856
6078,1.1138055
6082,.34923103
6083,-1.4071685
6084,
6085,.04793233
6088,1.033869
6089,-1.0540541
6091,-.77780074
6094,
6096,.17540672
6097,.24836922
6098,-.14415165
6100,
6101,
6103,
6104,
6106,-1.2604906
6108,1.435342
6111,.17540672
6113,.04793233
6116,.32010895
6118,-.90776581
6119,-1.0540541
6120,-.46754668
6121,-.14415165
6123,-.9491955
6125,-1.9238268
6129,
6130,
6131,
6133,.58029399
6134,1.7158564
6143,-.9491955
6145,
6149,-.18041562
6151,1.1138055
6153,.2295245
6154,
6158,.96628106
6163,-1.6724922
6165,-1.0540541
6172,
6174,.34923103
6176,
6181,1.1138055
6182,-.70813547
6184,-.21522309
6185,-.39956837
6187,.77634444
6191,1.6533566
6192,
6193,.01043007
6195,-.65082627
6196,-2.2700163
6200,.34923103
6204,1.2603443
6205,-1.1922705
6206,-.33147765
6207,-.54682619
6210,.77634444
6213,.62919856
6214,.14009368
6215,1.1138055
6216,-1.6724922
6218,-1.483329
6219,-1.9238268
6220,-.14415165
6222,
6223,.52240868
6224,.10124638
6229,-.0240703
6230,.81073147
6231,-.18041562
6234,1.0656116
6236,-.65082627
6237,.75967013
6238,1.002561
6240,.96628106
6245,1.3456854
6247,.01043007
6248,1.2603443
6250,.64969307
6251,-.28629877
6252,1.033869
6254,-1.6724922
6256,.71022426
6257,-1.0024771
6261,.90596244
6263,1.5078384
6264,
6267,
6272,.2295245
6273,
6274,.83462245
6276,-.39956837
6282,-1.483329
6283,-.28629877
6285,
6286,.52240868
6288,
6292,-.50502026
6293,.4300625
6296,-.33147765
6297,-.84032833
6298,-1.2604906
6302,-.84032833
6303,-.05304987
6307,
6309,1.1834793
6311,.34923103
6314,.28634366
6316,1.1390651
6317,.01043007
6318,1.1390651
6320,-.84032833
6321,-.0240703
6324,.75967013
6325,.64969307
6326,.04793233
6327,.64969307
6331,.64969307
6332,1.2603443
6334,
6337,
6338,-.39956837
6340,.72544254
6342,
6343,
6344,.24836922
6347,.49354245
6348,-.24030674
6352,.36994846
6353,-1.1371818
6354,1.5078384
6357,-.39956837
6361,-.18041562
6362,.34923103
6363,
6364,-1.1922705
6366,-.33147765
6371,
6377,-.39956837
6381,.66717817
6383,1.2248676
6384,1.3039933
6385,.4300625
6387,-.24030674
6388,-2.0814007
6389,.83462245
6391,.87261758
6392,.60540257
6393,.33411669
6396,-.70813547
6397,.45840248
6398,
6402,-.46754668
6403,1.0656116
6404,
6405,.34923103
6406,.52240868
6409,1.033869
6410,.14009368
6411,-.90776581
6412,1.033869
6415,1.1390651
6416,.55437416
6417,
6423,1.1575171
6425,-.39956837
6430,.29985288
6432,-.05304987
6433,1.3039933
6434,.24836922
6435,.96628106
6438,.79402612
6439,1.5890485
6441,1.0876962
6442,.96628106
6443,.71022426
6445,-1.2604906
6446,
6449,.94255232
6450,
6452,
6453,1.1575171
6454,1.3881502
6455,.64969307
6459,
6460,-.43494443
6461,-1.3239427
6462,-1.483329
6464,-1.9238268
6466,-1.483329
6471,1.0656116
6472,.04793233
6476,.07228985
6478,1.5890485
6479,-.60296953
6480,-1.6724922
6481,.17540672
6485,.40536967
6486,.55437416
6488,1.1390651
6494,.58029399
6495,.36994846
6496,-.14415165
6497,-2.5160027
6502,-.14415165
6503,.74508253
6504,.49354245
6505,
6507,
6510,1.5890485
6512,1.5534335
6517,.71022426
6522,
6525,.28634366
6526,
6529,.17540672
6530,-1.1922705
6531,-.39956837
6532,
6533,
6534,
6537,-.21522309
6538,1.435342
6539,.33411669
6543,-1.589653
6545,
6547,-.24030674
6551,.75967013
6552,1.435342
6553,.29985288
6554,.04793233
6555,.58029399
6556,-.90776581
6559,-.77780074
6562,
6563,1.0876962
6565,1.5534335
6569,-.36173408
6570,-1.589653
6571,.52240868
6576,-1.6724922
6577,.26426754
6578,.96628106
6583,-1.2604906
6585,-1.2604906
6587,-.50502026
6593,
6595,
6596,-1.1371818
6597,
6600,
6602,
6604,-.0240703
6606,
6607,-.46754668
6608,-.9491955
6609,-.84032833
6610,
6611,
6612,
6613,
6614,
6619,
6620,-.36173408
6621,
6622,-1.0024771
6623,
6625,
6630,
6634,.24836922
6637,
6640,
6641,
6642,-.14415165
6643,-.54682619
6644,-.70813547
6647,-.54682619
6654,
6655,-1.483329
6656,-2.5160027
6657,
6658,
6661,
6662,
6664,.83462245
6668,
6669,
6670,
6672,
6674,-2.2700163
6675,
6676,-.70813547
6677,
6679,
6680,-.90776581
6681,-1.1922705
6683,1.1138055
6684,
6685,
6686,
6690,
6693,
6694,
6695,
6697,
6699,
6701,-1.4071685
6702,.74508253
6703,
6704,
6705,
6708,
6709,-1.0024771
6710,.36994846
6715,
6717,
6719,
6720,
6723,
6724,
6726,
6728,-2.2700163
6729,-.39956837
6732,
6733,
6734,-.21522309
6738,1.3881502
6739,
6740,-1.6724922
6742,-.18041562
6743,
6744,-.08165227
6745,.58029399
6747,.79402612
6755,
6758,-.70813547
6759,1.2603443
6761,-2.5160027
6762,-.90776581
6764,
6767,-.65082627
6768,-1.483329
6770,.36994846
6772,-.77780074
6773,.04793233
6778,-.65082627
6779,.20731482
6780,
6783,-1.483329
6784,-1.589653
6787,-1.9238268
6789,-1.1922705
6790,-2.5160027
6792,-.70813547
6796,-1.4071685
6797,-1.4071685
6798,.07228985
6800,
6802,
6804,-1.6724922
6806,.68701991
6812,-.60296953
6814,
6816,-.90776581
6819,.17540672
6824,.81073147
6826,.55437416
6827,-.70813547
6828,.83462245
6830,
6833,
6836,
6837,
6841,.14009368
6843,
6844,-2.0814007
6845,-1.4071685
6846,-.77780074
6847,-1.3239427
6848,
6850,-1.1371818
6853,
6854,
6856,-1.9238268
6859,.68701991
6860,.20731482
6861,.94255232
6862,.83462245
6863,-1.483329
6865,.45840248
6867,-.39956837
6870,-1.4071685
6871,-.9491955
6872,-2.0814007
6873,-1.2604906
6875,-1.589653
6876,.14009368
6877,
6878,
6879,.17540672
6886,.49354245
6887,-.46754668
6888,.29985288
6892,
6894,-.50502026
6899,-.50502026
6901,.45840248
6904,-.28629877
6907,
6910,-.05304987
6911,.26426754
6912,-.39956837
6915,-.36173408
6918,-1.7908803
6922,-1.7908803
6926,
6927,
6928,-1.589653
6929,-1.4071685
6932,
6934,-1.6724922
6939,1.0876962
6940,.40536967
6941,.20731482
6942,-.28629877
6943,-.39956837
6950,-.65082627
6954,-.84032833
6957,-1.4071685
6958,
6959,
6960,
6961,-.90776581
6963,
6966,.32010895
6968,
6969,-1.7908803
6970,
6973,.01043007
6974,.20731482
6975,-.08165227
6977,-1.0540541
6979,
6982,-2.2700163
6983,
6984,
6988,.55437416
6990,-1.3239427
6992,-1.0024771
6993,.58029399
6994,-1.4071685
6995,-1.1371818
6997,-1.6724922
6999,
7001,
7002,-.46754668
7005,
7008,
7009,-.70813547
7015,-2.2700163
7016,-2.0814007
7019,-1.0540541
7020,
7022,-.65082627
7023,-2.2700163
7025,
7027,-1.589653
7028,.14009368
7029,-1.589653
7030,-.09922813
7031,
7033,
7039,-.21522309
7040,-1.6724922
7043,-.65082627
7044,.72544254
7045,
7046,.2295245
7047,-.21522309
7049,-1.3239427
7051,.90596244
7052,.58029399
7055,-.21522309
7056,.10124638
7061,.45840248
7062,1.3039933
7065,-2.0814007
7067,-2.5160027
7068,-1.6724922
7071,
7074,-.50502026
7076,-.43494443
7077,-1.1371818
7078,.10124638
7080,1.033869
7085,-.50502026
7087,
7092,.01043007
7093,
7095,.72544254
7097,.66717817
7100,
7101,.81073147
7102,-.60296953
7103,.04793233
7104,
7108,.74508253
7109,-1.3239427
7113,-1.4071685
7114,-1.4071685
7115,-1.4071685
7116,-.46754668
7119,
7126,-1.483329
7127,-.9491955
7128,-1.589653
7129,
7130,
7131,
7134,-.65082627
7135,.66717817
7138,-.05304987
7141,-1.6724922
7143,.14009368
7146,-1.3239427
7149,-.54682619
7150,-.36173408
7153,.29985288
7155,1.5078384
7156,
7157,
7159,-1.0540541
7160,
7163,1.3039933
7165,
7167,-1.0540541
7168,.64969307
7170,.14009368
7171,-.9491955
7174,.79402612
7179,-1.4071685
7181,
7184,.29985288
7186,.87261758
7190,.29985288
7191,.62919856
7193,.87261758
7195,-.33147765
7196,-.14415165
7197,.96628106
7201,.2295245
7202,-.70813547
7203,
7205,
7206,1.5890485
7207,
7209,.20731482
7210,.04793233
7212,
7214,
7216,
7219,.14009368
7220,.04793233
7221,
7222,1.0656116
7223,.68701991
7224,.33411669
7225,
7227,-1.3239427
7228,
7229,-.70813547
7231,
7233,-2.2700163
7234,-1.4071685
7238,
7239,
7242,-.65082627
7245,
7246,-.77780074
7247,-2.0814007
7248,-1.483329
7249,-1.6724922
7250,
7251,-1.589653
7252,.83462245
7253,
7254,-.33147765
7255,-.28629877
7256,
7257,.55437416
7259,-.08165227
7260,-.9491955
7261,-.84032833
7265,
7266,-1.483329
7267,-2.0814007
7271,-1.4071685
7272,-.33147765
7274,-1.7908803
7276,-1.1371818
7277,.04793233
7278,-.50502026
7280,
7282,-2.5160027
7283,
7285,.24836922
7287,
7288,-.70813547
7289,.83462245
7290,-.09922813
7292,-.60296953
7297,
7298,
7299,
7300,
7307,.28634366
7308,-.0240703
7309,.28634366
7310,-1.1371818
7311,
7312,
7314,-.65082627
7315,
7316,-1.9238268
7320,
7322,.04793233
7323,.14009368
7325,-.0240703
7326,
7331,-1.9238268
7332,-.36173408
7334,-.84032833
7335,-.39956837
7336,.66717817
7337,-.77780074
7338,-.39956837
7339,1.435342
7342,-1.0540541
7343,-.18041562
7345,-1.4071685
7346,-.39956837
7347,-.21522309
7349,-.43494443
7350,-.65082627
7352,-.05304987
7353,-1.0540541
7354,-.54682619
7355,-.54682619
7356,-.77780074
7358,-.24030674
7360,1.2248676
7361,-1.7908803
7362,.07228985
7363,
7364,-1.0024771
7369,-1.7908803
7372,-1.2604906
7375,-.84032833
7376,-1.6724922
7377,-1.7908803
7383,1.0876962
7386,-.60296953
7387,-2.2700163
7389,-.0240703
7393,
7394,1.5890485
7396,-.33147765
7397,-2.5160027
7398,
7402,.66717817
7403,-1.4071685
7405,
7412,-.65082627
7413,
7415,-.54682619
7416,
7417,-.50502026
7418,
7421,.92698556
7423,
7424,-1.1371818
7425,-2.2700163
7426,-1.3239427
7427,-.46754668
7428,-.24030674
7430,-1.1922705
7431,
7433,-1.0540541
7435,.45840248
7436,-1.7908803
7439,-1.6724922
7441,.2295245
7442,-.08165227
7447,
7448,-1.7908803
7449,-1.6724922
7451,
7453,
7455,-.60296953
7457,-.36173408
7458,-1.0024771
7459,-2.5160027
7461,-1.1371818
7462,-2.2700163
7463,-1.1922705
7464,-.09922813
7465,-.77780074
7466,
7471,-1.483329
7472,-.43494443
7473,.10124638
7474,.34923103
7475,
7476,-.39956837
7481,-.84032833
7483,-2.0814007
7484,-.50502026
7485,-1.483329
7488,
7490,
7497,.52240868
7498,-1.6724922
7500,-.46754668
7502,-1.7908803
7503,-1.0540541
7505,
7506,-.77780074
7507,-.54682619
7510,.26426754
7515,-.33147765
7516,.68701991
7518,-.9491955
7522,-.28629877
7523,.45840248
7524,-2.5160027
7526,
7529,
7532,-.0240703
7537,-.21522309
7538,1.2248676
7540,-1.2604906
7542,
7544,
7547,.10124638
7548,.04793233
7549,-.54682619
7550,.83462245
7552,-1.0024771
7553,.01043007
7554,-.70813547
7558,-.9491955
7560,-.46754668
7561,-1.2604906
7562,-1.7908803
7564,.52240868
7565,-.28629877
7566,.33411669
7567,-.08165227
7568,-.14415165
7569,-.90776581
7570,-.28629877
7572,
7573,
7578,.26426754
7581,-.09922813
7583,
7585,-.70813547
7589,.55437416
7594,1.3881502
7595,.20731482
7596,-1.2604906
7597,-.09922813
7599,-1.6724922
7600,-.50502026
7602,-1.3239427
7604,.36994846
7607,-.9491955
7615,.36994846
7620,
7621,1.5078384
7624,
7627,-2.5160027
7629,
7630,-2.5160027
7631,-2.2700163
7638,
7640,
7641,-.05304987
7642,.92698556
7643,.26426754
7645,-1.2604906
7648,-2.5160027
7649,-1.6724922
7651,1.1390651
7656,-.46754668
7658,
7660,-.24030674
7661,-2.5160027
7663,
7664,
7667,1.0656116
7669,
7670,
7672,
7673,
7674,
7675,-1.589653
7676,-.90776581
7677,-1.6724922
7678,-1.1922705
7680,
7691,
7693,-.54682619
7696,
7699,
7700,
7703,
7704,-.84032833
7706,.96628106
7710,-1.1922705
7712,
7714,
7718,
7721,
7722,.36994846
7723,.71022426
7725,
7726,
7727,-1.589653
7729,-2.5160027
7731,.28634366
7733,-1.7908803
7735,-1.4071685
7737,-2.0814007
7739,-1.9238268
7742,-1.6724922
7744,-1.2604906
7745,.45840248
7746,-.70813547
7747,-2.5160027
7748,-.46754668
7749,-1.483329
7750,-2.5160027
7751,-1.589653
7752,-.84032833
7753,
7755,
7757,-.9491955
7759,-.9491955
7760,-.43494443
7761,-.09922813
7763,-2.2700163
7768,-.50502026
7771,.10124638
7772,-.39956837
7775,
7776,
7778,
7779,.14009368
7783,-.50502026
7784,-.54682619
7785,
7786,
7788,
7789,
7790,.49354245
7791,
7796,-1.9238268
7797,-1.1922705
7799,.94255232
7800,.4300625
7802,-.65082627
7803,-.08165227
7805,.14009368
7806,.55437416
7807,-.36173408
7808,
7810,-1.2604906
7812,
7818,-1.1922705
7820,-.60296953
7821,-.21522309
7822,-1.0540541
7825,1.2248676
7827,
7831,-1.483329
7832,-.65082627
7833,
7834,-.39956837
7835,-.9491955
7838,
7839,-1.1922705
7845,.01043007
7847,-1.2604906
7848,-1.483329
7849,.55437416
7850,.07228985
7854,.92698556
7855,.98790898
7859,-.05304987
7860,
7861,.68701991
7862,-.43494443
7864,
7865,-.05304987
7866,-2.2700163
7867,
7869,-2.2700163
7875,-.33147765
7876,-2.2700163
7879,
7881,-1.589653
7882,
7883,-1.4071685
7884,-1.6724922
7885,-2.0814007
7889,-1.6724922
7890,-1.6724922
7891,-2.2700163
7893,-2.0814007
7894,-2.2700163
7897,
7898,.40536967
7900,
7902,-1.6724922
7905,-2.0814007
7910,-2.0814007
7912,-.46754668
7913,
7914,
7915,1.0656116
7916,
7917,
7919,-2.2700163
7921,
7928,-1.7908803
7929,-.50502026
7930,-1.1922705
7933,-.54682619
7934,-.70813547
7935,-1.589653
7936,1.3456854
7940,
7943,
7944,
7948,-.0240703
7949,
7952,.4300625
7953,-1.9238268
7955,-1.6724922
7956,-.54682619
7963,-.70813547
7965,-.18041562
7967,-.36173408
7968,-.90776581
7969,
7970,
7971,
7972,-.9491955
7973,.28634366
7974,
7975,
7981,-.0240703
7982,
7983,-2.2700163
7984,-1.589653
7988,-.21522309
7990,
7991,
7993,-1.6724922
7994,-1.1371818
7997,-.28629877
7998,-2.2700163
8001,-1.0540541
8002,
8003,-1.0540541
8004,-.65082627
8005,
8015,
8016,-1.4071685
8025,.10124638
8026,-1.9238268
8028,-1.0024771
8029,-2.5160027
8031,-1.0540541
8032,.36994846
8034,.87261758
8035,
8036,
8038,.28634366
8040,
8041,
8042,-1.1371818
8043,
8045,
8046,-1.4071685
8047,-1.1922705
8049,
8050,-1.0540541
8051,.4300625
8052,
8053,-1.1371818
8055,-.65082627
8057,-1.589653
8058,
8059,.20731482
8062,-2.2700163
8063,
8065,
8071,-.54682619
8072,-.09922813
8073,-1.0024771
8076,
8077,.66717817
8078,.29985288
8087,1.3039933
8088,-.90776581
8090,
8094,
8099,-1.2604906
8100,
8101,
8102,.36994846
8104,
8105,.14009368
8108,.81073147
8109,-.84032833
8110,-1.9238268
8124,-1.6724922
8126,
8129,-.18041562
8130,.01043007
8132,-.77780074
8135,-1.2604906
8136,-.50502026
8137,-1.0024771
8138,-.84032833
8142,-1.589653
8145,-2.5160027
8148,.52240868
8149,.34923103
8150,-1.4071685
8151,.07228985
8152,.52240868
8153,-.50502026
8154,-.43494443
8156,-1.0540541
8157,-1.1922705
8158,-2.2700163
8159,
8160,-.33147765
8161,-.05304987
8162,-1.3239427
8164,-1.0540541
8165,-1.483329
8166,-1.3239427
8168,.26426754
8169,-.18041562
8171,-.77780074
8172,.45840248
8173,
8174,-2.0814007
8177,.14009368
8179,1.1834793
8180,1.1575171
8181,-.09922813
8186,.32010895
8187,-.46754668
8190,1.2248676
8191,.33411669
8192,
8193,
8194,1.1575171
8196,
8197,.90596244
8198,.26426754
8199,-1.589653
8200,.52240868
8206,-1.9238268
8209,-1.0024771
8213,-1.0024771
8214,1.435342
8216,-.24030674
8220,-1.589653
8221,
8222,-.77780074
8223,1.5078384
8224,.90596244
8227,-.46754668
8228,-.18041562
8229,-.28629877
8231,
8234,-.60296953
8236,-1.0024771
8238,.24836922
8241,.34923103
8243,-1.3239427
8246,
8247,-2.2700163
8250,1.3039933
8252,-1.589653
8253,-.09922813
8260,.10124638
8261,.52240868
8262,-2.5160027
8263,
8266,.24836922
8267,-.77780074
8268,-2.2700163
8269,-2.2700163
8270,-2.2700163
8274,
8275,-.24030674
8278,-.28629877
8279,-.84032833
8280,.36994846
8282,.14009368
8284,1.5078384
8285,1.435342
8287,-1.1371818
8291,-1.7908803
8294,-.09922813
8295,
8298,-1.4071685
8302,
8305,
8306,-.50502026
8310,-.77780074
8312,-.43494443
8313,-.28629877
8316,-1.9238268
8317,-1.1922705
8321,-.77780074
8322,
8324,-.0240703
8326,-.28629877
8328,
8330,.20731482
8332,-.50502026
8333,-1.2604906
8338,-.18041562
8339,.10124638
8340,-1.4071685
8344,.04793233
8346,.14009368
8347,-.14415165
8348,-1.9238268
8349,
8350,-.36173408
8352,-2.0814007
8353,-2.0814007
8354,1.002561
8355,-1.4071685
8359,-1.483329
8360,-1.3239427
8361,-.21522309
8371,.32010895
8375,
8376,.4300625
8379,-.36173408
8380,
8381,
8383,-.08165227
8384,-.70813547
8387,-1.6724922
8388,-1.7908803
8389,-2.0814007
8395,.36994846
8398,-.50502026
8399,-.33147765
8404,-1.0024771
8407,
8409,
8410,-1.4071685
8412,
8416,-.0240703
8417,-2.0814007
8419,-2.0814007
8420,-.54682619
8421,-1.6724922
8423,-.0240703
8425,-1.9238268
8426,-1.0540541
8428,-.50502026
8429,-.70813547
8430,
8432,.60540257
8433,.96628106
8434,-.21522309
8436,
8437,
8441,-1.6724922
8442,
8443,
8445,
8446,-1.1371818
8447,-.50502026
8448,
8449,-1.9238268
8452,-1.483329
8453,.87261758
8454,-1.2604906
8455,-.09922813
8457,-.77780074
8460,-.46754668
8462,.58029399
8463,-2.5160027
8464,-2.5160027
8465,
8466,
8473,-1.9238268
8474,-.43494443
8475,-.08165227
8477,-2.2700163
8481,.94255232
8482,-1.6724922
8483,-2.0814007
8484,
8485,
8486,
8487,-.33147765
8488,
8489,-1.3239427
8500,.64969307
8501,1.1575171
8503,-.24030674
8504,.10124638
8507,-1.9238268
8511,
8514,-1.0024771
8516,
8517,
8518,
8519,-.36173408
8521,.26426754
8523,-1.0540541
8527,-2.5160027
8528,-.28629877
8529,.29985288
8530,-.77780074
8533,-1.6724922
8536,-1.0024771
8537,-1.4071685
8538,-1.1371818
8539,
8541,
8542,-.84032833
8543,-.77780074
8544,1.3456854
8547,
8548,-1.6724922
8550,-.77780074
8551,.40536967
8553,-.70813547
8554,
8557,-.43494443
8558,
8559,-.77780074
8560,-1.1371818
8563,-.46754668
8565,.64969307
8566,-.24030674
8567,.04793233
8568,-.28629877
8570,.71022426
8571,-1.589653
8572,
8574,-.65082627
8576,
8581,
8585,.2295245
8587,-1.1371818
8591,.07228985
8592,.01043007
8593,-.46754668
8594,
8595,
8597,.29985288
8598,-.65082627
8599,-.90776581
8602,-.28629877
8604,-2.2700163
8605,-1.2604906
8606,.66717817
8607,.17540672
8612,-.28629877
8613,
8614,1.1834793
8615,
8617,-2.2700163
8618,.17540672
8619,.34923103
8621,
8623,-.39956837
8625,
8631,-1.6724922
8635,
8636,
8637,
8639,-1.9238268
8642,-1.0540541
8643,-.90776581
8647,-.77780074
8654,
8655,
8656,-2.2700163
8657,-1.1371818
8658,
8660,-1.0540541
8662,
8665,-1.6724922
8666,
8667,-.90776581
8674,-1.9238268
8675,.29985288
8676,.55437416
8677,.20731482
8683,-1.1371818
8684,.71022426
8686,
8690,.94255232
8691,.33411669
8692,-1.4071685
8694,-1.1922705
8702,
8704,
8706,.28634366
8707,.49354245
8708,-.90776581
8709,1.2248676
8710,.81073147
8714,.01043007
8718,-1.6724922
8719,-2.0814007
8721,.07228985
8724,.34923103
8734,
8736,
8738,
8739,-.09922813
8741,
8742,
8746,-2.0814007
8747,-1.4071685
8750,.90596244
8753,-.54682619
8754,-1.4071685
8755,-2.2700163
8756,.4300625
8757,-.24030674
8758,-.77780074
8759,-.43494443
8760,1.033869
8761,-2.5160027
8763,.55437416
8764,1.5078384
8770,-.77780074
8771,-1.9238268
8772,-1.1371818
8773,1.1575171
8776,-1.6724922
8777,
8779,
8783,
8786,-.65082627
8788,-.09922813
8789,-.21522309
8794,-.9491955
8795,.77634444
8798,-.33147765
8799,-.0240703
8800,-.65082627
8801,-.43494443
8802,
8803,-1.0024771
8804,-.09922813
8807,.14009368
8811,.04793233
8816,.40536967
8817,
8819,
8820,
8823,-2.2700163
8824,-.09922813
8825,-1.2604906
8828,
8833,
8834,
8835,1.1575171
8836,.40536967
8838,.10124638
8839,-1.6724922
8841,.07228985
8842,-1.2604906
8843,-1.6724922
8846,-.0240703
8847,-.14415165
8849,-.50502026
8852,-1.1922705
8854,
8855,-.50502026
8857,
8858,
8862,-1.2604906
8864,-1.7908803
8868,-.77780074
8869,
8872,
8877,1.5078384
8878,.55437416
8879,.58029399
8880,
8885,-1.1371818
8886,-1.4071685
8890,
8892,-1.0024771
8893,1.1390651
8895,-1.6724922
8900,.52240868
8901,-.54682619
8903,.60540257
8907,-1.3239427
8908,-1.0540541
8909,-.39956837
8910,-.90776581
8911,-.77780074
8913,
8914,-.50502026
8918,.72544254
8921,-.14415165
8928,.33411669
8930,
8932,-.18041562
8933,.24836922
8934,.07228985
8939,-2.0814007
8940,-.77780074
8942,-1.9238268
8943,-1.1371818
8945,
8948,-1.4071685
8949,1.3456854
8952,-1.4071685
8955,-.90776581
8956,.26426754
8957,1.1834793
8958,
8959,
8960,-.05304987
8963,-1.1922705
8965,
8967,
8970,-1.6724922
8971,-.54682619
8977,
8978,1.3881502
8979,.72544254
8982,.68701991
8983,.26426754
8984,-.77780074
8985,.52240868
8986,1.033869
8990,-1.9238268
8992,1.435342
8995,-1.9238268
8996,-1.4071685
8999,.26426754
9000,-1.3239427
9005,.04793233
9006,-.08165227
9007,
9009,.92698556
9010,.52240868
9013,
9017,.36994846
9019,-.77780074
9020,1.5890485
9021,-.05304987
