"FIPS","Region","Table","LineCode","FirstYear","LineTitle","AreaName","1969","1970","1971","1972","1973","1974","1975","1976","1977","1978","1979","1980","1981","1982","1983","1984","1985","1986","1987","1988","1989","1990","1991","1992","1993","1994","1995","1996","1997","1998","1999","2000","2001","2002","2003","2004","2005","2006","2007","2008","2009","2010","2011","2012"
"44000","1","CA04","10","1969","Personal income (thousands of dollars)","Rhode Island state total",3585577,3895481,4130959,4504127,4845987,5135040,5537087,6083971,6662159,7309324,8128378,9150617,10229027,11011338,11849080,13109989,14086338,15094528,16217149,17845029,19401859,19939620,20194189,21082163,21926694,22552828,23760736,24807044,26271050,27784316,28861317,30980284,33358100,34790916,36386285,38118500,38992878,41257610,43125881,44143873,43470708,45267567,46881303,48184495
"44000","1","CA04","11","1969","    Nonfarm personal income 1/","Rhode Island state total",3577658,3886345,4122941,4496542,4839992,5126576,5528566,6075186,6654426,7300655,8121258,9143221,10220599,10984476,11812585,13078068,14045218,15051901,16176931,17803620,19370144,19909629,20163121,21053521,21897645,22528559,23737052,24784488,26256157,27769809,28846816,30964411,33341231,34769918,36364370,38094702,38969829,41236756,43104694,44128552,43455781,45251935,46868480,48171346
"44000","1","CA04","12","1969","    Farm income 2/","Rhode Island state total",7919,9136,8018,7585,5995,8464,8521,8785,7733,8669,7120,7396,8428,26862,36495,31921,41120,42627,40218,41409,31715,29991,31068,28642,29049,24269,23684,22556,14893,14507,14501,15873,16869,20998,21915,23798,23049,20854,21187,15321,14927,15632,12823,13149
"44000","1","CA04","20","1969","Population (persons) 3/","Rhode Island state total",932000,950561,963974,976365,978010,953503,946339,950321,955128,957237,956643,948773,953012,954170,956382,961895,968956,977340,989605,996407,1000666,1005995,1010649,1012581,1015112,1015960,1017002,1020893,1025353,1031155,1040402,1050268,1057142,1065995,1071342,1074579,1067916,1063096,1057315,1055003,1053646,1052769,1050646,1050292
"44000","1","CA04","30","1969","Per capita personal income (dollars) 4/","Rhode Island state total",3847,4098,4285,4613,4955,5385,5851,6402,6975,7636,8497,9645,10733,11540,12389,13629,14538,15445,16387,17909,19389,19821,19981,20820,21600,22199,23364,24299,25621,26945,27741,29498,31555,32637,33963,35473,36513,38809,40788,41842,41257,42999,44621,45877
"44000","1","CA04","35","1969","    Earnings by place of work","Rhode Island state total",2908876,3125967,3284805,3621261,3879460,3981958,4120995,4640094,5104252,5667762,6304125,6868486,7414129,7811931,8426312,9347600,10128661,10956865,11875487,13083848,13779724,14084764,13853431,14710334,15247194,15781633,16565909,17103498,18032465,19148249,20141765,21625872,23074736,24312002,25625915,26954313,27691011,29171390,29748374,30038162,29218150,30553276,31212060,32040410
"44000","1","CA04","36","1969","    Less: Contributions for government social insurance 5/","Rhode Island state total",230034,244647,266576,305888,380586,409510,415186,472479,519960,596650,684471,745606,849004,899648,988170,1135898,1220421,1330385,1430435,1598875,1664396,1791739,1798147,1916096,2006876,2097542,2171599,2213314,2320771,2457996,2575421,2744917,2866440,2963484,3119779,3286979,3405037,3590363,3701367,3751971,3696127,3780108,3505779,3599483
"44000","1","CA04","37","1969","        Employee and self-employed contributions for government social insurance","Rhode Island state total",107057,113361,122518,136321,173279,188287,192306,210305,229989,259717,300781,332544,376352,407314,446737,500683,552757,612618,670505,759104,810093,882318,906127,968058,1009447,1057629,1099914,1125997,1186334,1265612,1337216,1429505,1510882,1578265,1661512,1757450,1810019,1915134,1996570,2031833,1985151,2023226,1685779,1719063
"44000","1","CA04","38","1969","        Employer contributions for government social insurance","Rhode Island state total",122977,131286,144058,169567,207307,221223,222880,262174,289971,336933,383690,413062,472652,492334,541433,635215,667664,717767,759930,839771,854303,909421,892020,948038,997429,1039913,1071685,1087317,1134437,1192384,1238205,1315412,1355558,1385219,1458267,1529529,1595018,1675229,1704797,1720138,1710976,1756882,1820000,1880420
"44000","1","CA04","42","1969","    Plus: Adjustment for residence 6/","Rhode Island state total",64784,66298,61241,55583,70514,87772,81703,88812,103272,102409,110416,123985,155187,208763,264647,335299,393549,416894,483217,557909,618989,664244,690598,707966,748426,819853,849841,917428,978063,1059867,1154060,1318767,1301313,1215913,1194592,1293067,1293398,1331993,1451050,1487145,1396059,1398730,1529076,1573236
"44000","1","CA04","45","1969","    Equals: Net earnings by place of residence","Rhode Island state total",2743626,2947618,3079470,3370956,3569388,3660220,3787512,4256427,4687564,5173521,5730070,6246865,6720312,7121046,7702789,8547001,9301789,10043374,10928269,12042882,12734317,12957269,12745882,13502204,13988744,14503944,15244151,15807612,16689757,17750120,18720404,20199722,21509609,22564431,23700728,24960401,25579372,26913020,27498057,27773336,26918082,28171898,29235357,30014163
"44000","1","CA04","46","1969","    Plus: Dividends, interest, and rent 7/","Rhode Island state total",494753,524853,554834,587544,651930,741234,777655,834733,934696,1024608,1163525,1475752,1875169,2096953,2233906,2597911,2698068,2880726,3053355,3411803,4058353,4097888,3944688,3926246,3972454,4106107,4359904,4764689,5082630,5486274,5409559,5872968,6356299,6496359,6793508,6873031,6874408,7564179,8203222,8387202,7608371,7739242,8225764,8727893
"44000","1","CA04","47","1969","    Plus: Personal current transfer receipts","Rhode Island state total",347198,423010,496655,545627,624669,733586,971920,992811,1039899,1111195,1234783,1428000,1633546,1793339,1912385,1965077,2086481,2170428,2235525,2390344,2609189,2884463,3503619,3653713,3965496,3942777,4156681,4234743,4498663,4547922,4731354,4907594,5492192,5730126,5892049,6285068,6539098,6780411,7424602,7983335,8944255,9356427,9420182,9442439
"44000","1","CA04","50","1969","    Wages and salaries","Rhode Island state total",2382283,2553137,2662666,2923655,3108337,3178078,3260582,3618339,3930159,4359416,4833357,5256206,5673684,5936949,6348947,7020574,7548389,8191695,8940462,9761819,10271948,10576793,10318213,10847552,11208997,11537837,12175375,12577361,13375268,14275921,15052839,16138047,16763538,17464527,18460692,19224910,19817125,20806748,21408293,21667043,20926936,21505663,22134736,22742926
"44000","1","CA04","60","1969","    Supplements to wages and salaries","Rhode Island state total",286838,327650,366305,426506,482439,508531,547287,655764,751883,860709,965497,1080104,1227092,1326347,1443443,1636740,1757290,1894712,2018281,2203240,2340469,2442267,2448694,2690699,2798471,2838175,2881532,2918737,2994488,3109330,3288951,3511920,3923461,4193511,4466425,4798359,5062096,5387398,5566470,5677866,5472876,5969326,5816798,5904489
"44000","1","CA04","61","1969","        Employer contributions for employee pension and insurance funds 8/","Rhode Island state total",163861,196364,222247,256939,275132,287308,324407,393590,461912,523776,581807,667042,754440,834013,902010,1001525,1089626,1176945,1258351,1363469,1486166,1532846,1556674,1742661,1801042,1798262,1809847,1831420,1860051,1916946,2050746,2196508,2567903,2808292,3008158,3268830,3467078,3712169,3861673,3957728,3761900,4212444,3996798,4024069
"44000","1","CA04","62","1969","        Employer contributions for government social insurance","Rhode Island state total",122977,131286,144058,169567,207307,221223,222880,262174,289971,336933,383690,413062,472652,492334,541433,635215,667664,717767,759930,839771,854303,909421,892020,948038,997429,1039913,1071685,1087317,1134437,1192384,1238205,1315412,1355558,1385219,1458267,1529529,1595018,1675229,1704797,1720138,1710976,1756882,1820000,1880420
"44000","1","CA04","70","1969","    Proprietors' income 9/","Rhode Island state total",239755,245180,255834,271100,288684,295349,313126,365991,422210,447637,505271,532176,513353,548635,633922,690286,822982,870458,916744,1118789,1167307,1065704,1086524,1172083,1239726,1405621,1509002,1607400,1662709,1762998,1799975,1975905,2387737,2653964,2698798,2931044,2811790,2977244,2773611,2693253,2818338,3078287,3260526,3392995
"44000","1","CA04","71","1969","        Farm proprietors' income","Rhode Island state total",4552,5940,4768,4258,2705,4976,4873,5035,3294,3747,1773,1839,2992,20482,29904,24923,33595,35178,32114,32541,22780,19988,21802,20058,19561,14859,13074,11380,2914,2334,3297,2796,3252,3932,6377,8615,10685,7049,5414,-185,62,1449,447,-1546
"44000","1","CA04","72","1969","        Nonfarm proprietors' income","Rhode Island state total",235203,239240,251066,266842,285979,290373,308253,360956,418916,443890,503498,530337,510361,528153,604018,665363,789387,835280,884630,1086248,1144527,1045716,1064722,1152025,1220165,1390762,1495928,1596020,1659795,1760664,1796678,1973109,2384485,2650032,2692421,2922429,2801105,2970195,2768197,2693438,2818276,3076838,3260079,3394541
"44001","1","CA04","10","1969","Personal income (thousands of dollars)","Bristol, RI ",195122,204859,217876,233012,252599,270060,290199,323246,356768,389213,436755,491051,554201,602510,649759,727304,777449,830189,889195,1006620,1114668,1116751,1123118,1192523,1236144,1284861,1397312,1460204,1511424,1609821,1739436,1853616,2008654,2103077,2211881,2329518,2378146,2561172,2672029,2658100,2539859,2640635,2752787,2853446
"44001","1","CA04","11","1969","    Nonfarm personal income 1/","Bristol, RI ",194549,204257,217311,232413,252094,269510,289592,322630,356225,388638,436363,490700,553844,601759,648858,726489,776410,829023,888169,1005456,1113412,1115415,1121526,1190966,1234654,1283751,1396282,1459357,1511085,1609532,1739100,1853173,2008142,2102482,2211257,2328876,2377431,2560745,2671906,2658092,2539895,2640842,2752985,2853527
"44001","1","CA04","12","1969","    Farm income 2/","Bristol, RI ",573,602,565,599,505,550,607,616,543,575,392,351,357,751,901,815,1039,1166,1026,1164,1256,1336,1592,1557,1490,1110,1030,847,339,289,336,443,512,595,624,642,715,427,123,8,-36,-207,-198,-81
"44001","1","CA04","20","1969","Population (persons) 3/","Bristol, RI ",44870,45880,46264,46702,46849,46692,46707,47176,47761,47734,46845,46827,46258,46487,47279,47374,47630,48201,48456,49269,48866,48915,49130,49310,49604,49656,49750,49868,50028,50328,50466,50697,50942,51850,51658,52213,51667,50996,50914,50668,50075,49860,49235,49144
"44001","1","CA04","30","1969","Per capita personal income (dollars) 4/","Bristol, RI ",4349,4465,4709,4989,5392,5784,6213,6852,7470,8154,9323,10486,11981,12961,13743,15352,16323,17223,18351,20431,22811,22830,22860,24184,24920,25875,28087,29281,30212,31987,34467,36563,39430,40561,42818,44616,46028,50223,52481,52461,50721,52961,55911,58063
"44001","1","CA04","35","1969","    Earnings by place of work","Bristol, RI ",92435,96726,100374,101644,112406,119509,123686,145021,159471,167354,186889,192084,210200,219492,239495,272107,284383,306047,325335,367092,385673,375728,362296,378520,390060,413906,447039,464551,471069,511593,543654,578791,636988,695502,761707,793134,815377,842160,866462,882930,839815,860270,872922,907992
"44001","1","CA04","36","1969","    Less: Contributions for government social insurance 5/","Bristol, RI ",7587,7883,8435,8938,11537,12785,12937,15122,16639,18147,21003,21297,24894,26154,28880,34356,35359,38626,40935,46849,48392,49846,49659,52624,55279,58526,61802,63032,65084,70800,74173,79177,82730,86870,94238,99764,104321,108416,113475,116540,112413,112665,104752,106677
"44001","1","CA04","37","1969","        Employee and self-employed contributions for government social insurance","Bristol, RI ",3743,3894,4165,4312,5610,6208,6311,7017,7689,8293,9635,10174,11573,12616,13917,16035,16982,18771,20342,23427,25026,26141,27121,29054,30176,32256,34075,34946,35620,38677,41195,43851,47375,50811,54891,58012,60136,62937,66582,68511,65948,65802,56852,57936
"44001","1","CA04","38","1969","        Employer contributions for government social insurance","Bristol, RI ",3844,3989,4270,4626,5927,6577,6626,8105,8950,9854,11368,11123,13321,13538,14963,18321,18377,19855,20593,23422,23366,23705,22538,23570,25103,26270,27727,28086,29464,32123,32978,35326,35355,36059,39347,41752,44185,45479,46893,48029,46465,46863,47900,48741
"44001","1","CA04","42","1969","    Plus: Adjustment for residence 6/","Bristol, RI ",63522,64717,68952,78954,82722,83403,86251,95958,107885,127188,143742,168309,179304,196187,216279,238993,264370,287686,318046,346338,367868,380323,391043,435910,455651,452303,498729,511128,548045,554316,650175,680775,726137,750686,773702,801220,815789,860113,892335,890210,872998,920471,994016,1020148
"44001","1","CA04","45","1969","    Equals: Net earnings by place of residence","Bristol, RI ",148370,153560,160891,171660,183591,190127,197000,225857,250717,276395,309628,339096,364610,389525,426894,476744,513394,555107,602446,666581,705149,706205,703680,761806,790432,807683,883966,912647,954030,995109,1119656,1180389,1280395,1359318,1441171,1494590,1526845,1593857,1645322,1656600,1600400,1668076,1762186,1821463
"44001","1","CA04","46","1969","    Plus: Dividends, interest, and rent 7/","Bristol, RI ",33704,35557,37625,39978,44804,51055,51458,55844,62332,66842,77638,95005,124061,139387,143871,168950,178414,186744,197056,245155,304376,293851,283991,285627,295494,315032,344210,370831,371621,426875,427498,471281,505432,511967,535551,587057,589637,686802,728076,678475,573543,598168,615440,650106
"44001","1","CA04","47","1969","    Plus: Personal current transfer receipts","Bristol, RI ",13048,15742,19360,21374,24204,28878,41741,41545,43719,45976,49489,56950,65530,73598,78994,81610,85641,88338,89693,94884,105143,116695,135447,145090,150218,162146,169136,176726,185773,187837,192282,201946,222827,231792,235159,247871,261664,280513,298631,323025,365916,374391,375161,381877
"44001","1","CA04","50","1969","    Wages and salaries","Bristol, RI ",68400,72024,73799,74366,82308,87986,89533,103581,112019,117055,131457,132864,149349,154786,165555,190389,196052,214095,229198,257535,266954,265287,251307,261644,268990,280977,301513,313077,333726,365006,379253,405852,421188,442524,483895,506627,525941,541369,569104,581513,549380,549979,557318,567315
"44001","1","CA04","60","1969","    Supplements to wages and salaries","Bristol, RI ",8843,9871,10551,10798,12883,14520,15362,19022,21643,23280,26181,27231,32313,34640,37827,44161,45387,49582,52669,58200,60929,61152,57927,62310,65110,67001,69867,70253,72131,78972,84250,89934,99298,106288,117881,128610,136339,141830,149830,156140,147794,157612,151321,154250
"44001","1","CA04","61","1969","        Employer contributions for employee pension and insurance funds 8/","Bristol, RI ",4999,5882,6281,6172,6956,7943,8736,10917,12693,13426,14813,16108,18992,21102,22864,25840,27010,29727,32076,34778,37563,37447,35389,38740,40007,40731,42140,42167,42667,46849,51272,54608,63943,70229,78534,86858,92154,96351,102937,108111,101329,110749,103421,105509
"44001","1","CA04","62","1969","        Employer contributions for government social insurance","Bristol, RI ",3844,3989,4270,4626,5927,6577,6626,8105,8950,9854,11368,11123,13321,13538,14963,18321,18377,19855,20593,23422,23366,23705,22538,23570,25103,26270,27727,28086,29464,32123,32978,35326,35355,36059,39347,41752,44185,45479,46893,48029,46465,46863,47900,48741
"44001","1","CA04","70","1969","    Proprietors' income 9/","Bristol, RI ",15192,14831,16024,16480,17215,17003,18791,22418,25809,27019,29251,31989,28538,30066,36113,37557,42944,42370,43468,51357,57790,49289,53062,54566,55960,65928,75659,81221,65212,67615,80151,83005,116502,146690,159931,157897,153097,158961,147528,145277,142641,152679,164283,186427
"44001","1","CA04","71","1969","        Farm proprietors' income","Bristol, RI ",422,452,407,431,341,368,429,446,353,373,181,118,130,515,663,568,820,954,819,950,954,986,1275,1207,1267,870,790,511,11,-3,91,111,173,189,208,252,473,207,-190,-252,-299,-331,-279,-206
"44001","1","CA04","72","1969","        Nonfarm proprietors' income","Bristol, RI ",14770,14379,15617,16049,16874,16635,18362,21972,25456,26646,29070,31871,28408,29551,35450,36989,42124,41416,42649,50407,56836,48303,51787,53359,54693,65058,74869,80710,65201,67618,80060,82894,116329,146501,159723,157645,152624,158754,147718,145529,142940,153010,164562,186633
"44003","1","CA04","10","1969","Personal income (thousands of dollars)","Kent, RI ",543641,582542,620257,684799,754234,818658,901276,997134,1096403,1205121,1365035,1569377,1744518,1859632,1992738,2191874,2325463,2503521,2711344,2978072,3220738,3310443,3370773,3524181,3680397,3788921,3996380,4200216,4436959,4657593,4889351,5217712,5548297,5828187,6179449,6443632,6599791,6990781,7299194,7444112,7330875,7555253,7820958,8029602
"44003","1","CA04","11","1969","    Nonfarm personal income 1/","Kent, RI ",543112,581935,619783,684351,753881,818222,900713,996699,1096072,1205025,1364678,1568896,1743707,1858030,1991236,2190509,2323782,2501911,2710341,2977127,3219981,3309696,3369775,3522971,3678983,3787853,3995357,4199156,4436210,4657008,4888993,5217154,5547886,5827734,6179033,6442887,6599471,6990752,7299366,7444472,7330858,7554556,7821263,8029781
"44003","1","CA04","12","1969","    Farm income 2/","Kent, RI ",529,607,474,448,353,436,563,435,331,96,357,481,811,1602,1502,1365,1681,1610,1003,945,757,747,998,1210,1414,1068,1023,1060,749,585,358,558,411,453,416,745,320,29,-172,-360,17,697,-305,-179
"44003","1","CA04","20","1969","Population (persons) 3/","Kent, RI ",138921,142590,144814,147335,149030,149482,149975,151903,154484,154250,154280,154219,154084,153908,153901,154905,156019,157306,159908,160284,160283,161463,162230,163076,163967,164223,164106,164373,164505,164932,166044,167516,168516,169478,170641,170539,169815,168522,167515,167269,166766,166038,165416,164843
"44003","1","CA04","30","1969","Per capita personal income (dollars) 4/","Kent, RI ",3913,4085,4283,4648,5061,5477,6010,6564,7097,7813,8848,10176,11322,12083,12948,14150,14905,15915,16956,18580,20094,20503,20778,21611,22446,23072,24352,25553,26972,28239,29446,31148,32924,34389,36213,37784,38865,41483,43573,44504,43959,45503,47281,48711
"44003","1","CA04","35","1969","    Earnings by place of work","Kent, RI ",267007,292775,309290,349533,396022,437781,464435,544155,621842,716587,825266,902019,985393,1020722,1097002,1206765,1289361,1422075,1570360,1761502,1882546,1908414,1889705,2054033,2153367,2259447,2356832,2467582,2622320,2781324,2980081,3214023,3461362,3747003,4071666,4301545,4379792,4574437,4682236,4605645,4422900,4540739,4646654,4775956
"44003","1","CA04","36","1969","    Less: Contributions for government social insurance 5/","Kent, RI ",22344,24044,26324,31116,40717,46492,48031,56508,64429,77084,91404,99992,115547,121680,133513,152647,162119,179808,196510,223639,234790,251418,254421,278115,295667,312811,321784,331614,351394,367913,388775,419165,443886,469965,507741,540192,552754,580496,598263,593578,579746,584575,544014,559459
"44003","1","CA04","37","1969","        Employee and self-employed contributions for government social insurance","Kent, RI ",10892,11724,12753,14481,19092,21837,22660,25466,28795,33792,40137,44543,51129,55027,60261,67098,73050,82446,91742,105604,114241,123536,128273,139950,147396,156411,162177,168265,178649,190400,204461,218881,232309,248855,268704,285313,290617,304945,319153,317150,307918,309753,259396,265162
"44003","1","CA04","38","1969","        Employer contributions for government social insurance","Kent, RI ",11452,12320,13571,16635,21625,24655,25371,31042,35634,43292,51267,55449,64418,66653,73252,85549,89069,97362,104768,118035,120549,127882,126148,138165,148271,156400,159607,163349,172745,177513,184314,200284,211577,221110,239037,254879,262137,275551,279110,276428,271828,274822,284618,294297
"44003","1","CA04","42","1969","    Plus: Adjustment for residence 6/","Kent, RI ",190369,191124,198692,215156,224232,222709,226031,244132,252044,256339,280934,331763,344621,369223,398748,438484,472639,484551,515606,543541,563793,587181,599646,599653,614371,615982,650540,661414,678465,712444,738146,757516,768029,722842,688837,736310,773116,817525,844331,945059,945945,983258,1027032,1027732
"44003","1","CA04","45","1969","    Equals: Net earnings by place of residence","Kent, RI ",435032,459855,481658,533573,579537,613998,642435,731779,809457,895842,1014796,1133790,1214467,1268265,1362237,1492602,1599881,1726818,1889456,2081404,2211549,2244177,2234930,2375571,2472071,2562618,2685588,2797382,2949391,3125855,3329452,3552374,3785505,3999880,4252762,4497663,4600154,4811466,4928304,4957126,4789099,4939422,5129672,5244229
"44003","1","CA04","46","1969","    Plus: Dividends, interest, and rent 7/","Kent, RI ",67735,72112,76997,81831,91432,104869,115502,124091,138304,150547,172450,226357,292593,325382,350378,409858,419906,451898,482196,530533,608289,616070,589182,565720,587238,613962,667843,739590,792597,829947,832479,909405,945081,972843,1035276,1010019,1019698,1138188,1252148,1281686,1176148,1177422,1240800,1314242
"44003","1","CA04","47","1969","    Plus: Personal current transfer receipts","Kent, RI ",40874,50575,61602,69395,83265,99791,143339,141264,148642,158732,177789,209230,237458,265985,280123,289414,305676,324805,339692,366135,400900,450196,546661,582890,621088,612341,642949,663244,694971,701791,727420,755933,817711,855464,891411,935950,979939,1041127,1118742,1205300,1365628,1438409,1450486,1471131
"44003","1","CA04","50","1969","    Wages and salaries","Kent, RI ",208891,230529,242274,274656,310115,342895,359775,416154,471435,544461,626771,683223,746649,767318,821788,904964,964303,1072092,1188927,1327149,1410574,1450026,1425190,1541661,1613624,1694147,1776678,1860637,2017327,2134078,2266833,2483933,2594106,2773646,3015292,3167082,3194027,3316893,3434023,3390766,3232263,3269512,3372205,3476380
"44003","1","CA04","60","1969","    Supplements to wages and salaries","Kent, RI ",24847,28650,31683,38244,46547,53945,59555,74943,89776,107181,125099,139336,160646,170546,185488,207510,220276,243046,263198,293090,312857,326954,327016,369162,391442,405387,405828,411597,422769,433623,460304,507453,595513,652844,709505,765090,806616,850832,878843,881845,833874,892349,868851,882753
"44003","1","CA04","61","1969","        Employer contributions for employee pension and insurance funds 8/","Kent, RI ",13395,16330,18112,21609,24922,29290,34184,43901,54142,63889,73832,83887,96228,103893,112236,121961,131207,145684,158430,175055,192308,199072,200868,230997,243171,248987,246221,248248,250024,256110,275990,307169,383936,431734,470468,510211,544479,575281,599733,605417,562046,617527,584233,588456
"44003","1","CA04","62","1969","        Employer contributions for government social insurance","Kent, RI ",11452,12320,13571,16635,21625,24655,25371,31042,35634,43292,51267,55449,64418,66653,73252,85549,89069,97362,104768,118035,120549,127882,126148,138165,148271,156400,159607,163349,172745,177513,184314,200284,211577,221110,239037,254879,262137,275551,279110,276428,271828,274822,284618,294297
"44003","1","CA04","70","1969","    Proprietors' income 9/","Kent, RI ",33269,33596,35333,36633,39360,40941,45105,53058,60631,64945,73396,79460,78098,82858,89726,94291,104782,106937,118235,141263,159115,131434,137499,143210,148301,159913,174326,195348,182224,213623,252944,222637,271743,320513,346869,369373,379149,406712,369370,333034,356763,378878,405598,416823
"44003","1","CA04","71","1969","        Farm proprietors' income","Kent, RI ",410,488,349,316,205,278,423,312,208,-20,126,219,518,1263,1181,1063,1372,1380,700,662,596,555,781,1006,1138,817,747,732,376,129,24,40,-97,-113,-126,4,-39,-405,-710,-912,-622,34,-861,-809
"44003","1","CA04","72","1969","        Nonfarm proprietors' income","Kent, RI ",32859,33108,34984,36317,39155,40663,44682,52746,60423,64965,73270,79241,77580,81595,88545,93228,103410,105557,117535,140601,158519,130879,136718,142204,147163,159096,173579,194616,181848,213494,252920,222597,271840,320626,346995,369369,379188,407117,370080,333946,357385,378844,406459,417632
"44005","1","CA04","10","1969","Personal income (thousands of dollars)","Newport, RI ",367177,407897,435531,472921,469713,436537,456749,507778,568127,627488,711065,825764,971786,1073366,1147086,1287383,1411696,1522329,1618363,1756924,1859467,1878004,1901125,1990184,2069394,2128574,2272791,2373384,2505295,2689719,2842665,3048496,3231811,3344011,3513227,3701113,3769430,4047307,4159905,4263678,4105696,4226011,4383013,4529740
"44005","1","CA04","11","1969","    Nonfarm personal income 1/","Newport, RI ",364836,405252,433045,470707,468089,434180,454254,505099,565680,624334,709200,824018,969539,1063827,1132418,1275947,1396544,1506461,1602056,1739073,1846105,1865317,1888355,1980848,2059970,2120785,2264543,2366229,2500516,2685029,2837695,3043192,3226316,3337150,3505843,3693445,3762492,4040401,4152942,4258153,4100295,4220504,4378237,4524624
"44005","1","CA04","12","1969","    Farm income 2/","Newport, RI ",2341,2645,2486,2214,1624,2357,2495,2679,2447,3154,1865,1746,2247,9539,14668,11436,15152,15868,16307,17851,13362,12687,12770,9336,9424,7789,8248,7155,4779,4690,4970,5304,5495,6861,7384,7668,6938,6906,6963,5525,5401,5507,4776,5116
"44005","1","CA04","20","1969","Population (persons) 3/","Newport, RI ",92091,94619,96934,97676,98693,80408,79561,82139,82911,82362,82132,81653,82543,83293,83445,84303,85347,86239,87056,87577,86278,87527,88330,87141,86007,84756,83717,84226,84649,84438,84840,85734,85754,85953,85646,85509,83962,85130,82881,82505,82896,82868,82211,82036
"44005","1","CA04","30","1969","Per capita personal income (dollars) 4/","Newport, RI ",3987,4311,4493,4842,4759,5429,5741,6182,6852,7619,8658,10113,11773,12887,13747,15271,16541,17652,18590,20061,21552,21456,21523,22839,24061,25114,27149,28179,29596,31854,33506,35558,37687,38905,41020,43283,44894,47543,50191,51678,49528,50997,53314,55216
"44005","1","CA04","35","1969","    Earnings by place of work","Newport, RI ",322723,358190,382977,413305,387859,330800,336443,371917,416902,464716,531708,608914,711950,804879,890223,998489,1116365,1215277,1301204,1383253,1433412,1446850,1400944,1417372,1404193,1374974,1529571,1605456,1728459,1771362,1949975,2161877,2145682,2285325,2400838,2480779,2572696,2708150,2787072,2830963,2813717,2908407,2926699,2977956
"44005","1","CA04","36","1969","    Less: Contributions for government social insurance 5/","Newport, RI ",20749,23988,26071,28036,29844,27230,28231,31509,35672,40704,48615,55960,67979,76650,89066,103416,115729,128494,138473,150815,156161,166975,163965,169361,170007,169607,182296,189126,204732,211003,231684,254699,258879,272582,285780,298944,310682,328809,341592,350098,351628,360778,331571,338822
"44005","1","CA04","37","1969","        Employee and self-employed contributions for government social insurance","Newport, RI ",9437,10294,10703,11310,13333,12745,12874,13943,15832,18072,21549,25018,29807,33995,39325,44612,51109,57447,62810,69447,73319,78875,79235,81445,82700,83552,89786,93023,100469,104437,115767,127738,132279,139749,145907,152543,158536,166460,174513,178427,176805,179719,146468,148824
"44005","1","CA04","38","1969","        Employer contributions for government social insurance","Newport, RI ",11312,13694,15368,16726,16511,14485,15357,17566,19840,22632,27066,30942,38172,42655,49741,58804,64620,71047,75663,81368,82842,88100,84730,87916,87307,86055,92510,96103,104263,106566,115917,126961,126600,132833,139873,146401,152146,162349,167079,171671,174823,181059,185103,189998
"44005","1","CA04","42","1969","    Plus: Adjustment for residence 6/","Newport, RI ",-5355,-4600,-8795,-9084,3995,10201,9412,14546,15469,18511,20802,21289,17198,4080,-6556,-7802,-13239,-18184,-17235,-8856,-8151,-12605,24838,88981,143916,198571,142711,124862,80666,159745,151484,95215,124487,107409,104592,120452,97741,112854,71285,30830,-37474,-55091,-11154,12861
"44005","1","CA04","45","1969","    Equals: Net earnings by place of residence","Newport, RI ",296619,329602,348111,376185,362010,313771,317624,354954,396699,442523,503895,574243,661169,732309,794601,887271,987397,1068599,1145496,1223582,1269100,1267270,1261817,1336992,1378102,1403938,1489986,1541192,1604393,1720104,1869775,2002393,2011290,2120152,2219650,2302287,2359755,2492195,2516765,2511695,2424615,2492538,2583974,2651995
"44005","1","CA04","46","1969","    Plus: Dividends, interest, and rent 7/","Newport, RI ",49365,53188,57109,61428,66143,72518,74005,83574,97237,104968,120037,151961,196890,220681,226461,266289,282693,309448,325413,376020,416773,419131,410819,411658,431477,460909,505685,544064,595817,658917,650369,706446,839983,821252,880418,961955,950484,1071347,1113623,1177575,1038368,1062373,1119365,1184949
"44005","1","CA04","47","1969","    Plus: Personal current transfer receipts","Newport, RI ",21193,25107,30311,35308,41560,50248,65120,69250,74191,79997,87133,99560,113727,120376,126024,133823,141606,144282,147454,157322,173594,191603,228489,241534,259815,263727,277120,288128,305085,310698,322521,339657,380538,402607,413159,436871,459191,483765,529517,574408,642713,671100,679674,692796
"44005","1","CA04","50","1969","    Wages and salaries","Newport, RI ",263964,290585,305332,327285,303126,253486,253583,274157,303659,339414,387540,442109,519614,586313,639633,707443,781687,858690,922600,977240,1014423,1038535,989292,1000378,995950,971065,1082666,1133605,1229008,1264348,1386986,1523852,1575072,1669655,1747821,1792701,1859436,1953561,2032108,2084481,2067408,2106574,2116121,2140277
"44005","1","CA04","60","1969","    Supplements to wages and salaries","Newport, RI ",35902,45046,53578,59737,57593,50160,54862,62998,74310,83372,98972,118169,145685,164808,180074,222546,248721,268160,280472,290991,306710,311543,306718,316051,307279,294187,323841,346166,367070,371510,402999,441624,378039,415639,452433,475044,498673,532363,554518,575320,579059,620893,612431,626539
"44005","1","CA04","61","1969","        Employer contributions for employee pension and insurance funds 8/","Newport, RI ",24590,31352,38210,43011,41082,35675,39505,45432,54470,60740,71906,87227,107513,122153,130333,163742,184101,197113,204809,209623,223868,223443,221988,228135,219972,208132,231331,250063,262807,264944,287082,314663,251439,282806,312560,328643,346527,370014,387439,403649,404236,439834,427328,436541
"44005","1","CA04","62","1969","        Employer contributions for government social insurance","Newport, RI ",11312,13694,15368,16726,16511,14485,15357,17566,19840,22632,27066,30942,38172,42655,49741,58804,64620,71047,75663,81368,82842,88100,84730,87916,87307,86055,92510,96103,104263,106566,115917,126961,126600,132833,139873,146401,152146,162349,167079,171671,174823,181059,185103,189998
"44005","1","CA04","70","1969","    Proprietors' income 9/","Newport, RI ",22857,22559,24067,26283,27140,27154,27998,34762,38933,41930,45196,48636,46651,53758,70516,68500,85957,88427,98132,115022,112279,96772,104934,100943,100964,109722,123064,125685,132381,135504,159990,196401,192571,200031,200584,213034,214587,222226,200446,171162,167250,180940,198147,211140
"44005","1","CA04","71","1969","        Farm proprietors' income","Newport, RI ",1097,1439,1225,895,346,967,1028,1160,627,1132,119,-204,337,7252,12304,8763,12179,13108,13221,14796,9845,8464,9225,5889,5789,4307,4385,3380,863,1010,1324,1194,1036,833,1850,2517,3182,2829,2089,774,742,1220,1155,728
"44005","1","CA04","72","1969","        Nonfarm proprietors' income","Newport, RI ",21760,21120,22842,25388,26794,26187,26970,33602,38306,40798,45077,48840,46314,46506,58212,59737,73778,75319,84911,100226,102434,88308,95709,95054,95175,105415,118679,122305,131518,134494,158666,195207,191535,199198,198734,210517,211405,219397,198357,170388,166508,179720,196992,210412
"44007","1","CA04","10","1969","Personal income (thousands of dollars)","Providence, RI ",2185833,2384369,2521826,2740108,2967702,3193296,3424344,3717541,4022249,4395893,4820071,5338621,5915831,6335792,6806746,7524539,8041843,8576529,9217642,10096222,11036407,11357640,11456541,11887985,12312093,12556489,13118728,13599162,14450444,15228419,15556148,16738032,18165580,18917952,19637491,20431821,20860439,22040720,23070379,23718590,23558406,24710717,25533687,26165604
"44007","1","CA04","11","1969","    Nonfarm personal income 1/","Providence, RI ",2183233,2381590,2519689,2737905,2965792,3190905,3422190,3715512,4020630,4394147,4817596,5335568,5913080,6331125,6801234,7518686,8035616,8569980,9212175,10091275,11032697,11354224,11453253,11882623,12307371,12552077,13115474,13594928,14447411,15225573,15553140,16735131,18162914,18914655,19633985,20427564,20855564,22037959,23064850,23715365,23555808,24707089,25530852,26163374
"44007","1","CA04","12","1969","    Farm income 2/","Providence, RI ",2600,2779,2137,2203,1910,2391,2154,2029,1619,1746,2475,3053,2751,4667,5512,5853,6227,6549,5467,4947,3710,3416,3288,5362,4722,4412,3254,4234,3033,2846,3008,2901,2666,3297,3506,4257,4875,2761,5529,3225,2598,3628,2835,2230
"44007","1","CA04","20","1969","Population (persons) 3/","Providence, RI ",573222,581601,588615,594065,589752,590626,586255,582894,581645,581742,580551,572480,575645,575016,576380,577638,580396,583355,589309,591621,596769,597701,599545,600603,602178,602728,603282,605077,607458,611251,616607,622378,626935,632252,636149,638358,635060,631691,629110,627889,626304,627058,627494,628323
"44007","1","CA04","30","1969","Per capita personal income (dollars) 4/","Providence, RI ",3813,4100,4284,4612,5032,5407,5841,6378,6915,7556,8303,9325,10277,11018,11809,13026,13856,14702,15641,17065,18494,19002,19109,19793,20446,20833,21746,22475,23788,24914,25229,26894,28975,29922,30869,32007,32848,34892,36671,37775,37615,39407,40692,41644
"44007","1","CA04","35","1969","    Earnings by place of work","Providence, RI ",1970608,2105961,2214322,2447234,2672974,2835192,2918534,3237594,3495466,3874189,4254922,4576917,4881977,5107610,5455282,6055406,6502033,7004332,7619181,8380170,8843640,9064331,8900275,9482901,9871198,10254872,10711161,11023429,11602823,12327454,12776842,13641667,14663666,15249005,15903979,16690367,17063715,18102846,18331116,18661702,18116304,19040981,19515572,19995612
"44007","1","CA04","36","1969","    Less: Contributions for government social insurance 5/","Providence, RI ",162332,170315,185943,215310,272232,298426,299527,336492,362278,415419,470390,507566,571225,601675,653916,750047,801951,869171,932507,1038704,1081212,1164554,1166897,1242259,1303760,1364968,1410371,1434797,1495868,1584178,1642445,1735613,1813297,1855106,1934468,2027194,2095125,2218782,2275694,2316312,2277699,2332937,2166098,2221049
"44007","1","CA04","37","1969","        Employee and self-employed contributions for government social insurance","Providence, RI ",74990,79008,86025,96318,122833,135155,137183,148299,159288,179130,205214,224392,251835,271083,294061,329379,361159,397759,435780,491056,524411,572485,586091,626133,654244,685644,712071,726939,763973,813791,847843,901708,954709,986361,1029453,1086015,1114086,1187924,1230144,1260922,1228794,1256870,1045821,1064287
"44007","1","CA04","38","1969","        Employer contributions for government social insurance","Providence, RI ",87342,91307,99918,118992,149399,163271,162344,188193,202990,236289,265176,283174,319390,330592,359855,420668,440792,471412,496727,547648,556801,592069,580806,616126,649516,679324,698300,707858,731895,770387,794602,833905,858588,868745,905015,941179,981039,1030858,1045550,1055390,1048905,1076067,1120277,1156762
"44007","1","CA04","42","1969","    Plus: Adjustment for residence 6/","Providence, RI ",-173217,-173079,-191352,-222106,-254424,-291253,-309991,-343700,-353750,-404134,-461049,-529552,-543294,-546606,-543594,-553712,-571519,-605216,-641395,-669399,-691992,-709774,-761038,-911918,-1016258,-1073439,-1145075,-1172014,-1173483,-1242711,-1343321,-1233023,-1370553,-1446407,-1508043,-1525013,-1549237,-1673401,-1552257,-1608092,-1525718,-1555215,-1663680,-1660348
"44007","1","CA04","45","1969","    Equals: Net earnings by place of residence","Providence, RI ",1635059,1762567,1837027,2009818,2146318,2245513,2309016,2557402,2779438,3054636,3323483,3539799,3767458,3959329,4257772,4751647,5128563,5529945,6045279,6672067,7070436,7190003,6972340,7328724,7551180,7816465,8155715,8416618,8933472,9500565,9791076,10673031,11479816,11947492,12461468,13138160,13419353,14210663,14503165,14737298,14312887,15152829,15685794,16114215
"44007","1","CA04","46","1969","    Plus: Dividends, interest, and rent 7/","Providence, RI ",299924,315438,329962,346002,387128,444769,464219,491346,545713,598301,670673,846616,1059615,1184207,1273122,1471237,1526488,1610690,1697430,1850027,2256648,2286664,2181155,2183940,2163421,2173733,2257147,2452143,2605389,2791728,2710156,2916564,3128839,3267031,3385072,3228411,3237881,3538365,3832302,3913586,3599402,3645404,3903259,4150907
"44007","1","CA04","47","1969","    Plus: Personal current transfer receipts","Providence, RI ",250850,306364,354837,384288,434256,503014,651109,668793,697098,742956,825915,952206,1088758,1192256,1275852,1301655,1386792,1435894,1474933,1574128,1709323,1880973,2303046,2375321,2597492,2566291,2705866,2730401,2911583,2936126,3054916,3148437,3556925,3703429,3790951,4065250,4203205,4291692,4734912,5067706,5646117,5912484,5944634,5900482
"44007","1","CA04","50","1969","    Wages and salaries","Providence, RI ",1632123,1740582,1821091,2002639,2170320,2294911,2343851,2566846,2736361,3028958,3310846,3558829,3782567,3936255,4184145,4615449,4953985,5342979,5831169,6362747,6698614,6887235,6720621,7066199,7316403,7561051,7945739,8192585,8647989,9247903,9682409,10273184,10657686,10966380,11503946,11927796,12287140,13011148,13269717,13505748,13004462,13415712,13877472,14262132
"44007","1","CA04","60","1969","    Supplements to wages and salaries","Providence, RI ",190473,213638,236332,278146,325200,359350,383463,452800,504668,581476,641415,706893,785474,844894,915035,1021848,1089233,1170015,1246376,1372064,1459102,1524691,1527814,1688174,1765529,1802283,1814247,1828906,1863411,1938123,2036840,2147032,2464952,2597166,2726475,2909036,3061372,3279729,3361978,3432492,3300266,3616225,3525884,3561098
"44007","1","CA04","61","1969","        Employer contributions for employee pension and insurance funds 8/","Providence, RI ",103131,122331,136414,159154,175801,196079,221119,264607,301678,345187,376239,423719,466084,514302,555180,601180,648441,698603,749649,824416,902301,932622,947008,1072048,1116013,1122959,1115947,1121048,1131516,1167736,1242238,1313127,1606364,1728421,1821460,1967857,2080333,2248871,2316428,2377102,2251361,2540158,2405607,2404336
"44007","1","CA04","62","1969","        Employer contributions for government social insurance","Providence, RI ",87342,91307,99918,118992,149399,163271,162344,188193,202990,236289,265176,283174,319390,330592,359855,420668,440792,471412,496727,547648,556801,592069,580806,616126,649516,679324,698300,707858,731895,770387,794602,833905,858588,868745,905015,941179,981039,1030858,1045550,1055390,1048905,1076067,1120277,1156762
"44007","1","CA04","70","1969","    Proprietors' income 9/","Providence, RI ",148012,151741,156899,166449,177454,180931,191220,217948,254437,263755,302661,311195,313936,326461,356102,418109,458815,491338,541636,645359,685924,652405,651840,728528,789266,891538,951175,1001938,1091423,1141428,1057593,1221451,1541028,1685459,1673558,1853535,1715203,1811969,1699421,1723462,1811576,2009044,2112216,2172382
"44007","1","CA04","71","1969","        Farm proprietors' income","Providence, RI ",1633,1956,1395,1531,1295,1825,1578,1447,952,1017,1144,1972,1746,3592,4386,4691,5198,5539,4339,3449,2046,1467,1430,3705,2853,2688,1435,2367,1266,1105,1259,925,697,1144,1414,2274,2833,664,3028,279,-106,743,231,-770
"44007","1","CA04","72","1969","        Nonfarm proprietors' income","Providence, RI ",146379,149785,155504,164918,176159,179106,189642,216501,253485,262738,301517,309223,312190,322869,351716,413418,453617,485799,537297,641910,683878,650938,650410,724823,786413,888850,949740,999571,1090157,1140323,1056334,1220526,1540331,1684315,1672144,1851261,1712370,1811305,1696393,1723183,1811682,2008301,2111985,2173152
"44009","1","CA04","10","1969","Personal income (thousands of dollars)","Washington, RI ",293804,315814,335469,373287,401739,416489,464519,538272,618612,691609,795452,925804,1042691,1140038,1252751,1378889,1529887,1661960,1780605,2007191,2170579,2276782,2342632,2487290,2628666,2793983,2975525,3174078,3366928,3598764,3833717,4122428,4403758,4597689,4844237,5212416,5385072,5617630,5924374,6059393,5935872,6134951,6390858,6606103
"44009","1","CA04","11","1969","    Nonfarm personal income 1/","Washington, RI ",291928,313311,333113,371166,400136,413759,461817,535246,615819,688511,793421,924039,1040429,1129735,1238839,1366437,1512866,1644526,1764190,1990689,2157949,2264977,2330212,2476113,2616667,2784093,2965396,3164818,3360935,3592667,3827888,4115761,4395973,4587897,4834252,5201930,5374871,5606899,5915630,6052470,5928925,6128944,6385143,6600040
"44009","1","CA04","12","1969","    Farm income 2/","Washington, RI ",1876,2503,2356,2121,1603,2730,2702,3026,2793,3098,2031,1765,2262,10303,13912,12452,17021,17434,16415,16502,12630,11805,12420,11177,11999,9890,10129,9260,5993,6097,5829,6667,7785,9792,9985,10486,10201,10731,8744,6923,6947,6007,5715,6063
"44009","1","CA04","20","1969","Population (persons) 3/","Washington, RI ",82896,85871,87347,90587,93686,86295,83841,86209,88327,91149,92835,93594,94482,95466,95377,97675,99564,102239,104876,107656,108470,110389,111414,112451,113356,114597,116147,117349,118713,120206,122445,123943,124995,126462,127248,127960,127412,126757,126895,126672,127605,126945,126290,125946
"44009","1","CA04","30","1969","Per capita personal income (dollars) 4/","Washington, RI ",3544,3678,3841,4121,4288,4826,5540,6244,7004,7588,8568,9892,11036,11942,13135,14117,15366,16256,16978,18644,20011,20625,21026,22119,23189,24381,25619,27048,28362,29938,31310,33261,35231,36356,38069,40735,42265,44318,46687,47835,46518,48328,50605,52452
"44009","1","CA04","35","1969","    Earnings by place of work","Washington, RI ",256103,272315,277842,309545,310199,258676,277897,341407,410571,444916,505340,588552,624609,659228,744310,814833,936519,1009134,1059407,1191831,1234453,1289441,1300211,1377508,1428376,1478434,1521306,1542480,1607794,1756516,1891213,2029514,2167038,2335167,2487725,2688488,2859431,2943797,3081488,3056922,3025414,3202879,3250213,3382894
"44009","1","CA04","36","1969","    Less: Contributions for government social insurance 5/","Washington, RI ",17022,18417,19803,22488,26256,24577,26460,32848,40942,45296,53059,60791,69359,73489,82795,95432,105263,114286,122010,138868,143841,158946,163205,173737,182163,191630,195346,194745,203693,224102,238344,256263,267648,278961,297552,320885,342155,353860,372343,375443,374641,389153,359344,373476
"44009","1","CA04","37","1969","        Employee and self-employed contributions for government social insurance","Washington, RI ",7995,8441,8872,9900,12411,12342,13278,15580,18385,20430,24246,28417,32008,34593,39173,43559,50457,56195,59831,69570,73096,81281,85407,91476,94931,99766,101805,102824,107623,118307,127950,137327,144210,152489,162557,175567,186644,192868,206178,206823,205686,211082,177242,182854
"44009","1","CA04","38","1969","        Employer contributions for government social insurance","Washington, RI ",9027,9976,10931,12588,13845,12235,13182,17268,22557,24866,28813,32374,37351,38896,43622,51873,54806,58091,62179,69298,70745,77665,77798,82261,87232,91864,93541,91921,96070,105795,110394,118936,123438,126472,134995,145318,155511,160992,166165,168620,168955,178071,182102,190622
"44009","1","CA04","42","1969","    Plus: Adjustment for residence 6/","Washington, RI ",-10535,-11864,-6256,-7337,13989,62712,70000,77876,81624,104505,125987,132176,157358,185879,199770,219336,241298,268057,308195,346285,387471,419119,436109,495340,550746,626436,702936,792038,844370,876073,957576,1018284,1053213,1081383,1135504,1160098,1155989,1214902,1195356,1229138,1140308,1105307,1182862,1172843
"44009","1","CA04","45","1969","    Equals: Net earnings by place of residence","Washington, RI ",228546,242034,251783,279720,297932,296811,321437,386435,451253,504125,578268,659937,712608,771618,861285,938737,1072554,1162905,1245592,1399248,1478083,1549614,1573115,1699111,1796959,1913240,2028896,2139773,2248471,2408487,2610445,2791535,2952603,3137589,3325677,3527701,3673265,3804839,3904501,3910617,3791081,3919033,4073731,4182261
"44009","1","CA04","46","1969","    Plus: Dividends, interest, and rent 7/","Washington, RI ",44025,48558,53141,58305,62423,68023,72471,79878,91110,103950,122727,155813,202010,227296,240074,281577,290567,321946,351260,410068,472267,482172,479541,479301,494824,542471,585019,658061,717206,778807,789057,869272,936964,923266,957191,1085589,1076708,1129477,1277073,1335880,1220910,1255875,1346900,1427689
"44009","1","CA04","47","1969","    Plus: Personal current transfer receipts","Washington, RI ",21233,25222,30545,35262,41384,51655,70611,71959,76249,83534,94457,110054,128073,141124,151392,158575,166766,177109,183753,197875,220229,244996,289976,308878,336883,338272,361610,376244,401251,411470,434215,461621,514191,536834,561369,599126,635099,683314,742800,812896,923881,960043,970227,996153
"44009","1","CA04","50","1969","    Wages and salaries","Washington, RI ",208905,219417,220170,244709,242468,198800,213840,257601,306685,329528,376743,439181,475505,492277,537826,602329,652362,703839,768568,837148,881383,935710,931803,977670,1014030,1030597,1068779,1077457,1147218,1264586,1337358,1451226,1515486,1612322,1709738,1830704,1950581,1983777,2103341,2104535,2073423,2163886,2211620,2296822
"44009","1","CA04","60","1969","    Supplements to wages and salaries","Washington, RI ",26773,30445,34161,39581,40216,30556,34045,46001,61486,65400,73830,88475,102974,111459,125019,140675,153673,163909,175566,188895,200871,217927,229219,255002,269111,269317,267749,261815,269107,287102,304558,325877,385659,421574,460131,520579,559096,582644,621301,632069,611883,682247,658311,679849
"44009","1","CA04","61","1969","        Employer contributions for employee pension and insurance funds 8/","Washington, RI ",17746,20469,23230,26993,26371,18321,20863,28733,38929,40534,45017,56101,65623,72563,81397,88802,98867,105818,113387,119597,130126,140262,151421,172741,181879,177453,174208,169894,173037,181307,194164,206941,262221,295102,325136,375261,403585,421652,455136,463449,442928,504176,476209,489227
"44009","1","CA04","62","1969","        Employer contributions for government social insurance","Washington, RI ",9027,9976,10931,12588,13845,12235,13182,17268,22557,24866,28813,32374,37351,38896,43622,51873,54806,58091,62179,69298,70745,77665,77798,82261,87232,91864,93541,91921,96070,105795,110394,118936,123438,126472,134995,145318,155511,160992,166165,168620,168955,178071,182102,190622
"44009","1","CA04","70","1969","    Proprietors' income 9/","Washington, RI ",20425,22453,23511,25255,27515,29320,30012,37805,42400,49988,54767,60896,46130,55492,81465,71829,130484,141386,115273,165788,152199,135804,139189,144836,145235,178520,184778,203208,191469,204828,249297,252411,265893,301271,317856,337205,349754,377376,356846,320318,340108,356746,380282,406223
"44009","1","CA04","71","1969","        Farm proprietors' income","Washington, RI ",990,1605,1392,1085,518,1538,1415,1670,1154,1245,203,-266,261,7860,11370,9838,14026,14197,13035,12684,9339,8516,9091,8251,8514,6177,5717,4390,398,93,599,526,1443,1879,3031,3568,4236,3754,1197,-74,347,-217,201,-489
"44009","1","CA04","72","1969","        Nonfarm proprietors' income","Washington, RI ",19435,20848,22119,24170,26997,27782,28597,36135,41246,48743,54564,61162,45869,47632,70095,61991,116458,127189,102238,153104,142860,127288,130098,136585,136721,172343,179061,198818,191071,204735,248698,251885,264450,299392,314825,333637,345518,373622,355649,320392,339761,356963,380081,406712
"Note: See the included footnote file."
"Source: U.S. Department of Commerce, Bureau of Economic Analysis, Regional Income Division  --  November 2013"
