"GeoFIPS","GeoName","Region","Table","LineCode","IndustryClassification","Description","1969","1970","1971","1972","1973","1974","1975","1976","1977","1978","1979","1980","1981","1982","1983","1984","1985","1986","1987","1988","1989","1990","1991","1992","1993","1994","1995","1996","1997","1998","1999","2000"
"32000","Nevada state total","8","CA25 1/","10","...","Total employment (number of jobs)",243701,256145,267191,280037,304048,317204,326497,348995,383713,432318,467774,488628,500187,493889,498533,523336,545389,570484,615830,661700,709928,755587,768885,776291,818727,898349,952615,1023515,1088804,1131177,1189297,1254368
"32000","Nevada state total","8","CA25 1/","20","...","  Wage and salary employment",216871,227122,236209,246867,268101,279065,286882,305866,336324,381583,415350,433255,444132,434165,436340,457024,477092,499836,532538,569126,615035,653952,660752,670333,703433,771185,818161,875240,923274,958129,1012236,1054843
"32000","Nevada state total","8","CA25 1/","40","...","  Proprietors employment",26830,29023,30982,33170,35947,38139,39615,43129,47389,50735,52424,55373,56055,59724,62193,66312,68297,70648,83292,92574,94893,101635,108133,105958,115294,127164,134454,148275,165530,173048,177061,199525
"32000","Nevada state total","8","CA25 1/","50","...","    Farm proprietors employment",2348,2347,2240,2232,2233,2217,2225,2423,2639,2939,2945,2950,3162,2973,3022,2969,2849,2802,2594,2570,2501,2488,2476,2494,3066,3029,2922,2880,2884,2888,2874,2902
"32000","Nevada state total","8","CA25 1/","60","...","    Nonfarm proprietors employment 2/",24482,26676,28742,30938,33714,35922,37390,40706,44750,47796,49479,52423,52893,56751,59171,63343,65448,67846,80698,90004,92392,99147,105657,103464,112228,124135,131532,145395,162646,170160,174187,196623
"32000","Nevada state total","8","CA25 1/","70","[01-02]","    Farm employment",4280,4603,4501,4518,4440,4570,4581,5084,5204,5639,5444,5448,5536,5140,5368,5078,5533,5836,5628,5830,5344,5261,4494,4409,5021,5144,4553,4974,5489,5279,5249,5287
"32000","Nevada state total","8","CA25 1/","80","...","    Nonfarm employment",239421,251542,262690,275519,299608,312634,321916,343911,378509,426679,462330,483180,494651,488749,493165,518258,539856,564648,610202,655870,704584,750326,764391,771882,813706,893205,948062,1018541,1083315,1125898,1184048,1249081
"32000","Nevada state total","8","CA25 1/","90","...","      Private nonfarm employment",191938,202635,211200,223096,246226,257645,264397,283891,315769,361202,394692,411911,422648,414410,418702,444772,465368,488490,531606,575255,618511,659460,668231,672243,712221,787682,839321,905429,965171,1002467,1057205,1118543
"32000","Nevada state total","8","CA25 1/","100","[07-09]","        Agricultural services, forestry, and fishing",753,820,941,1113,1288,1325,1420,1536,1831,2216,2534,2760,2678,2710,3028,3424,3862,3972,4441,4650,5039,5852,6173,5911,6551,7813,8279,9549,10215,10670,11614,12114
"32000","Nevada state total","8","CA25 1/","200","B","        Mining",4360,4443,4083,3900,4113,4734,4742,4201,4894,4730,5137,6680,8463,7340,6806,7418,6902,7123,10168,12775,15288,16053,14949,14915,14663,14423,15459,16633,16793,15228,13836,13134
"32000","Nevada state total","8","CA25 1/","300","C","        Construction",13463,14250,15146,16629,21064,18002,15289,17803,23321,30018,32071,30673,30205,25264,25133,28202,30024,34183,37612,44961,54585,56910,49814,49351,57645,68051,74526,88858,95790,100584,102288,101573
"32000","Nevada state total","8","CA25 1/","400","D","        Manufacturing",8446,8871,9058,9994,12231,12788,12821,13749,15951,18599,20314,20152,21071,19818,20236,21894,22872,23215,24849,26418,27247,28235,27813,28337,31725,36610,39436,41659,43606,44806,45208,47344
"32000","Nevada state total","8","CA25 1/","500","E","        Transportation and public utilities",13551,14042,14526,15029,16484,17227,17501,18186,19620,21988,24331,25563,26355,26141,25973,26702,27235,28520,30044,31163,33030,35200,36102,35813,38587,42311,44734,47656,50962,53590,57792,61604
"32000","Nevada state total","8","CA25 1/","610","F","        Wholesale trade",6597,7006,7277,7718,8359,9157,9579,9939,10731,12050,13315,13882,14691,14334,14305,15776,16721,17677,20275,21904,24133,25812,26904,27856,27640,30158,33083,35647,37922,39786,40338,41997
"32000","Nevada state total","8","CA25 1/","620","G","        Retail trade",36096,38371,40032,42531,45798,48178,49750,54805,59150,66274,73261,76132,78996,75960,75970,80637,84381,87162,95553,102757,110321,116088,120341,122156,125856,139438,148659,161194,170382,176643,188145,200887
"32000","Nevada state total","8","CA25 1/","700","H","        Finance, insurance, and real estate",14121,15991,17974,19075,20918,22424,22496,25012,28520,31973,35248,36984,37044,37088,37056,38787,40365,41940,44208,47089,49331,52554,53266,51848,57150,59987,69836,78099,92027,101937,107502,122979
"32000","Nevada state total","8","CA25 1/","800","I","        Services",94551,98841,102163,107107,115971,123810,130799,138660,151751,173354,188481,199085,203145,205755,210195,221932,233006,244698,264456,283538,299537,322756,332869,336056,352404,388891,405309,426134,447474,459223,490482,516911
"32000","Nevada state total","8","CA25 1/","900","...","      Government and government enterprises",47483,48907,51490,52423,53382,54989,57519,60020,62740,65477,67638,71269,72003,74339,74463,73486,74488,76158,78596,80615,86073,90866,96160,99639,101485,105523,108741,113112,118144,123431,126843,130538
"32000","Nevada state total","8","CA25 1/","910","...","        Federal civilian",9389,9003,8994,9118,9140,9320,9486,9634,9620,9796,10055,10388,9491,9643,9644,9972,10315,10710,11136,11239,11571,12303,12335,12921,13113,13280,13255,13396,13682,14128,14285,15145
"32000","Nevada state total","8","CA25 1/","920","...","        Military",11592,11271,11583,11275,11092,10907,10975,11686,11676,11284,11249,12576,13454,14766,15163,13450,13545,13813,14152,12959,14278,13271,13460,12396,11553,12089,11821,11776,11366,11313,11313,11563
"32000","Nevada state total","8","CA25 1/","930","...","        State and local",26502,28633,30913,32030,33150,34762,37058,38700,41444,44397,46334,48305,49058,49930,49656,50064,50628,51635,53308,56417,60224,65292,70365,74322,76819,80154,83665,87940,93096,97990,101245,103830
"32000","Nevada state total","8","CA25 1/","931","...","          State government","(NA)","(NA)","(NA)","(NA)","(NA)","(NA)","(NA)","(NA)","(NA)","(NA)",14688,14918,14635,14692,14706,14663,14796,16091,15951,16961,18009,19705,21042,21863,22380,23088,23418,24293,25176,26262,26636,25841
"32000","Nevada state total","8","CA25 1/","932","...","          Local government","(NA)","(NA)","(NA)","(NA)","(NA)","(NA)","(NA)","(NA)","(NA)","(NA)",31646,33387,34423,35238,34950,35401,35832,35544,37357,39456,42215,45587,49323,52459,54439,57066,60247,63647,67920,71728,74609,77989
"32001","Churchill, NV","8","CA25 1/","10","...","Total employment (number of jobs)",4024,4311,4504,4817,5149,5137,5022,5382,5584,6047,6215,6568,6586,6571,6867,7067,7430,7672,8411,8764,8824,9119,9365,9528,10095,10683,10965,11745,12640,13217,14038,14631
"32001","Churchill, NV","8","CA25 1/","20","...","  Wage and salary employment",2923,3180,3368,3633,3885,3837,3683,3920,4025,4368,4510,4784,4709,4581,4772,5053,5530,5871,6521,6756,6819,7019,7216,7353,7727,8251,8431,9092,9506,9796,9732,9873
"32001","Churchill, NV","8","CA25 1/","40","...","  Proprietors employment",1101,1131,1136,1184,1264,1300,1339,1462,1559,1679,1705,1784,1877,1990,2095,2014,1900,1801,1890,2008,2005,2100,2149,2175,2368,2432,2534,2653,3134,3421,4306,4758
"32001","Churchill, NV","8","CA25 1/","50","...","    Farm proprietors employment",468,471,450,449,453,455,449,485,524,583,573,563,596,545,554,544,523,512,473,473,461,462,464,465,572,563,544,534,533,542,534,528
"32001","Churchill, NV","8","CA25 1/","60","...","    Nonfarm proprietors employment 2/",633,660,686,735,811,845,890,977,1035,1096,1132,1221,1281,1445,1541,1470,1377,1289,1417,1535,1544,1638,1685,1710,1796,1869,1990,2119,2601,2879,3772,4230
"32001","Churchill, NV","8","CA25 1/","70","[01-02]","    Farm employment",570,598,585,592,598,617,613,671,705,775,760,759,791,732,754,722,748,763,721,736,688,681,621,613,715,711,653,667,693,717,735,758
"32001","Churchill, NV","8","CA25 1/","80","...","    Nonfarm employment",3454,3713,3919,4225,4551,4520,4409,4711,4879,5272,5455,5809,5795,5839,6113,6345,6682,6909,7690,8028,8136,8438,8744,8915,9380,9972,10312,11078,11947,12500,13303,13873
"32001","Churchill, NV","8","CA25 1/","90","...","      Private nonfarm employment",2006,2169,2168,2328,2488,2585,2688,2833,2975,3247,3452,3628,3768,3853,4051,4250,4428,4503,5135,5668,5742,5998,6170,6237,6572,6919,7188,7847,8689,9271,10131,10719
"32001","Churchill, NV","8","CA25 1/","100","[07-09]","        Agricultural services, forestry, and fishing","(D)","(D)","(D)","(D)","(D)","(D)","(D)","(D)","(D)","(D)","(D)","(D)","(D)",81,92,102,125,129,163,157,149,147,151,151,159,178,"(D)","(D)","(D)",181,"(D)","(D)"
"32001","Churchill, NV","8","CA25 1/","200","B","        Mining","(D)","(D)","(D)","(D)","(D)","(D)","(D)","(D)","(D)","(D)","(D)","(D)","(D)",195,243,174,130,78,89,"(D)",88,98,55,"(D)","(D)",76,"(D)","(D)","(D)",63,"(D)",69
"32001","Churchill, NV","8","CA25 1/","300","C","        Construction",155,206,168,195,225,202,230,196,224,332,339,340,333,308,371,439,442,558,786,699,"(D)","(D)","(D)","(D)","(D)",637,694,767,"(D)",762,824,809
"32001","Churchill, NV","8","CA25 1/","400","D","        Manufacturing",128,135,124,130,145,159,172,151,164,165,184,186,206,195,172,218,267,249,271,284,278,295,297,296,325,375,428,453,594,741,738,735
"32001","Churchill, NV","8","CA25 1/","500","E","        Transportation and public utilities",103,120,99,99,111,119,113,107,116,121,136,145,137,156,134,163,159,162,195,188,240,268,260,260,342,332,312,319,296,294,"(D)","(D)"
"32001","Churchill, NV","8","CA25 1/","610","F","        Wholesale trade",59,68,61,89,77,92,164,164,169,154,151,157,167,161,115,160,119,125,147,195,249,212,275,263,267,283,313,330,279,287,318,356
"32001","Churchill, NV","8","CA25 1/","620","G","        Retail trade",654,656,644,649,707,716,714,779,772,854,935,958,972,969,1005,1042,1093,1077,1194,1367,1456,1387,1423,1455,1391,1492,1557,1803,2023,2147,2152,2214
"32001","Churchill, NV","8","CA25 1/","700","H","        Finance, insurance, and real estate",159,150,238,246,279,284,318,363,404,385,348,354,369,441,493,470,442,417,386,404,422,456,478,464,481,493,568,643,1015,1147,1434,1662
"32001","Churchill, NV","8","CA25 1/","800","I","        Services",602,648,706,771,770,847,854,935,968,1073,1151,1205,1249,1347,1426,1482,1651,1708,1904,"(D)","(D)","(D)","(D)",2766,2980,3053,3059,3286,3417,3649,4100,4353
"32001","Churchill, NV","8","CA25 1/","900","...","      Government and government enterprises",1448,1544,1751,1897,2063,1935,1721,1878,1904,2025,2003,2181,2027,1986,2062,2095,2254,2406,2555,2360,2394,2440,2574,2678,2808,3053,3124,3231,3258,3229,3172,3154
"32001","Churchill, NV","8","CA25 1/","910","...","        Federal civilian",341,334,310,302,331,402,400,417,440,487,486,460,436,449,469,472,508,537,571,429,445,460,555,606,615,692,705,773,769,737,705,684
"32001","Churchill, NV","8","CA25 1/","920","...","        Military",455,521,718,871,1013,816,594,730,704,760,737,815,716,720,768,814,923,1020,1110,1029,983,981,1003,1006,1110,1127,1145,1166,1183,1139,1090,1066
"32001","Churchill, NV","8","CA25 1/","930","...","        State and local",652,689,723,724,719,717,727,731,760,778,780,906,875,817,825,809,823,849,874,902,966,999,1016,1066,1083,1234,1274,1292,1306,1353,1377,1404
"32001","Churchill, NV","8","CA25 1/","931","...","          State government","(NA)","(NA)","(NA)","(NA)","(NA)","(NA)","(NA)","(NA)","(NA)","(NA)",104,115,110,123,125,126,131,125,126,125,139,139,136,150,151,157,160,163,164,170,"(D)","(D)"
"32001","Churchill, NV","8","CA25 1/","932","...","          Local government","(NA)","(NA)","(NA)","(NA)","(NA)","(NA)","(NA)","(NA)","(NA)","(NA)",676,791,765,694,700,683,692,724,748,777,827,860,880,916,932,1077,1114,1129,1142,1183,"(D)","(D)"
"32003","Clark, NV","8","CA25 1/","10","...","Total employment (number of jobs)",126124,134095,138801,145742,160282,168726,174218,186546,204806,228609,251535,265076,272538,269949,274043,286101,300096,316982,345999,375496,412843,452016,465549,472519,504060,567840,606312,662190,713369,749367,803293,853145
"32003","Clark, NV","8","CA25 1/","20","...","  Wage and salary employment",115226,121954,125703,131185,144387,151605,156201,166870,183030,205283,227275,239300,246411,241470,244103,254091,267094,282885,305812,328209,363408,397830,406838,414173,440222,494453,529575,575870,615097,645273,693872,729138
"32003","Clark, NV","8","CA25 1/","40","...","  Proprietors employment",10898,12141,13098,14557,15895,17121,18017,19676,21776,23326,24260,25776,26127,28479,29940,32010,33002,34097,40187,47287,49435,54186,58711,58346,63838,73387,76737,86320,98272,104094,109421,124007
"32003","Clark, NV","8","CA25 1/","50","...","    Farm proprietors employment",124,121,113,109,106,108,134,166,200,236,242,247,265,255,261,254,242,237,220,215,206,202,198,198,238,230,217,210,205,222,230,236
"32003","Clark, NV","8","CA25 1/","60","...","    Nonfarm proprietors employment 2/",10774,12020,12985,14448,15789,17013,17883,19510,21576,23090,24018,25529,25862,28224,29679,31756,32760,33860,39967,47072,49229,53984,58513,58148,63600,73157,76520,86110,98067,103872,109191,123771
"32003","Clark, NV","8","CA25 1/","70","[01-02]","    Farm employment",256,278,273,274,268,284,303,350,371,409,408,419,434,413,432,407,437,457,440,451,412,402,343,334,371,368,320,336,360,375,394,411
"32003","Clark, NV","8","CA25 1/","80","...","    Nonfarm employment",125868,133817,138528,145468,160014,168442,173915,186196,204435,228200,251127,264657,272104,269536,273611,285694,299659,316525,345559,375045,412431,451614,465206,472185,503689,567472,605992,661854,713009,748992,802899,852734
"32003","Clark, NV","8","CA25 1/","90","...","      Private nonfarm employment",100698,107855,111040,117833,132089,139553,143657,154386,171317,194183,215654,226938,232972,228320,232328,245358,258601,273609,301187,329982,363592,400831,410661,415888,446306,507726,543814,596842,644575,676307,726871,773671
"32003","Clark, NV","8","CA25 1/","100","[07-09]","        Agricultural services, forestry, and fishing",316,352,419,516,625,657,686,736,900,1101,1283,1391,1359,1378,1551,1746,"(D)",2029,2262,2531,2939,3624,3737,3661,4024,4847,5231,6238,6627,7092,7819,8180
"32003","Clark, NV","8","CA25 1/","200","B","        Mining",200,147,128,148,201,257,353,332,333,348,511,593,660,550,496,509,"(D)",500,928,759,829,826,855,1044,1139,1293,1392,1373,1534,1637,1435,1442
"32003","Clark, NV","8","CA25 1/","300","C","        Construction",7453,8219,8302,8690,11721,9890,8082,9319,11829,15724,17696,16213,16904,14624,14647,16348,17275,20122,22367,27158,36458,39754,33506,33008,40435,47155,52110,64206,70371,74818,75636,74268
"32003","Clark, NV","8","CA25 1/","400","D","        Manufacturing",4235,4429,4197,4391,5176,5269,5249,5460,5964,6673,7275,7269,7745,7083,7724,7991,8334,8598,9275,9992,10732,11671,11449,11936,13747,15951,17669,19279,20500,20846,21299,22353
"32003","Clark, NV","8","CA25 1/","500","E","        Transportation and public utilities",6925,7430,7706,7719,8475,8908,9374,10035,10966,12360,13135,13768,14274,14364,14524,15013,15306,15863,16938,17602,19260,21060,22055,21934,23601,26591,28774,31493,34154,36157,39995,43387
"32003","Clark, NV","8","CA25 1/","610","F","        Wholesale trade",2931,3047,3173,3376,3698,3870,4064,4354,4645,5613,6287,6504,6731,6647,6869,7836,8704,9364,10922,11932,13251,14253,15328,15760,15149,16840,18846,20217,21703,22997,23957,24696
"32003","Clark, NV","8","CA25 1/","620","G","        Retail trade",19189,20453,21132,22528,24652,25951,27236,30130,33349,37372,41294,43853,46243,43667,43746,45894,48430,50441,56314,60935,66778,71639,75181,76971,79527,89372,96037,106039,113846,120716,130009,140546
"32003","Clark, NV","8","CA25 1/","700","H","        Finance, insurance, and real estate",6935,8110,9162,10007,10782,11549,11645,12900,14784,16845,19045,20279,20036,20537,20621,21646,22773,23600,24832,27501,30017,32569,33263,33070,36979,40815,46464,52489,61968,69064,75849,86421
"32003","Clark, NV","8","CA25 1/","800","I","        Services",52514,55668,56821,60458,66759,73202,76968,81120,88547,98147,109128,117068,119020,119470,122150,128375,135317,143092,157349,171572,183328,205435,215287,218504,231705,264862,277291,295508,313872,322980,350872,372378
"32003","Clark, NV","8","CA25 1/","900","...","      Government and government enterprises",25170,25962,27488,27635,27925,28889,30258,31810,33118,34017,35473,37719,39132,41216,41283,40336,41058,42916,44372,45063,48839,50783,54545,56297,57383,59746,62178,65012,68434,72685,76028,79063
"32003","Clark, NV","8","CA25 1/","910","...","        Federal civilian",4346,4179,4243,4131,4193,4495,4519,4632,4559,4539,4592,4852,4802,4932,4882,5152,5407,5783,6090,6302,6539,6918,6970,7288,7482,7580,7690,7882,8057,8412,8610,9299
"32003","Clark, NV","8","CA25 1/","920","...","        Military",9829,9490,9652,9207,8821,8766,9092,9735,9775,9386,9424,10516,11311,12543,12930,11344,11250,11289,11435,10544,11968,10844,11071,9949,9113,9706,9554,9323,8940,8977,9062,9309
"32003","Clark, NV","8","CA25 1/","930","...","        State and local",10995,12293,13593,14297,14911,15628,16647,17443,18784,20092,21457,22351,23019,23741,23471,23840,24401,25844,26847,28217,30332,33021,36504,39060,40788,42460,44934,47807,51437,55296,58356,60455
"32003","Clark, NV","8","CA25 1/","931","...","          State government","(NA)","(NA)","(NA)","(NA)","(NA)","(NA)","(NA)","(NA)","(NA)","(NA)",5134,5278,5231,5309,5356,5595,5564,5982,5771,6249,6803,7614,8184,8664,8920,9338,9707,10315,10652,11177,11578,10939
"32003","Clark, NV","8","CA25 1/","932","...","          Local government","(NA)","(NA)","(NA)","(NA)","(NA)","(NA)","(NA)","(NA)","(NA)","(NA)",16323,17073,17788,18432,18115,18245,18837,19862,21076,21968,23529,25407,28320,30396,31868,33122,35227,37492,40785,44119,46778,49516
"32005","Douglas, NV","8","CA25 1/","10","...","Total employment (number of jobs)",7538,8111,8771,9639,10887,11717,12157,12970,14516,17503,17596,18644,18343,17937,18017,19826,21006,21365,21713,22022,23293,23522,23197,22953,23813,24624,26048,26549,27861,27521,27816,29049
"32005","Douglas, NV","8","CA25 1/","20","...","  Wage and salary employment",6722,7270,7789,8568,9753,10546,10974,11603,12876,15624,15596,16489,16140,15495,15532,17020,17988,18111,17742,17896,19093,19005,18390,18090,18512,18957,20011,20056,20366,20415,21115,21531
"32005","Douglas, NV","8","CA25 1/","40","...","  Proprietors employment",816,841,982,1071,1134,1171,1183,1367,1640,1879,2000,2155,2203,2442,2485,2806,3018,3254,3971,4126,4200,4517,4807,4863,5301,5667,6037,6493,7495,7106,6701,7518
"32005","Douglas, NV","8","CA25 1/","50","...","    Farm proprietors employment",103,108,107,113,119,118,117,126,135,153,157,162,174,170,179,183,178,181,173,166,156,151,144,142,172,167,160,155,153,160,161,166
"32005","Douglas, NV","8","CA25 1/","60","...","    Nonfarm proprietors employment 2/",713,733,875,958,1015,1053,1066,1241,1505,1726,1843,1993,2029,2272,2306,2623,2840,3073,3798,3960,4044,4366,4663,4721,5129,5500,5877,6338,7342,6946,6540,7352
"32005","Douglas, NV","8","CA25 1/","70","[01-02]","    Farm employment",204,238,249,269,281,302,281,290,274,280,278,286,295,283,301,292,315,335,326,329,297,288,243,233,265,267,237,254,275,283,295,310
"32005","Douglas, NV","8","CA25 1/","80","...","    Nonfarm employment",7334,7873,8522,9370,10606,11415,11876,12680,14242,17223,17318,18358,18048,17654,17716,19534,20691,21030,21387,21693,22996,23234,22954,22720,23548,24357,25811,26295,27586,27238,27521,28739
"32005","Douglas, NV","8","CA25 1/","90","...","      Private nonfarm employment",6928,7450,8069,8904,10091,10851,11258,12013,13519,16430,16484,17404,17079,16692,16772,18542,19629,19900,20191,20445,21684,21737,21362,21048,21829,22557,23817,24216,25509,25177,25441,26553
"32005","Douglas, NV","8","CA25 1/","100","[07-09]","        Agricultural services, forestry, and fishing",13,14,26,35,33,25,22,19,18,26,43,56,55,66,79,89,103,116,139,133,163,191,227,203,228,292,"(D)",314,356,"(D)","(D)","(D)"
"32005","Douglas, NV","8","CA25 1/","200","B","        Mining",16,11,12,14,12,"(L)","(L)","(L)","(L)",17,"(L)",30,13,17,17,69,89,68,96,93,55,59,61,78,91,98,"(D)",102,125,"(D)","(D)","(D)"
"32005","Douglas, NV","8","CA25 1/","300","C","        Construction",193,225,260,411,628,570,482,560,758,1246,1233,983,736,659,771,892,852,941,1061,1191,1505,1466,1442,1463,1550,1854,2048,2058,2359,2207,2340,2350
"32005","Douglas, NV","8","CA25 1/","400","D","        Manufacturing",190,235,289,337,465,580,615,654,764,920,1102,1005,1064,1125,1220,1580,1612,1595,1182,1201,1393,1367,1301,1312,1353,1544,1664,1744,1779,1812,1798,1849
"32005","Douglas, NV","8","CA25 1/","500","E","        Transportation and public utilities",203,210,194,215,245,271,269,253,319,354,382,404,482,438,396,461,512,579,521,536,411,422,440,427,455,328,342,365,404,422,364,414
"32005","Douglas, NV","8","CA25 1/","610","F","        Wholesale trade",32,35,35,36,64,69,91,70,87,95,112,98,101,88,85,97,98,120,171,185,193,208,229,266,234,276,308,302,333,336,359,374
"32005","Douglas, NV","8","CA25 1/","620","G","        Retail trade",464,477,538,587,620,645,654,688,828,971,1013,1130,1091,1136,1110,1476,1541,1464,1718,1900,2034,2123,2259,2246,2342,2605,2810,2920,3020,2867,3010,3138
"32005","Douglas, NV","8","CA25 1/","700","H","        Finance, insurance, and real estate",403,452,509,533,544,630,535,636,825,988,1121,1206,1304,1374,1324,1550,1814,1648,1637,1647,1728,1824,1909,1705,1869,1912,2295,2484,3315,3225,2945,3371
"32005","Douglas, NV","8","CA25 1/","800","I","        Services",5414,5791,6206,6736,7480,8053,8584,9127,9912,11813,11469,12492,12233,11789,11770,12328,13008,13369,13666,13559,14202,14077,13494,13348,13707,13648,13997,13927,13818,13800,14101,14514
"32005","Douglas, NV","8","CA25 1/","900","...","      Government and government enterprises",406,423,453,466,515,564,618,667,723,793,834,954,969,962,944,992,1062,1130,1196,1248,1312,1497,1592,1672,1719,1800,1994,2079,2077,2061,2080,2186
"32005","Douglas, NV","8","CA25 1/","910","...","        Federal civilian",63,45,43,40,41,45,48,57,46,57,61,63,54,60,61,65,65,67,66,71,68,79,75,80,93,90,87,90,93,97,102,117
"32005","Douglas, NV","8","CA25 1/","920","...","        Military",23,25,26,28,36,42,44,41,41,45,50,61,72,76,75,66,74,85,94,81,79,87,86,92,86,81,74,85,80,78,76,79
"32005","Douglas, NV","8","CA25 1/","930","...","        State and local",320,353,384,398,438,477,526,569,636,691,723,830,843,826,808,861,923,978,1036,1096,1165,1331,1431,1500,1540,1629,1833,1904,1904,1886,1902,1990
"32005","Douglas, NV","8","CA25 1/","931","...","          State government","(NA)","(NA)","(NA)","(NA)","(NA)","(NA)","(NA)","(NA)","(NA)","(NA)",36,33,22,19,21,23,40,65,72,76,75,77,81,77,75,72,74,82,82,82,85,94
"32005","Douglas, NV","8","CA25 1/","932","...","          Local government","(NA)","(NA)","(NA)","(NA)","(NA)","(NA)","(NA)","(NA)","(NA)","(NA)",687,797,821,807,787,838,883,913,964,1020,1090,1254,1350,1423,1465,1557,1759,1822,1822,1804,1817,1896
"32007","Elko, NV","8","CA25 1/","10","...","Total employment (number of jobs)",6914,6953,7355,7764,8211,8337,8190,8563,9074,9539,9801,10803,11705,11748,12106,12971,13541,13791,14951,17020,18590,19311,19462,19579,20411,21676,22815,24516,24880,24098,23685,23900
"32007","Elko, NV","8","CA25 1/","20","...","  Wage and salary employment",5671,5706,6054,6386,6829,6964,6865,7141,7636,8079,8326,9271,10141,10161,10470,11206,11705,11868,12657,14400,15948,16507,16573,16955,17567,18521,19288,20745,21229,20906,20859,20807
"32007","Elko, NV","8","CA25 1/","40","...","  Proprietors employment",1243,1247,1301,1378,1382,1373,1325,1422,1438,1460,1475,1532,1564,1587,1636,1765,1836,1923,2294,2620,2642,2804,2889,2624,2844,3155,3527,3771,3651,3192,2826,3093
"32007","Elko, NV","8","CA25 1/","50","...","    Farm proprietors employment",290,289,275,272,271,271,263,279,296,322,322,323,349,330,345,352,348,354,334,326,314,306,300,299,377,385,384,390,402,394,385,388
"32007","Elko, NV","8","CA25 1/","60","...","    Nonfarm proprietors employment 2/",953,958,1026,1106,1111,1102,1062,1143,1142,1138,1153,1209,1215,1257,1291,1413,1488,1569,1960,2294,2328,2498,2589,2325,2467,2770,3143,3381,3249,2798,2441,2705
"32007","Elko, NV","8","CA25 1/","70","[01-02]","    Farm employment",905,967,918,884,824,828,813,893,883,940,901,912,919,858,914,858,991,1077,1053,1092,976,949,766,733,779,783,663,722,781,733,714,711
"32007","Elko, NV","8","CA25 1/","80","...","    Nonfarm employment",6009,5986,6437,6880,7387,7509,7377,7670,8191,8599,8900,9891,10786,10890,11192,12113,12550,12714,13898,15928,17614,18362,18696,18846,19632,20893,22152,23794,24099,23365,22971,23189
"32007","Elko, NV","8","CA25 1/","90","...","      Private nonfarm employment",4700,4613,5000,5423,5909,5956,5802,6072,6469,6765,7132,8067,8926,9032,9288,10020,10453,10568,11637,13592,15058,15540,15724,15648,16315,17304,18450,19879,19951,19342,19232,19392
"32007","Elko, NV","8","CA25 1/","100","[07-09]","        Agricultural services, forestry, and fishing",38,35,34,42,27,31,44,74,71,65,67,74,55,64,72,89,110,115,133,127,126,132,153,140,174,187,192,266,"(D)","(D)","(D)",198
"32007","Elko, NV","8","CA25 1/","200","B","        Mining",140,98,110,123,118,200,185,237,258,213,301,480,764,847,729,833,827,781,1104,1165,1276,1378,1472,1498,1435,1336,1393,1606,1508,1287,1277,1429
"32007","Elko, NV","8","CA25 1/","300","C","        Construction",290,273,342,483,623,436,378,385,437,476,503,785,778,644,557,719,739,747,969,1583,1526,1373,1316,1069,1157,1319,1401,1861,1699,1534,1557,1434
"32007","Elko, NV","8","CA25 1/","400","D","        Manufacturing",77,61,63,92,96,72,70,72,92,162,202,221,234,211,213,188,190,165,165,177,215,205,208,211,218,254,285,316,318,318,279,273
"32007","Elko, NV","8","CA25 1/","500","E","        Transportation and public utilities",586,542,544,594,653,646,614,594,625,659,710,767,833,789,771,797,777,738,674,750,723,678,718,683,790,856,886,918,998,1094,979,893
"32007","Elko, NV","8","CA25 1/","610","F","        Wholesale trade",122,116,133,132,137,166,220,208,191,183,192,225,247,240,273,293,299,275,339,445,566,711,732,678,699,699,800,820,873,820,781,762
"32007","Elko, NV","8","CA25 1/","620","G","        Retail trade",1290,1265,1382,1433,1519,1593,1592,1649,1606,1613,1606,1668,1634,1574,1545,1635,1761,1833,2045,2322,2805,2760,2743,2869,2917,3232,3475,3729,3753,3459,3507,3516
"32007","Elko, NV","8","CA25 1/","700","H","        Finance, insurance, and real estate",307,303,440,436,443,464,385,385,414,415,474,536,560,546,549,603,606,654,651,745,789,916,793,689,696,672,966,1106,"(D)","(D)","(D)",1108
"32007","Elko, NV","8","CA25 1/","800","I","        Services",1850,1920,1952,2088,2293,2348,2314,2468,2775,2979,3077,3311,3821,4117,4579,4863,5144,5260,5557,6278,7032,7387,7589,7811,8229,8749,9052,9257,9462,9481,9639,9779
"32007","Elko, NV","8","CA25 1/","900","...","      Government and government enterprises",1309,1373,1437,1457,1478,1553,1575,1598,1722,1834,1768,1824,1860,1858,1904,2093,2097,2146,2261,2336,2556,2822,2972,3198,3317,3589,3702,3915,4148,4023,3739,3797
"32007","Elko, NV","8","CA25 1/","910","...","        Federal civilian",264,269,272,266,254,278,231,212,260,278,282,308,325,301,302,373,382,347,337,349,352,374,366,389,393,393,379,370,358,366,366,407
"32007","Elko, NV","8","CA25 1/","920","...","        Military",50,52,49,51,57,60,58,51,45,45,44,63,68,74,75,66,73,87,96,87,92,106,103,107,100,95,85,98,95,91,85,86
"32007","Elko, NV","8","CA25 1/","930","...","        State and local",995,1052,1116,1140,1167,1215,1286,1335,1417,1511,1442,1453,1467,1483,1527,1654,1642,1712,1828,1900,2112,2342,2503,2702,2824,3101,3238,3447,3695,3566,3288,3304
"32007","Elko, NV","8","CA25 1/","931","...","          State government","(NA)","(NA)","(NA)","(NA)","(NA)","(NA)","(NA)","(NA)","(NA)","(NA)",536,509,492,513,515,534,545,577,586,590,612,680,683,697,719,779,780,774,806,886,793,785
"32007","Elko, NV","8","CA25 1/","932","...","          Local government","(NA)","(NA)","(NA)","(NA)","(NA)","(NA)","(NA)","(NA)","(NA)","(NA)",906,944,975,970,1012,1120,1097,1135,1242,1310,1500,1662,1820,2005,2105,2322,2458,2673,2889,2680,2495,2519
"32009","Esmeralda, NV","8","CA25 1/","10","...","Total employment (number of jobs)",338,350,329,297,308,332,324,356,363,370,334,361,480,565,512,583,544,537,540,626,575,512,534,523,518,584,475,447,495,444,495,407
"32009","Esmeralda, NV","8","CA25 1/","20","...","  Wage and salary employment",300,301,275,249,257,284,271,297,303,303,269,299,411,494,439,510,470,466,451,512,466,413,440,437,418,470,359,336,378,338,393,303
"32009","Esmeralda, NV","8","CA25 1/","40","...","  Proprietors employment",38,49,54,48,51,48,53,59,60,67,65,62,69,71,73,73,74,71,89,114,109,99,94,86,100,114,116,111,117,106,102,104
"32009","Esmeralda, NV","8","CA25 1/","50","...","    Farm proprietors employment",16,17,18,19,21,21,23,28,31,34,33,32,35,31,31,29,28,25,24,23,21,21,20,20,23,23,21,20,19,19,19,17
"32009","Esmeralda, NV","8","CA25 1/","60","...","    Nonfarm proprietors employment 2/",22,32,36,29,30,27,30,31,29,33,32,30,34,40,42,44,46,46,65,91,88,78,74,66,77,91,95,91,98,87,83,87
"32009","Esmeralda, NV","8","CA25 1/","70","[01-02]","    Farm employment",32,40,46,52,58,65,67,79,81,87,79,75,72,63,66,61,69,72,72,75,67,66,53,56,58,60,49,54,63,54,49,43
"32009","Esmeralda, NV","8","CA25 1/","80","...","    Nonfarm employment",306,310,283,245,250,267,257,277,282,283,255,286,408,502,446,522,475,465,468,551,508,446,481,467,460,524,426,393,432,390,446,364
"32009","Esmeralda, NV","8","CA25 1/","90","...","      Private nonfarm employment",222,220,186,149,157,175,167,184,197,203,180,211,331,392,335,411,369,353,353,436,401,335,368,353,346,414,315,288,323,275,339,262
"32009","Esmeralda, NV","8","CA25 1/","100","[07-09]","        Agricultural services, forestry, and fishing","(L)","(L)","(L)","(L)","(L)","(L)","(L)","(L)","(L)","(L)","(L)","(L)","(L)","(L)","(L)","(L)","(L)","(L)",10,"(L)","(L)","(L)","(D)","(L)","(L)","(L)",11,"(D)",14,"(D)","(D)","(D)"
"32009","Esmeralda, NV","8","CA25 1/","200","B","        Mining",133,137,116,91,94,105,99,106,112,108,101,105,181,246,207,283,241,211,179,237,178,143,192,173,157,197,167,136,160,138,169,103
"32009","Esmeralda, NV","8","CA25 1/","300","C","        Construction",49,43,30,20,25,29,33,28,39,35,24,45,65,"(D)","(D)","(D)","(D)","(D)","(D)",35,"(D)","(D)","(D)","(D)","(D)","(D)","(D)","(D)",13,"(D)","(D)","(D)"
"32009","Esmeralda, NV","8","CA25 1/","400","D","        Manufacturing",0,0,0,0,0,0,0,0,0,0,0,0,0,0,0,0,0,0,10,10,12,"(D)","(L)","(L)","(L)","(L)","(L)",10,10,10,11,11
"32009","Esmeralda, NV","8","CA25 1/","500","E","        Transportation and public utilities","(L)","(L)","(L)","(L)","(L)","(L)","(L)","(L)","(L)",11,"(L)","(L)","(L)","(L)","(L)","(L)","(L)","(L)","(L)","(L)","(L)","(L)","(L)","(L)","(L)","(L)","(L)","(L)","(L)","(D)","(L)","(L)"
"32009","Esmeralda, NV","8","CA25 1/","610","F","        Wholesale trade","(D)","(D)","(D)","(D)","(D)","(D)","(D)","(D)","(D)","(D)","(D)","(D)","(D)","(L)","(L)","(L)","(L)","(L)",0,0,"(L)","(L)","(L)","(L)","(L)","(L)","(L)","(L)","(L)","(L)","(D)","(D)"
"32009","Esmeralda, NV","8","CA25 1/","620","G","        Retail trade",24,31,27,28,19,26,22,35,30,34,34,36,51,65,60,51,51,62,80,86,85,93,69,51,51,58,"(D)",47,51,50,51,50
"32009","Esmeralda, NV","8","CA25 1/","700","H","        Finance, insurance, and real estate","(L)","(L)","(L)","(L)","(L)","(L)","(L)","(L)","(L)","(L)","(L)","(L)","(L)","(L)","(L)","(L)","(L)","(L)","(L)","(L)",0,"(L)","(L)","(L)","(L)","(L)","(L)","(L)","(L)","(L)","(L)","(L)"
"32009","Esmeralda, NV","8","CA25 1/","800","I","        Services","(D)","(D)","(D)","(D)","(D)","(D)","(D)","(D)","(D)","(D)","(D)","(D)","(D)","(D)","(D)","(D)","(D)","(D)","(D)",56,"(D)","(D)","(D)","(D)","(D)","(D)",53,63,61,"(D)","(D)","(D)"
"32009","Esmeralda, NV","8","CA25 1/","900","...","      Government and government enterprises",84,90,97,96,93,92,90,93,85,80,75,75,77,110,111,111,106,112,115,115,107,111,113,114,114,110,111,105,109,115,107,102
"32009","Esmeralda, NV","8","CA25 1/","910","...","        Federal civilian","(L)","(L)","(L)","(L)","(L)","(L)","(L)",14,"(L)","(L)","(L)","(L)","(L)","(L)","(L)","(L)","(L)","(L)","(L)","(L)","(L)","(L)","(L)","(L)","(L)","(L)","(L)","(L)","(L)","(L)","(L)","(L)"
"32009","Esmeralda, NV","8","CA25 1/","920","...","        Military","(L)","(L)","(L)","(L)","(L)","(L)","(L)","(L)","(L)","(L)","(L)","(L)","(L)","(L)","(L)","(L)","(L)","(L)","(L)","(L)","(L)","(L)","(L)","(L)","(L)","(L)","(L)","(L)","(L)","(L)","(L)","(L)"
"32009","Esmeralda, NV","8","CA25 1/","930","...","        State and local",75,81,87,88,84,81,79,77,76,72,66,64,67,99,102,102,98,104,108,108,101,103,102,104,105,101,103,97,101,106,98,93
"32009","Esmeralda, NV","8","CA25 1/","931","...","          State government","(NA)","(NA)","(NA)","(NA)","(NA)","(NA)","(NA)","(NA)","(NA)","(NA)","(L)","(L)",0,"(L)","(L)","(L)","(L)","(L)","(L)","(L)","(L)","(L)","(L)","(L)","(L)","(L)","(L)","(L)","(L)","(L)","(D)","(D)"
"32009","Esmeralda, NV","8","CA25 1/","932","...","          Local government","(NA)","(NA)","(NA)","(NA)","(NA)","(NA)","(NA)","(NA)","(NA)","(NA)",64,63,67,95,98,98,94,100,104,103,95,98,97,99,100,96,97,90,95,99,"(D)","(D)"
"32011","Eureka, NV","8","CA25 1/","10","...","Total employment (number of jobs)",645,552,551,544,540,574,607,649,707,815,891,940,920,823,841,955,1240,1308,1719,3504,4180,4297,4275,4591,4842,5363,4957,5287,5319,4936,4584,4561
"32011","Eureka, NV","8","CA25 1/","20","...","  Wage and salary employment",497,419,418,422,407,432,463,501,548,632,714,758,729,649,662,779,1068,1137,1526,3294,3969,4083,4070,4401,4647,5130,4725,5053,5062,4692,4343,4314
"32011","Eureka, NV","8","CA25 1/","40","...","  Proprietors employment",148,133,133,122,133,142,144,148,159,183,177,182,191,174,179,176,172,171,193,210,211,214,205,190,195,233,232,234,257,244,241,247
"32011","Eureka, NV","8","CA25 1/","50","...","    Farm proprietors employment",79,78,74,73,72,77,79,88,97,109,105,102,108,96,94,89,82,78,68,69,69,70,70,70,86,86,82,81,82,78,76,73
"32011","Eureka, NV","8","CA25 1/","60","...","    Nonfarm proprietors employment 2/",69,55,59,49,61,65,65,60,62,74,72,80,83,78,85,87,90,93,125,141,142,144,135,120,109,147,150,153,175,166,165,174
"32011","Eureka, NV","8","CA25 1/","70","[01-02]","    Farm employment",138,143,138,134,129,134,148,179,195,223,206,198,195,171,173,158,167,170,157,161,146,142,120,116,137,144,129,145,162,147,141,133
"32011","Eureka, NV","8","CA25 1/","80","...","    Nonfarm employment",507,409,413,410,411,440,459,470,512,592,685,742,725,652,668,797,1073,1138,1562,3343,4034,4155,4155,4475,4705,5219,4828,5142,5157,4789,4443,4428
"32011","Eureka, NV","8","CA25 1/","90","...","      Private nonfarm employment",412,314,318,318,320,351,371,383,421,500,588,630,617,526,544,672,946,1011,1429,3198,3873,3985,3969,4282,4491,4986,4600,4890,4883,4530,4205,4199
"32011","Eureka, NV","8","CA25 1/","100","[07-09]","        Agricultural services, forestry, and fishing","(L)","(L)","(L)","(L)","(L)","(L)","(L)","(L)","(L)","(L)","(L)","(L)","(L)","(D)","(D)",12,"(D)","(D)","(D)",22,"(D)","(D)","(D)",23,32,42,46,41,43,"(D)","(D)","(D)"
"32011","Eureka, NV","8","CA25 1/","200","B","        Mining",238,218,219,201,219,233,237,253,282,309,366,364,402,"(D)","(D)",494,"(D)",803,1193,2334,3208,3695,3556,3739,4036,3878,4040,4277,4374,4143,3805,3826
"32011","Eureka, NV","8","CA25 1/","300","C","        Construction","(D)","(D)","(D)","(D)","(D)","(D)","(D)","(D)","(D)","(D)","(D)","(D)","(D)","(D)","(D)","(L)","(D)","(D)","(D)",656,458,74,191,314,216,823,269,300,172,43,66,39
"32011","Eureka, NV","8","CA25 1/","400","D","        Manufacturing",0,0,0,0,0,0,0,0,0,0,0,0,"(L)","(L)","(L)","(L)","(D)","(L)",10,"(D)","(D)","(D)","(L)","(L)","(L)","(L)","(L)",10,10,10,11,11
"32011","Eureka, NV","8","CA25 1/","500","E","        Transportation and public utilities","(D)","(D)","(D)","(D)","(D)","(D)","(D)","(D)","(D)","(D)","(D)","(D)","(D)","(L)","(L)","(L)",10,23,"(L)","(L)","(L)","(L)","(L)","(L)","(L)","(L)","(L)","(L)","(L)","(D)",17,15
"32011","Eureka, NV","8","CA25 1/","610","F","        Wholesale trade","(L)","(L)","(L)","(L)","(L)",10,10,"(L)","(L)","(L)","(L)","(L)","(L)","(L)","(L)","(L)","(L)","(L)","(L)","(D)","(D)","(D)","(D)","(D)","(D)","(D)","(D)","(D)","(D)",25,"(D)","(D)"
"32011","Eureka, NV","8","CA25 1/","620","G","        Retail trade",62,39,38,39,31,41,68,55,62,80,81,105,80,58,65,65,59,57,59,60,69,71,71,67,93,101,103,117,123,139,112,109
"32011","Eureka, NV","8","CA25 1/","700","H","        Finance, insurance, and real estate","(L)","(L)","(L)","(L)","(L)","(L)","(L)","(L)",11,"(L)","(L)","(L)","(L)","(L)","(L)","(L)","(L)","(L)","(L)","(L)","(L)","(L)","(L)","(D)","(D)","(D)","(D)","(D)","(D)","(D)","(D)","(D)"
"32011","Eureka, NV","8","CA25 1/","800","I","        Services",30,23,24,29,32,36,39,53,51,58,63,70,67,66,69,69,85,77,82,97,82,85,85,94,81,103,99,109,118,105,95,85
"32011","Eureka, NV","8","CA25 1/","900","...","      Government and government enterprises",95,95,95,92,91,89,88,87,91,92,97,112,108,126,124,125,127,127,133,145,161,170,186,193,214,233,228,252,274,259,238,229
"32011","Eureka, NV","8","CA25 1/","910","...","        Federal civilian","(L)","(L)","(L)","(L)","(L)","(L)","(L)","(L)","(L)","(L)","(L)","(L)","(L)","(L)","(L)","(L)","(L)","(L)","(L)","(L)","(L)","(L)","(L)","(L)","(L)","(L)","(L)","(L)","(L)","(L)","(L)","(L)"
"32011","Eureka, NV","8","CA25 1/","920","...","        Military",12,11,11,11,10,10,"(L)","(L)","(L)","(L)","(L)","(L)","(L)","(L)","(L)","(L)","(L)","(L)","(L)","(L)","(L)","(L)","(L)","(L)","(L)","(L)","(L)","(L)","(L)","(L)","(L)","(L)"
"32011","Eureka, NV","8","CA25 1/","930","...","        State and local",77,77,78,75,74,73,73,73,76,77,87,102,98,112,112,113,116,117,122,133,150,160,178,185,205,226,221,244,264,248,228,218
"32011","Eureka, NV","8","CA25 1/","931","...","          State government","(NA)","(NA)","(NA)","(NA)","(NA)","(NA)","(NA)","(NA)","(NA)","(NA)","(L)","(L)","(L)",12,13,13,13,14,14,22,25,25,27,22,30,28,28,29,29,28,"(D)","(D)"
"32011","Eureka, NV","8","CA25 1/","932","...","          Local government","(NA)","(NA)","(NA)","(NA)","(NA)","(NA)","(NA)","(NA)","(NA)","(NA)",86,100,96,100,99,100,103,103,108,111,125,135,151,163,175,198,193,215,235,220,"(D)","(D)"
"32013","Humboldt, NV","8","CA25 1/","10","...","Total employment (number of jobs)",3280,3259,3309,3402,3550,3982,3872,4132,4313,4762,5027,5649,6021,5409,5424,5578,5429,5336,6051,7204,7774,7686,8270,8387,8948,9199,9717,10460,10910,10209,9829,9614
"32013","Humboldt, NV","8","CA25 1/","20","...","  Wage and salary employment",2607,2588,2584,2685,2840,3236,3113,3305,3427,3813,4047,4612,4899,4304,4297,4485,4408,4378,5013,6081,6689,6546,7010,7119,7500,7702,8125,8738,9055,8350,8081,7716
"32013","Humboldt, NV","8","CA25 1/","40","...","  Proprietors employment",673,671,725,717,710,746,759,827,886,949,980,1037,1122,1105,1127,1093,1021,958,1038,1123,1085,1140,1260,1268,1448,1497,1592,1722,1855,1859,1748,1898
"32013","Humboldt, NV","8","CA25 1/","50","...","    Farm proprietors employment",186,185,177,175,175,175,167,173,182,193,196,198,212,201,198,193,180,177,159,162,163,167,171,174,218,219,215,215,219,217,217,223
"32013","Humboldt, NV","8","CA25 1/","60","...","    Nonfarm proprietors employment 2/",487,486,548,542,535,571,592,654,704,756,784,839,910,904,929,900,841,781,879,961,922,973,1089,1094,1230,1278,1377,1507,1636,1642,1531,1675
"32013","Humboldt, NV","8","CA25 1/","70","[01-02]","    Farm employment",479,534,533,541,535,566,553,602,591,619,588,588,581,537,556,510,576,617,591,618,553,539,436,423,478,507,441,511,591,542,525,517
"32013","Humboldt, NV","8","CA25 1/","80","...","    Nonfarm employment",2801,2725,2776,2861,3015,3416,3319,3530,3722,4143,4439,5061,5440,4872,4868,5068,4853,4719,5460,6586,7221,7147,7834,7964,8470,8692,9276,9949,10319,9667,9304,9097
"32013","Humboldt, NV","8","CA25 1/","90","...","      Private nonfarm employment",2276,2194,2239,2330,2474,2847,2720,2910,3068,3449,3712,4288,4657,4061,4036,4245,4033,3906,4605,5695,6260,6086,6743,6800,7266,7452,8074,8700,9005,8305,7891,7644
"32013","Humboldt, NV","8","CA25 1/","100","[07-09]","        Agricultural services, forestry, and fishing",38,40,44,44,37,27,32,62,99,73,77,81,85,123,140,139,130,137,153,167,162,171,198,219,214,220,212,222,222,199,177,159
"32013","Humboldt, NV","8","CA25 1/","200","B","        Mining",245,199,60,89,63,68,87,78,116,102,85,183,297,287,316,336,422,486,807,1284,1377,1617,1813,2084,2197,2160,2417,2587,2548,2083,1840,1531
"32013","Humboldt, NV","8","CA25 1/","300","C","        Construction",141,141,149,127,195,280,232,226,178,288,592,942,919,504,491,476,437,388,553,749,845,641,627,495,514,543,"(D)","(D)","(D)",609,530,515
"32013","Humboldt, NV","8","CA25 1/","400","D","        Manufacturing",27,49,59,64,67,225,90,78,191,290,274,188,114,88,126,104,110,90,79,100,119,125,130,128,119,133,159,212,230,214,338,334
"32013","Humboldt, NV","8","CA25 1/","500","E","        Transportation and public utilities",190,195,209,219,238,255,250,248,251,250,291,360,413,382,371,400,411,389,386,377,385,400,421,429,417,420,452,481,496,498,603,656
"32013","Humboldt, NV","8","CA25 1/","610","F","        Wholesale trade",88,90,85,82,82,120,203,207,161,167,179,177,140,129,99,115,108,108,139,153,181,147,149,165,190,197,222,242,299,288,250,236
"32013","Humboldt, NV","8","CA25 1/","620","G","        Retail trade",689,658,710,734,785,774,770,874,933,988,1079,1129,1292,1255,1130,1148,896,869,929,1105,1186,1160,1234,1128,1258,1393,1493,1580,1635,1866,1716,1679
"32013","Humboldt, NV","8","CA25 1/","700","H","        Finance, insurance, and real estate",104,93,107,106,86,103,117,147,171,197,190,215,237,188,190,200,210,218,242,252,245,236,236,219,282,222,312,328,353,371,326,371
"32013","Humboldt, NV","8","CA25 1/","800","I","        Services",754,729,816,865,921,995,939,990,968,1094,945,1013,1160,1105,1173,1327,1309,1221,1317,1508,1760,1589,1935,1933,2075,2164,"(D)","(D)","(D)",2177,2111,2163
"32013","Humboldt, NV","8","CA25 1/","900","...","      Government and government enterprises",525,531,537,531,541,569,599,620,654,694,727,773,783,811,832,823,820,813,855,891,961,1061,1091,1164,1204,1240,1202,1249,1314,1362,1413,1453
"32013","Humboldt, NV","8","CA25 1/","910","...","        Federal civilian",84,77,70,68,70,83,92,104,111,122,142,158,132,126,130,132,128,129,135,137,136,149,145,158,157,160,145,139,143,139,144,162
"32013","Humboldt, NV","8","CA25 1/","920","...","        Military",22,23,22,21,24,26,27,23,22,22,24,30,38,42,40,34,35,38,42,38,37,40,39,40,37,35,31,36,35,34,31,30
"32013","Humboldt, NV","8","CA25 1/","930","...","        State and local",419,431,445,442,447,460,480,493,521,550,561,585,613,643,662,657,657,646,678,716,788,872,907,966,1010,1045,1026,1074,1136,1189,1238,1261
"32013","Humboldt, NV","8","CA25 1/","931","...","          State government","(NA)","(NA)","(NA)","(NA)","(NA)","(NA)","(NA)","(NA)","(NA)","(NA)",134,126,120,107,112,111,104,93,101,107,122,125,125,134,132,130,129,133,136,143,194,196
"32013","Humboldt, NV","8","CA25 1/","932","...","          Local government","(NA)","(NA)","(NA)","(NA)","(NA)","(NA)","(NA)","(NA)","(NA)","(NA)",427,459,493,536,550,546,553,553,577,609,666,747,782,832,878,915,897,941,1000,1046,1044,1065
"32015","Lander, NV","8","CA25 1/","10","...","Total employment (number of jobs)",1243,1301,1365,1353,1433,1611,1670,1683,1706,1988,2165,2495,2672,2416,2159,2182,2204,2135,2719,3103,3528,3288,3220,3240,3043,3119,3212,3469,3544,3225,2989,2845
"32015","Lander, NV","8","CA25 1/","20","...","  Wage and salary employment",993,1054,1070,1118,1152,1306,1364,1360,1380,1670,1821,2113,2281,2000,1741,1773,1807,1749,2268,2632,3035,2792,2693,2716,2532,2605,2641,2881,2908,2606,2413,2212
"32015","Lander, NV","8","CA25 1/","40","...","  Proprietors employment",250,247,295,235,281,305,306,323,326,318,344,382,391,416,418,409,397,386,451,471,493,496,527,524,511,514,571,588,636,619,576,633
"32015","Lander, NV","8","CA25 1/","50","...","    Farm proprietors employment",71,71,67,65,64,69,66,69,73,79,77,74,80,73,74,72,69,67,62,61,60,60,60,62,77,77,74,74,75,83,91,99
"32015","Lander, NV","8","CA25 1/","60","...","    Nonfarm proprietors employment 2/",179,176,228,170,217,236,240,254,253,239,267,308,311,343,344,337,328,319,389,410,433,436,467,462,434,437,497,514,561,536,485,534
"32015","Lander, NV","8","CA25 1/","70","[01-02]","    Farm employment",167,180,172,168,160,165,156,164,158,163,152,146,145,129,135,128,141,149,145,152,140,139,118,122,143,153,136,157,179,171,171,172
"32015","Lander, NV","8","CA25 1/","80","...","    Nonfarm employment",1076,1121,1193,1185,1273,1446,1514,1519,1548,1825,2013,2349,2527,2287,2024,2054,2063,1986,2574,2951,3388,3149,3102,3118,2900,2966,3076,3312,3365,3054,2818,2673
"32015","Lander, NV","8","CA25 1/","90","...","      Private nonfarm employment",857,906,975,972,1040,1211,1256,1245,1253,1483,1636,1945,2121,1895,1664,1689,1702,1613,2186,2525,2931,2672,2611,2620,2399,2453,2557,2781,2820,2483,2240,2100
"32015","Lander, NV","8","CA25 1/","100","[07-09]","        Agricultural services, forestry, and fishing","(L)","(L)","(L)","(L)","(L)","(L)","(L)",10,13,16,15,14,15,"(D)","(D)",16,"(D)","(D)","(D)",19,19,"(D)",27,24,17,12,30,30,44,"(D)","(D)","(D)"
"32015","Lander, NV","8","CA25 1/","200","B","        Mining",441,474,510,482,562,682,673,620,639,771,848,1033,1190,1064,852,860,884,763,1219,1228,1462,1428,1332,1311,1108,1039,1141,1266,1345,1148,1055,884
"32015","Lander, NV","8","CA25 1/","300","C","        Construction","(D)","(D)","(D)","(D)","(D)","(D)","(D)","(D)","(D)","(D)","(D)","(D)","(D)",15,16,28,35,74,90,256,374,129,"(D)","(D)","(D)","(D)","(D)","(D)","(D)","(D)","(D)","(D)"
"32015","Lander, NV","8","CA25 1/","400","D","        Manufacturing","(D)","(D)","(D)","(D)","(D)","(D)","(D)","(D)","(D)","(D)","(D)","(D)","(D)","(D)","(D)","(D)","(D)","(D)","(D)",23,19,"(D)","(D)",35,48,54,"(D)","(D)","(D)","(D)","(D)","(D)"
"32015","Lander, NV","8","CA25 1/","500","E","        Transportation and public utilities",30,25,25,38,36,40,37,43,45,45,62,75,82,93,95,108,98,80,97,102,111,116,107,"(D)","(D)","(D)","(D)","(D)",114,102,79,88
"32015","Lander, NV","8","CA25 1/","610","F","        Wholesale trade","(D)","(D)","(D)","(D)","(D)","(D)","(D)","(D)","(D)","(D)","(D)","(D)","(D)","(D)","(D)","(D)","(D)",21,19,19,27,37,20,22,44,57,66,65,58,"(D)",33,29
"32015","Lander, NV","8","CA25 1/","620","G","        Retail trade",200,229,244,222,241,273,310,302,291,322,382,456,527,408,332,291,281,249,265,312,364,322,347,377,379,479,509,550,530,465,441,478
"32015","Lander, NV","8","CA25 1/","700","H","        Finance, insurance, and real estate",41,38,63,49,46,35,33,33,33,32,37,42,43,47,42,50,56,64,73,65,73,68,56,60,61,49,76,84,134,151,132,"(D)"
"32015","Lander, NV","8","CA25 1/","800","I","        Services",104,110,93,122,121,115,134,166,178,190,193,223,193,201,285,299,301,328,388,501,482,540,580,537,513,460,437,464,454,409,354,338
"32015","Lander, NV","8","CA25 1/","900","...","      Government and government enterprises",219,215,218,213,233,235,258,274,295,342,377,404,406,392,360,365,361,373,388,426,457,477,491,498,501,513,519,531,545,571,578,573
"32015","Lander, NV","8","CA25 1/","910","...","        Federal civilian",65,57,56,55,63,57,66,70,73,99,118,123,115,91,78,77,75,71,72,84,85,89,87,90,93,93,87,83,80,82,80,91
"32015","Lander, NV","8","CA25 1/","920","...","        Military","(L)","(L)","(L)","(L)",10,10,11,10,"(L)",10,10,13,17,18,17,15,15,17,18,17,18,20,18,19,16,15,13,14,14,13,11,11
"32015","Lander, NV","8","CA25 1/","930","...","        State and local",145,149,153,149,160,168,181,194,213,233,249,268,274,283,265,273,271,285,298,325,354,368,386,389,392,405,419,434,451,476,487,471
"32015","Lander, NV","8","CA25 1/","931","...","          State government","(NA)","(NA)","(NA)","(NA)","(NA)","(NA)","(NA)","(NA)","(NA)","(NA)",37,31,28,25,22,19,20,22,22,24,28,30,36,35,35,36,35,37,36,39,53,49
"32015","Lander, NV","8","CA25 1/","932","...","          Local government","(NA)","(NA)","(NA)","(NA)","(NA)","(NA)","(NA)","(NA)","(NA)","(NA)",212,237,246,258,243,254,251,263,276,301,326,338,350,354,357,369,384,397,415,437,434,422
"32017","Lincoln, NV","8","CA25 1/","10","...","Total employment (number of jobs)",955,996,964,980,988,1164,1207,1160,1309,1491,1519,1815,2087,2180,2068,2254,2195,2173,2192,2350,2376,2373,2299,2171,2219,2257,2093,1996,2023,2090,1965,1951
"32017","Lincoln, NV","8","CA25 1/","20","...","  Wage and salary employment",699,726,719,723,718,908,946,890,1012,1166,1190,1481,1751,1840,1739,1933,1888,1874,1881,2017,2016,2025,1928,1787,1825,1852,1684,1549,1591,1610,1504,1463
"32017","Lincoln, NV","8","CA25 1/","40","...","  Proprietors employment",256,270,245,257,270,256,261,270,297,325,329,334,336,340,329,321,307,299,311,333,360,348,371,384,394,405,409,447,432,480,461,488
"32017","Lincoln, NV","8","CA25 1/","50","...","    Farm proprietors employment",110,105,96,92,88,86,84,90,97,104,105,105,111,105,107,104,97,95,88,92,94,99,103,110,136,133,128,126,126,122,118,114
"32017","Lincoln, NV","8","CA25 1/","60","...","    Nonfarm proprietors employment 2/",146,165,149,165,182,170,177,180,200,221,224,229,225,235,222,217,210,204,223,241,266,249,268,274,258,272,281,321,306,358,343,374
"32017","Lincoln, NV","8","CA25 1/","70","[01-02]","    Farm employment",147,151,146,147,145,149,144,155,156,164,163,164,169,159,166,158,166,174,168,179,171,175,159,162,180,172,152,150,150,151,152,154
"32017","Lincoln, NV","8","CA25 1/","80","...","    Nonfarm employment",808,845,818,833,843,1015,1063,1005,1153,1327,1356,1651,1918,2021,1902,2096,2029,1999,2024,2171,2205,2198,2140,2009,2039,2085,1941,1846,1873,1939,1813,1797
"32017","Lincoln, NV","8","CA25 1/","90","...","      Private nonfarm employment",496,528,493,514,512,667,693,625,747,898,956,1256,1521,1590,1448,1650,1584,1526,1539,1673,1687,1658,1591,1434,1461,1488,1337,1232,1262,1310,1203,1195
"32017","Lincoln, NV","8","CA25 1/","100","[07-09]","        Agricultural services, forestry, and fishing","(L)","(L)","(L)","(L)","(L)","(L)","(L)","(L)","(L)","(L)","(L)","(L)","(L)","(D)","(D)","(L)",13,"(D)","(D)",16,21,"(D)",20,19,20,24,35,36,29,"(D)","(D)","(D)"
"32017","Lincoln, NV","8","CA25 1/","200","B","        Mining",75,87,38,32,42,144,152,73,157,300,272,311,251,128,105,73,52,25,23,27,30,30,23,17,17,17,23,25,22,44,38,35
"32017","Lincoln, NV","8","CA25 1/","300","C","        Construction",14,14,21,28,13,37,18,22,20,16,29,75,180,70,17,"(D)",25,47,39,44,41,46,51,29,28,33,36,35,46,53,56,62
"32017","Lincoln, NV","8","CA25 1/","400","D","        Manufacturing",11,10,"(L)",10,15,17,23,13,14,11,12,13,14,"(D)","(D)","(D)","(D)","(D)","(D)","(D)","(D)",10,"(D)","(L)","(D)","(D)",12,21,30,"(D)","(D)",24
"32017","Lincoln, NV","8","CA25 1/","500","E","        Transportation and public utilities",115,107,101,100,101,109,100,99,105,102,95,96,90,80,78,83,86,83,69,73,84,88,88,69,67,70,62,62,"(D)",59,64,64
"32017","Lincoln, NV","8","CA25 1/","610","F","        Wholesale trade",10,"(L)","(L)",13,12,12,12,10,10,10,11,12,12,21,"(L)","(D)","(D)","(D)","(D)","(D)","(D)","(L)","(D)","(D)","(D)","(D)","(D)","(D)","(D)","(D)","(D)","(D)"
"32017","Lincoln, NV","8","CA25 1/","620","G","        Retail trade",136,158,171,168,170,179,189,181,205,209,241,308,262,216,205,210,200,206,232,256,228,248,228,247,247,260,"(D)",275,322,360,330,324
"32017","Lincoln, NV","8","CA25 1/","700","H","        Finance, insurance, and real estate",35,43,30,29,34,37,42,40,39,38,39,51,62,60,58,53,51,50,54,56,57,48,57,59,50,60,77,77,80,96,84,95
"32017","Lincoln, NV","8","CA25 1/","800","I","        Services",95,98,112,128,120,127,152,182,192,206,252,386,645,997,965,1180,1141,1086,1086,"(D)","(D)","(D)","(D)","(D)","(D)","(D)","(D)","(D)","(D)","(D)","(D)","(D)"
"32017","Lincoln, NV","8","CA25 1/","900","...","      Government and government enterprises",312,317,325,319,331,348,370,380,406,429,400,395,397,431,454,446,445,473,485,498,518,540,549,575,578,597,604,614,611,629,610,602
"32017","Lincoln, NV","8","CA25 1/","910","...","        Federal civilian",29,27,27,21,23,26,30,28,29,26,27,25,20,28,38,40,41,42,43,46,43,45,42,39,39,39,38,36,35,33,35,34
"32017","Lincoln, NV","8","CA25 1/","920","...","        Military","(L)","(L)","(L)","(L)","(L)",10,10,"(L)","(L)",10,10,12,14,14,13,11,12,13,14,11,11,12,11,11,10,"(L)","(L)","(L)","(L)","(L)","(L)","(L)"
"32017","Lincoln, NV","8","CA25 1/","930","...","        State and local",274,281,290,290,299,312,330,343,368,393,363,358,363,389,403,395,392,418,428,441,464,483,496,525,529,549,558,569,568,588,567,560
"32017","Lincoln, NV","8","CA25 1/","931","...","          State government","(NA)","(NA)","(NA)","(NA)","(NA)","(NA)","(NA)","(NA)","(NA)","(NA)",80,73,80,101,104,99,96,117,130,129,140,150,161,171,163,169,170,177,174,175,"(D)","(D)"
"32017","Lincoln, NV","8","CA25 1/","932","...","          Local government","(NA)","(NA)","(NA)","(NA)","(NA)","(NA)","(NA)","(NA)","(NA)","(NA)",283,285,283,288,299,296,296,301,298,312,324,333,335,354,366,380,388,392,394,413,"(D)","(D)"
"32019","Lyon, NV","8","CA25 1/","10","...","Total employment (number of jobs)",2936,3148,3221,3211,3395,3481,3526,3591,3835,3863,4082,4432,4654,4882,4997,5394,5714,6116,6672,7198,7489,7782,7959,8113,8795,9466,10115,10564,11273,11928,12747,14262
"32019","Lyon, NV","8","CA25 1/","20","...","  Wage and salary employment",2184,2344,2427,2385,2539,2575,2580,2556,2715,2649,2784,3022,3248,3385,3436,3732,4008,4351,4628,5290,5561,5758,5797,5962,6389,6911,7361,7634,8070,8610,9419,10599
"32019","Lyon, NV","8","CA25 1/","40","...","  Proprietors employment",752,804,794,826,856,906,946,1035,1120,1214,1298,1410,1406,1497,1561,1662,1706,1765,2044,1908,1928,2024,2162,2151,2406,2555,2754,2930,3203,3318,3328,3663
"32019","Lyon, NV","8","CA25 1/","50","...","    Farm proprietors employment",298,301,289,292,294,288,280,297,314,347,344,341,360,334,341,337,328,324,302,300,293,292,292,298,361,351,333,324,319,317,318,322
"32019","Lyon, NV","8","CA25 1/","60","...","    Nonfarm proprietors employment 2/",454,503,505,534,562,618,666,738,806,867,954,1069,1046,1163,1220,1325,1378,1441,1742,1608,1635,1732,1870,1853,2045,2204,2421,2606,2884,3001,3010,3341
"32019","Lyon, NV","8","CA25 1/","70","[01-02]","    Farm employment",420,467,479,506,523,553,549,604,613,664,634,626,627,573,603,575,635,675,657,686,634,629,540,538,619,641,565,633,716,680,673,679
"32019","Lyon, NV","8","CA25 1/","80","...","    Nonfarm employment",2516,2681,2742,2705,2872,2928,2977,2987,3222,3199,3448,3806,4027,4309,4394,4819,5079,5441,6015,6512,6855,7153,7419,7575,8176,8825,9550,9931,10557,11248,12074,13583
"32019","Lyon, NV","8","CA25 1/","90","...","      Private nonfarm employment",2007,2146,2183,2138,2293,2321,2379,2381,2576,2522,2766,3101,3282,3569,3644,3998,4262,4627,5167,5636,5934,6162,6312,6385,6954,7525,8208,8528,9072,9711,10479,11887
"32019","Lyon, NV","8","CA25 1/","100","[07-09]","        Agricultural services, forestry, and fishing",20,17,13,21,25,34,45,43,45,52,58,71,72,70,74,97,113,123,143,137,140,145,154,161,193,226,231,233,273,267,275,277
"32019","Lyon, NV","8","CA25 1/","200","B","        Mining",637,708,673,638,610,617,619,543,546,231,130,167,184,"(D)","(D)",217,150,119,126,127,197,195,188,218,196,192,227,264,223,202,158,209
"32019","Lyon, NV","8","CA25 1/","300","C","        Construction",220,140,158,126,220,192,140,168,193,252,327,340,314,327,325,417,501,650,570,688,711,660,670,692,777,893,878,989,1065,1150,1264,1336
"32019","Lyon, NV","8","CA25 1/","400","D","        Manufacturing",197,216,231,235,255,245,270,257,308,354,419,492,581,601,622,676,690,722,970,1220,1245,1287,1278,1246,1346,1511,1727,1619,1587,1700,1651,1819
"32019","Lyon, NV","8","CA25 1/","500","E","        Transportation and public utilities",96,98,112,94,97,104,97,97,104,113,125,139,144,154,189,210,211,239,294,304,326,396,351,380,440,410,400,407,412,401,481,461
"32019","Lyon, NV","8","CA25 1/","610","F","        Wholesale trade",36,34,56,44,68,68,82,74,77,90,99,116,162,189,190,196,175,158,190,211,225,172,168,215,258,246,251,262,392,570,576,733
"32019","Lyon, NV","8","CA25 1/","620","G","        Retail trade",425,450,485,530,527,545,562,563,551,589,558,537,547,698,688,771,827,912,1014,1003,1052,1068,1134,1150,1244,1340,1528,1620,1630,1571,2041,2419
"32019","Lyon, NV","8","CA25 1/","700","H","        Finance, insurance, and real estate",97,129,119,103,119,146,171,161,200,245,318,377,374,369,316,323,350,387,446,437,431,416,409,407,432,428,532,604,761,862,829,978
"32019","Lyon, NV","8","CA25 1/","800","I","        Services",279,354,336,347,372,370,393,475,552,596,732,862,904,"(D)","(D)",1091,1245,1317,1414,1509,1607,1823,1960,1916,2068,2279,2434,2530,2729,2988,3204,3655
"32019","Lyon, NV","8","CA25 1/","900","...","      Government and government enterprises",509,535,559,567,579,607,598,606,646,677,682,705,745,740,750,821,817,814,848,876,921,991,1107,1190,1222,1300,1342,1403,1485,1537,1595,1696
"32019","Lyon, NV","8","CA25 1/","910","...","        Federal civilian",52,48,45,48,46,62,36,33,44,50,43,52,46,41,40,45,41,44,46,44,43,53,44,46,43,46,46,51,52,57,61,83
"32019","Lyon, NV","8","CA25 1/","920","...","        Military",35,36,37,36,41,43,42,37,35,36,34,43,52,56,56,50,56,64,69,59,57,63,62,65,61,59,55,64,63,62,62,66
"32019","Lyon, NV","8","CA25 1/","930","...","        State and local",422,451,477,483,492,502,520,536,567,591,605,610,647,643,654,726,720,706,733,773,821,875,1001,1079,1118,1195,1241,1288,1370,1418,1472,1547
"32019","Lyon, NV","8","CA25 1/","931","...","          State government","(NA)","(NA)","(NA)","(NA)","(NA)","(NA)","(NA)","(NA)","(NA)","(NA)",50,45,43,49,48,47,46,50,50,52,51,63,66,78,71,66,69,72,75,78,"(D)","(D)"
"32019","Lyon, NV","8","CA25 1/","932","...","          Local government","(NA)","(NA)","(NA)","(NA)","(NA)","(NA)","(NA)","(NA)","(NA)","(NA)",555,565,604,594,606,679,674,656,683,721,770,812,935,1001,1047,1129,1172,1216,1295,1340,"(D)","(D)"
"32021","Mineral, NV","8","CA25 1/","10","...","Total employment (number of jobs)",3330,3136,2966,3302,3179,2799,2661,2572,2682,2758,2742,2903,2961,2891,2991,2999,2885,2816,2877,3115,3194,3189,3174,3381,3261,3228,3191,3152,3043,2981,2653,2469
"32021","Mineral, NV","8","CA25 1/","20","...","  Wage and salary employment",3070,2867,2697,3029,2880,2486,2344,2242,2351,2427,2404,2545,2582,2519,2617,2640,2547,2500,2515,2703,2764,2712,2671,2900,2767,2714,2689,2620,2487,2384,2126,1901
"32021","Mineral, NV","8","CA25 1/","40","...","  Proprietors employment",260,269,269,273,299,313,317,330,331,331,338,358,379,372,374,359,338,316,362,412,430,477,503,481,494,514,502,532,556,597,527,568
"32021","Mineral, NV","8","CA25 1/","50","...","    Farm proprietors employment",16,17,18,19,21,22,23,25,28,36,36,36,40,36,37,33,31,29,27,27,26,27,27,26,33,34,34,34,35,33,28,24
"32021","Mineral, NV","8","CA25 1/","60","...","    Nonfarm proprietors employment 2/",244,252,251,254,278,291,294,305,303,295,302,322,339,336,337,326,307,287,335,385,404,450,476,455,461,480,468,498,521,564,499,544
"32021","Mineral, NV","8","CA25 1/","70","[01-02]","    Farm employment",30,30,28,26,25,24,26,29,33,40,39,38,41,38,40,37,37,38,37,40,39,41,38,38,44,46,43,44,47,46,43,40
"32021","Mineral, NV","8","CA25 1/","80","...","    Nonfarm employment",3300,3106,2938,3276,3154,2775,2635,2543,2649,2718,2703,2865,2920,2853,2951,2962,2848,2778,2840,3075,3155,3148,3136,3343,3217,3182,3148,3108,2996,2935,2610,2429
"32021","Mineral, NV","8","CA25 1/","90","...","      Private nonfarm employment",1065,1007,995,1066,1118,1113,1114,1166,1204,1362,1404,1648,2299,2202,2311,2323,2252,2214,2284,2532,2609,2545,2516,2626,2471,2467,2491,2455,2378,2308,1984,1797
"32021","Mineral, NV","8","CA25 1/","100","[07-09]","        Agricultural services, forestry, and fishing","(L)","(L)","(L)","(L)","(L)","(L)","(L)","(L)","(L)","(L)","(L)","(L)","(L)","(L)","(L)","(L)","(L)",10,12,12,10,"(L)","(L)","(L)","(L)","(L)","(L)","(L)","(L)","(D)","(D)","(D)"
"32021","Mineral, NV","8","CA25 1/","200","B","        Mining","(D)","(D)","(D)","(D)","(D)","(D)","(D)","(D)","(D)","(D)","(D)","(D)","(D)",124,242,310,308,353,469,576,691,653,474,439,432,411,433,424,357,276,241,"(D)"
"32021","Mineral, NV","8","CA25 1/","300","C","        Construction",84,36,43,34,59,59,59,104,82,92,99,140,169,106,74,58,57,100,64,104,77,81,78,114,45,49,49,71,55,80,64,81
"32021","Mineral, NV","8","CA25 1/","400","D","        Manufacturing","(D)","(D)","(D)","(D)","(D)","(D)","(D)","(D)","(D)","(D)","(D)","(D)","(D)",16,18,16,15,"(L)",19,19,23,30,26,26,27,25,23,18,19,"(D)","(D)","(D)"
"32021","Mineral, NV","8","CA25 1/","500","E","        Transportation and public utilities",43,58,57,63,61,69,66,67,70,76,80,76,82,72,84,91,87,65,47,47,45,49,49,42,36,36,42,35,26,26,21,22
"32021","Mineral, NV","8","CA25 1/","610","F","        Wholesale trade","(D)","(D)","(D)","(D)","(D)","(D)","(D)","(D)","(D)","(D)","(D)","(D)","(D)",16,10,11,13,12,15,17,15,11,12,12,10,17,12,11,"(L)","(D)","(D)",15
"32021","Mineral, NV","8","CA25 1/","620","G","        Retail trade",359,356,339,351,357,354,362,343,340,318,325,332,356,340,317,307,305,296,296,317,328,343,331,327,369,400,396,381,361,355,309,307
"32021","Mineral, NV","8","CA25 1/","700","H","        Finance, insurance, and real estate",39,47,66,51,59,66,73,73,79,76,74,71,76,71,73,71,68,62,57,56,75,66,80,79,68,74,53,63,87,96,85,107
"32021","Mineral, NV","8","CA25 1/","800","I","        Services",432,431,430,482,491,454,453,493,555,696,715,801,1341,1455,1489,1453,1391,1307,1305,1384,1345,1303,1457,1582,1477,1447,1474,1443,1455,1440,1231,"(D)"
"32021","Mineral, NV","8","CA25 1/","900","...","      Government and government enterprises",2235,2099,1943,2210,2036,1662,1521,1377,1445,1356,1299,1217,621,651,640,639,596,564,556,543,546,603,620,717,746,715,657,653,618,627,626,632
"32021","Mineral, NV","8","CA25 1/","910","...","        Federal civilian",1538,1449,1321,1601,1456,1080,943,809,847,837,776,718,132,136,142,151,142,131,125,106,111,108,106,133,115,103,102,99,99,96,93,93
"32021","Mineral, NV","8","CA25 1/","920","...","        Military",306,252,219,215,194,204,201,193,212,128,126,117,108,127,105,102,77,45,29,25,24,25,23,23,21,22,19,19,18,16,13,12
"32021","Mineral, NV","8","CA25 1/","930","...","        State and local",391,398,403,394,386,378,377,375,386,391,397,382,381,388,393,386,377,388,402,412,411,470,491,561,610,590,536,535,501,515,520,527
"32021","Mineral, NV","8","CA25 1/","931","...","          State government","(NA)","(NA)","(NA)","(NA)","(NA)","(NA)","(NA)","(NA)","(NA)","(NA)",45,39,39,41,39,34,32,34,35,39,38,37,40,38,35,29,26,26,24,23,"(D)","(D)"
"32021","Mineral, NV","8","CA25 1/","932","...","          Local government","(NA)","(NA)","(NA)","(NA)","(NA)","(NA)","(NA)","(NA)","(NA)","(NA)",352,343,342,347,354,352,345,354,367,373,373,433,451,523,575,561,510,509,477,492,"(D)","(D)"
"32023","Nye, NV","8","CA25 1/","10","...","Total employment (number of jobs)",8957,7150,6858,6058,5686,5698,5816,5908,5944,6411,6776,7925,9374,10013,9992,10528,11287,11421,11862,12697,13536,13249,12930,12228,11069,11001,11194,11272,11904,12376,13112,13863
"32023","Nye, NV","8","CA25 1/","20","...","  Wage and salary employment",8646,6827,6500,5694,5273,5260,5365,5447,5429,5849,6172,7265,8617,9186,9124,9602,10335,10443,10685,11462,12152,11771,11378,10648,9349,8933,8995,8829,9093,9214,9816,10195
"32023","Nye, NV","8","CA25 1/","40","...","  Proprietors employment",311,323,358,364,413,438,451,461,515,562,604,660,757,827,868,926,952,978,1177,1235,1384,1478,1552,1580,1720,2068,2199,2443,2811,3162,3296,3668
"32023","Nye, NV","8","CA25 1/","50","...","    Farm proprietors employment",111,110,105,105,104,106,108,118,131,145,139,134,145,130,133,129,124,121,112,115,116,118,122,125,153,150,145,142,141,146,151,158
"32023","Nye, NV","8","CA25 1/","60","...","    Nonfarm proprietors employment 2/",200,213,253,259,309,332,343,343,384,417,465,526,612,697,735,797,828,857,1065,1120,1268,1360,1430,1455,1567,1918,2054,2301,2670,3016,3145,3510
"32023","Nye, NV","8","CA25 1/","70","[01-02]","    Farm employment",179,186,177,175,168,171,178,202,216,238,226,222,230,209,223,214,237,255,252,272,259,263,232,234,265,272,239,262,291,290,300,314
"32023","Nye, NV","8","CA25 1/","80","...","    Nonfarm employment",8778,6964,6681,5883,5518,5527,5638,5706,5728,6173,6550,7703,9144,9804,9769,10314,11050,11166,11610,12425,13277,12986,12698,11994,10804,10729,10955,11010,11613,12086,12812,13549
"32023","Nye, NV","8","CA25 1/","90","...","      Private nonfarm employment",8065,6284,6024,5251,4901,4912,5027,5055,5049,5462,5826,6929,8373,9012,8958,9427,10175,10190,10616,11383,12163,11752,11401,10626,9451,9321,9489,9482,9987,10385,11057,11814
"32023","Nye, NV","8","CA25 1/","100","[07-09]","        Agricultural services, forestry, and fishing","(L)",13,"(L)","(L)",14,19,27,25,27,33,39,53,26,27,22,29,40,44,55,52,52,69,64,52,76,99,121,130,175,169,198,217
"32023","Nye, NV","8","CA25 1/","200","B","        Mining",363,374,377,371,390,463,537,522,602,738,832,1088,1581,1482,1193,1270,926,1036,1316,1642,1999,2045,1700,1559,1369,1218,1388,1454,1444,1265,1151,1136
"32023","Nye, NV","8","CA25 1/","300","C","        Construction",286,113,131,125,167,138,176,154,108,172,161,412,445,226,177,168,331,324,430,538,615,387,328,345,371,566,572,771,908,831,900,966
"32023","Nye, NV","8","CA25 1/","400","D","        Manufacturing",10,14,16,24,29,29,37,37,47,82,88,88,95,95,84,94,103,127,122,134,158,162,162,166,174,203,230,238,252,278,318,358
"32023","Nye, NV","8","CA25 1/","500","E","        Transportation and public utilities","(D)","(D)","(D)","(D)","(D)","(D)","(D)","(D)","(D)","(D)","(D)","(D)","(D)","(D)","(D)","(D)","(D)","(D)","(D)","(D)","(D)","(D)","(D)","(D)",236,255,286,332,355,375,414,463
"32023","Nye, NV","8","CA25 1/","610","F","        Wholesale trade",37,39,39,32,19,15,17,15,19,21,14,25,42,41,24,23,"(D)",39,60,70,50,"(D)","(D)","(D)",114,103,101,113,153,160,177,183
"32023","Nye, NV","8","CA25 1/","620","G","        Retail trade",348,327,318,333,335,366,380,408,371,403,416,520,636,650,618,653,619,615,739,808,884,957,938,959,1033,1163,1168,1399,1507,1592,1670,1818
"32023","Nye, NV","8","CA25 1/","700","H","        Finance, insurance, and real estate","(D)","(D)","(D)","(D)","(D)","(D)","(D)","(D)","(D)","(D)","(D)","(D)","(D)","(D)","(D)","(D)","(D)","(D)","(D)","(D)","(D)","(D)","(D)",376,393,403,490,488,742,974,1046,1224
"32023","Nye, NV","8","CA25 1/","800","I","        Services",6869,5284,5009,4196,3664,3611,3618,3580,3565,3691,3742,4155,4857,5936,6331,6632,7494,7476,7287,7510,7794,7518,7534,6824,5685,5311,5133,4557,4451,4741,5183,5449
"32023","Nye, NV","8","CA25 1/","900","...","      Government and government enterprises",713,680,657,632,617,615,611,651,679,711,724,774,771,792,811,887,875,976,994,1042,1114,1234,1297,1368,1353,1408,1466,1528,1626,1701,1755,1735
"32023","Nye, NV","8","CA25 1/","910","...","        Federal civilian",186,148,119,106,88,85,75,82,79,94,100,128,125,133,138,130,127,160,160,169,185,201,208,224,228,196,181,171,187,180,182,175
"32023","Nye, NV","8","CA25 1/","920","...","        Military",166,159,151,142,131,119,104,119,119,113,106,102,99,72,73,67,71,75,75,64,61,75,71,78,69,62,51,68,70,71,70,71
"32023","Nye, NV","8","CA25 1/","930","...","        State and local",361,373,387,384,398,411,432,450,481,504,518,544,547,587,600,690,677,741,759,809,868,958,1018,1066,1056,1150,1234,1289,1369,1450,1503,1489
"32023","Nye, NV","8","CA25 1/","931","...","          State government","(NA)","(NA)","(NA)","(NA)","(NA)","(NA)","(NA)","(NA)","(NA)","(NA)",64,67,63,73,72,70,70,70,73,75,80,83,94,101,101,105,106,105,105,118,"(D)","(D)"
"32023","Nye, NV","8","CA25 1/","932","...","          Local government","(NA)","(NA)","(NA)","(NA)","(NA)","(NA)","(NA)","(NA)","(NA)","(NA)",454,477,484,514,528,620,607,671,686,734,788,875,924,965,955,1045,1128,1184,1264,1332,"(D)","(D)"
"32027","Pershing, NV","8","CA25 1/","10","...","Total employment (number of jobs)",1217,1277,1242,1258,1261,1316,1354,1437,1426,1563,1535,1609,1894,1751,1564,1478,1480,1659,1811,2191,2218,2289,2248,2241,2237,2290,2420,2717,2919,2836,2595,2547
"32027","Pershing, NV","8","CA25 1/","20","...","  Wage and salary employment",877,907,931,914,914,972,1014,1070,1033,1138,1083,1148,1409,1319,1149,1088,1120,1326,1460,1812,1841,1879,1846,1855,1835,1885,1976,2287,2468,2423,2221,2150
"32027","Pershing, NV","8","CA25 1/","40","...","  Proprietors employment",340,370,311,344,347,344,340,367,393,425,452,461,485,432,415,390,360,333,351,379,377,410,402,386,402,405,444,430,451,413,374,397
"32027","Pershing, NV","8","CA25 1/","50","...","    Farm proprietors employment",124,128,124,127,129,127,118,121,125,130,129,130,138,129,125,118,110,103,92,93,93,95,97,101,124,125,120,121,121,116,113,112
"32027","Pershing, NV","8","CA25 1/","60","...","    Nonfarm proprietors employment 2/",216,242,187,217,218,217,222,246,268,295,323,331,347,303,290,272,250,230,259,286,284,315,305,285,278,280,324,309,330,297,261,285
"32027","Pershing, NV","8","CA25 1/","70","[01-02]","    Farm employment",258,276,262,258,246,243,249,286,299,329,293,274,255,217,222,208,227,238,230,245,229,230,198,198,234,254,227,265,309,273,253,237
"32027","Pershing, NV","8","CA25 1/","80","...","    Nonfarm employment",959,1001,980,1000,1015,1073,1105,1151,1127,1234,1242,1335,1639,1534,1342,1270,1253,1421,1581,1946,1989,2059,2050,2043,2003,2036,2193,2452,2610,2563,2342,2310
"32027","Pershing, NV","8","CA25 1/","90","...","      Private nonfarm employment",719,757,729,757,774,840,868,917,891,986,996,1075,1342,1226,1031,961,945,1105,1268,1615,1662,1686,1686,1663,1627,1649,1723,1845,1957,1847,1633,1601
"32027","Pershing, NV","8","CA25 1/","100","[07-09]","        Agricultural services, forestry, and fishing","(D)","(D)","(D)","(D)","(D)","(D)","(D)","(D)","(D)","(D)","(D)","(D)","(D)",41,46,47,"(D)","(D)","(D)",37,"(D)",26,25,20,19,26,49,"(D)","(D)","(D)","(D)","(D)"
"32027","Pershing, NV","8","CA25 1/","200","B","        Mining",157,185,162,132,153,196,178,177,180,186,176,240,458,359,249,235,208,294,488,694,734,722,682,694,677,717,722,855,897,828,700,689
"32027","Pershing, NV","8","CA25 1/","300","C","        Construction",20,20,26,40,14,28,35,26,17,41,20,24,34,48,19,16,18,77,29,29,31,35,28,47,72,30,47,58,63,69,38,36
"32027","Pershing, NV","8","CA25 1/","400","D","        Manufacturing","(L)","(L)","(L)",12,18,27,29,41,41,48,67,74,68,53,48,51,61,73,79,81,67,61,62,68,40,40,47,49,54,62,72,69
"32027","Pershing, NV","8","CA25 1/","500","E","        Transportation and public utilities",53,59,59,67,75,76,72,75,64,68,65,72,73,90,96,100,109,104,74,78,81,89,89,87,82,73,68,63,71,63,63,61
"32027","Pershing, NV","8","CA25 1/","610","F","        Wholesale trade",17,23,18,25,"(L)","(L)",29,23,17,21,18,18,20,"(D)","(D)","(D)","(L)","(L)","(L)","(L)",18,27,19,22,14,14,14,19,25,26,22,14
"32027","Pershing, NV","8","CA25 1/","620","G","        Retail trade",279,274,274,268,302,341,347,361,351,366,364,369,411,418,338,285,272,279,290,378,398,406,438,416,413,420,438,444,456,452,390,371
"32027","Pershing, NV","8","CA25 1/","700","H","        Finance, insurance, and real estate",31,36,21,56,45,31,34,35,35,34,30,30,35,38,35,40,44,51,64,54,"(D)",53,52,52,44,38,61,"(D)","(D)","(D)","(D)","(D)"
"32027","Pershing, NV","8","CA25 1/","800","I","        Services","(D)","(D)","(D)","(D)","(D)","(D)","(D)","(D)","(D)","(D)","(D)","(D)","(D)","(D)","(D)","(D)","(D)","(D)","(D)",255,254,267,291,257,266,291,277,262,265,220,240,251
"32027","Pershing, NV","8","CA25 1/","900","...","      Government and government enterprises",240,244,251,243,241,233,237,234,236,248,246,260,297,308,311,309,308,316,313,331,327,373,364,380,376,387,470,607,653,716,709,709
"32027","Pershing, NV","8","CA25 1/","910","...","        Federal civilian",28,24,25,22,22,16,19,17,15,24,24,22,19,19,16,14,13,13,13,13,12,16,13,14,13,14,13,13,13,13,11,16
"32027","Pershing, NV","8","CA25 1/","920","...","        Military","(L)","(L)","(L)","(L)","(L)",10,10,"(L)","(L)","(L)","(L)",11,13,14,13,11,12,14,16,14,13,14,13,13,12,11,10,12,12,13,12,13
"32027","Pershing, NV","8","CA25 1/","930","...","        State and local",203,211,217,212,210,207,208,208,212,215,214,227,265,275,282,284,283,289,284,304,302,343,338,353,351,362,447,582,628,690,686,680
"32027","Pershing, NV","8","CA25 1/","931","...","          State government","(NA)","(NA)","(NA)","(NA)","(NA)","(NA)","(NA)","(NA)","(NA)","(NA)",15,17,32,34,30,30,29,30,30,29,29,29,26,28,28,33,111,234,262,306,"(D)","(D)"
"32027","Pershing, NV","8","CA25 1/","932","...","          Local government","(NA)","(NA)","(NA)","(NA)","(NA)","(NA)","(NA)","(NA)","(NA)","(NA)",199,210,233,241,252,254,254,259,254,275,273,314,312,325,323,329,336,348,366,384,"(D)","(D)"
"32029","Storey, NV","8","CA25 1/","10","...","Total employment (number of jobs)",365,409,386,387,454,479,493,513,577,668,789,892,943,810,875,917,774,745,866,907,976,971,968,937,938,987,1022,1198,1352,1352,1273,1250
"32029","Storey, NV","8","CA25 1/","20","...","  Wage and salary employment",276,321,297,298,358,376,382,392,446,524,637,735,796,672,721,758,613,576,668,670,754,778,758,728,705,736,753,898,995,1020,971,915
"32029","Storey, NV","8","CA25 1/","40","...","  Proprietors employment",89,88,89,89,96,103,111,121,131,144,152,157,147,138,154,159,161,169,198,237,222,193,210,209,233,251,269,300,357,332,302,335
"32029","Storey, NV","8","CA25 1/","50","...","    Farm proprietors employment",0,0,0,0,0,0,0,0,0,0,0,0,0,0,0,0,0,0,0,0,0,0,0,0,0,0,0,0,0,0,0,0
"32029","Storey, NV","8","CA25 1/","60","...","    Nonfarm proprietors employment 2/",89,88,89,89,96,103,111,121,131,144,152,157,147,138,154,159,161,169,198,237,222,193,210,209,233,251,269,300,357,332,302,335
"32029","Storey, NV","8","CA25 1/","70","[01-02]","    Farm employment",0,0,0,0,0,0,0,0,0,0,0,0,0,0,0,0,0,0,0,0,0,0,0,0,0,0,0,0,0,0,0,0
"32029","Storey, NV","8","CA25 1/","80","...","    Nonfarm employment",365,409,386,387,454,479,493,513,577,668,789,892,943,810,875,917,774,745,866,907,976,971,968,937,938,987,1022,1198,1352,1352,1273,1250
"32029","Storey, NV","8","CA25 1/","90","...","      Private nonfarm employment",280,334,320,333,397,418,422,436,493,587,702,793,845,696,761,800,662,632,748,789,846,826,825,788,788,821,854,1005,1152,1146,1069,1057
"32029","Storey, NV","8","CA25 1/","100","[07-09]","        Agricultural services, forestry, and fishing","(L)","(L)","(L)","(L)","(L)","(L)","(L)","(L)","(L)","(L)","(L)","(L)","(L)","(L)","(L)","(L)","(L)","(L)","(L)","(L)","(L)","(L)","(L)","(L)","(L)","(L)","(L)","(L)","(L)","(L)","(L)","(L)"
"32029","Storey, NV","8","CA25 1/","200","B","        Mining",66,66,68,63,73,77,75,69,78,109,214,282,333,225,293,282,130,69,106,"(D)",135,178,150,"(D)","(D)",98,"(D)","(D)","(D)",112,109,"(D)"
"32029","Storey, NV","8","CA25 1/","300","C","        Construction",35,18,15,13,12,"(L)",12,14,19,14,12,14,"(L)","(L)","(L)",16,22,26,34,41,39,29,35,29,35,43,47,54,52,48,46,55
"32029","Storey, NV","8","CA25 1/","400","D","        Manufacturing","(L)","(L)","(L)","(L)","(L)","(L)",17,16,14,11,"(L)",11,"(L)","(D)","(D)","(L)","(L)",11,38,42,41,23,22,12,"(D)","(D)","(D)","(D)","(D)","(D)","(D)","(D)"
"32029","Storey, NV","8","CA25 1/","500","E","        Transportation and public utilities","(D)","(D)","(D)","(D)","(D)","(D)","(D)","(D)","(D)","(D)","(D)","(D)","(D)","(D)","(D)","(D)","(D)","(D)","(D)","(D)","(D)","(D)","(D)","(D)","(D)","(D)","(D)","(D)","(D)","(D)","(D)","(D)"
"32029","Storey, NV","8","CA25 1/","610","F","        Wholesale trade","(D)","(D)","(D)","(D)","(D)","(D)","(D)","(D)","(D)","(D)","(D)","(D)","(D)","(L)","(L)","(L)","(L)","(D)","(D)","(L)","(L)","(L)","(L)","(L)","(L)","(L)","(L)","(L)","(L)","(D)","(D)","(D)"
"32029","Storey, NV","8","CA25 1/","620","G","        Retail trade",107,138,133,146,148,164,166,180,191,231,258,266,273,253,249,214,188,190,210,228,230,224,242,235,234,231,222,247,252,266,246,242
"32029","Storey, NV","8","CA25 1/","700","H","        Finance, insurance, and real estate","(D)","(D)","(D)","(D)","(D)","(D)","(D)","(D)","(D)","(D)","(D)","(D)","(D)","(D)","(D)","(D)","(D)","(D)","(D)","(D)","(D)","(D)","(D)","(D)","(D)","(D)","(D)",45,91,"(D)","(D)","(D)"
"32029","Storey, NV","8","CA25 1/","800","I","        Services",45,46,53,62,76,77,80,91,110,119,122,135,135,126,134,222,247,251,273,302,309,274,277,294,311,336,349,366,381,371,314,289
"32029","Storey, NV","8","CA25 1/","900","...","      Government and government enterprises",85,75,66,54,57,61,71,77,84,81,87,99,98,114,114,117,112,113,118,118,130,145,143,149,150,166,168,193,200,206,204,193
"32029","Storey, NV","8","CA25 1/","910","...","        Federal civilian","(L)","(L)","(L)","(L)","(L)","(L)",10,13,14,"(L)","(L)","(L)","(L)","(L)","(L)","(L)","(L)","(L)","(L)","(L)","(L)","(L)","(L)","(L)","(L)","(L)","(L)","(L)","(L)","(L)","(L)","(L)"
"32029","Storey, NV","8","CA25 1/","920","...","        Military","(L)","(L)","(L)","(L)","(L)","(L)","(L)","(L)","(L)","(L)","(L)","(L)","(L)","(L)","(L)","(L)","(L)","(L)","(L)","(L)","(L)","(L)","(L)","(L)","(L)","(L)","(L)","(L)","(L)","(L)","(L)","(L)"
"32029","Storey, NV","8","CA25 1/","930","...","        State and local",79,70,61,48,50,54,58,61,67,71,77,89,89,104,104,108,102,102,106,108,120,134,132,139,140,156,159,183,191,196,195,183
"32029","Storey, NV","8","CA25 1/","931","...","          State government","(NA)","(NA)","(NA)","(NA)","(NA)","(NA)","(NA)","(NA)","(NA)","(NA)","(L)","(L)","(L)","(L)","(L)","(L)","(L)","(L)","(L)","(L)","(L)",10,11,11,11,"(L)","(L)","(L)","(L)","(L)","(D)","(D)"
"32029","Storey, NV","8","CA25 1/","932","...","          Local government","(NA)","(NA)","(NA)","(NA)","(NA)","(NA)","(NA)","(NA)","(NA)","(NA)",70,81,83,100,100,104,98,98,100,101,112,124,121,128,129,149,153,177,184,189,"(D)","(D)"
"32031","Washoe, NV","8","CA25 1/","10","...","Total employment (number of jobs)",63976,68404,73007,76869,83023,85219,88607,96109,107467,124216,134067,135104,135088,133180,133061,140332,144368,150265,159373,166174,169956,174249,173743,174566,181790,191025,199839,208408,216766,223675,226224,236567
"32031","Washoe, NV","8","CA25 1/","20","...","  Wage and salary employment",55975,59780,63895,67405,72708,74209,77126,83646,93789,109652,119252,119635,119527,116876,116192,122142,125418,130431,135772,141136,145071,148454,147105,149403,154839,163331,169973,176461,182031,186846,190398,196298
"32031","Washoe, NV","8","CA25 1/","40","...","  Proprietors employment",8001,8624,9112,9464,10315,11010,11481,12463,13678,14564,14815,15469,15561,16304,16869,18190,18950,19834,23601,25038,24885,25795,26638,25163,26951,27694,29866,31947,34735,36829,35826,40269
"32031","Washoe, NV","8","CA25 1/","50","...","    Farm proprietors employment",217,212,197,192,187,178,191,219,249,289,310,329,360,365,370,365,351,347,321,311,297,288,280,277,340,334,321,314,315,306,303,308
"32031","Washoe, NV","8","CA25 1/","60","...","    Nonfarm proprietors employment 2/",7784,8412,8915,9272,10128,10832,11290,12244,13429,14275,14505,15140,15201,15939,16499,17825,18599,19487,23280,24727,24588,25507,26358,24886,26611,27360,29545,31633,34420,36523,35523,39961
"32031","Washoe, NV","8","CA25 1/","70","[01-02]","    Farm employment",297,302,282,273,261,251,279,334,372,430,445,469,497,494,510,492,513,530,505,510,471,459,405,397,498,537,501,571,666,605,577,559
"32031","Washoe, NV","8","CA25 1/","80","...","    Nonfarm employment",63679,68102,72725,76596,82762,84968,88328,95775,107095,123786,133622,134635,134591,132686,132551,139840,143855,149735,158868,165664,169485,173790,173338,174169,181292,190488,199338,207837,216100,223070,225647,236008
"32031","Washoe, NV","8","CA25 1/","90","...","      Private nonfarm employment",53928,57901,61868,65464,71159,72727,75247,82105,92710,108512,117750,117875,117932,115627,115480,123052,127172,133809,142687,148512,151638,154814,153933,154018,161015,169607,178437,186273,193956,200167,202834,212965
"32031","Washoe, NV","8","CA25 1/","100","[07-09]","        Agricultural services, forestry, and fishing",173,190,237,296,332,350,398,414,482,617,720,770,770,732,817,910,1008,1013,1063,1042,1029,1058,1160,1054,1198,1424,1447,1556,1665,1711,1926,2036
"32031","Washoe, NV","8","CA25 1/","200","B","        Mining",325,343,366,318,362,350,381,514,719,721,877,1077,1012,798,793,905,897,941,1428,1654,1864,1907,1719,1366,1156,1124,1100,1038,1166,1006,1000,1015
"32031","Washoe, NV","8","CA25 1/","300","C","        Construction",4009,4210,4762,5350,6119,5078,4576,5582,8074,9534,9101,8420,7640,6357,6301,7063,7649,8514,8933,9484,9535,9781,9256,9435,10160,11924,13128,14612,15014,16064,16573,17191
"32031","Washoe, NV","8","CA25 1/","400","D","        Manufacturing",3033,3060,3350,3824,4852,4942,5106,5814,7036,8158,8645,8394,8600,8134,7735,8106,8382,8298,8937,9141,9061,9339,9346,9627,10956,12710,13125,13691,14002,14334,14025,14797
"32031","Washoe, NV","8","CA25 1/","500","E","        Transportation and public utilities",4711,4697,4873,5204,5722,5877,5812,5854,6174,6991,8287,8598,8669,8584,8337,8398,8515,9211,9683,10015,10359,10604,10458,10293,11105,11903,12064,11986,12464,12996,13315,13737
"32031","Washoe, NV","8","CA25 1/","610","F","        Wholesale trade",3072,3315,3479,3708,3968,4504,4455,4570,5069,5367,5916,6219,6690,6406,6231,6592,6683,7013,7775,8189,8795,9341,9168,9518,9673,10199,10926,11896,12382,12937,12847,13670
"32031","Washoe, NV","8","CA25 1/","620","G","        Retail trade",10084,10977,11552,12335,13078,13720,13992,15573,16275,18597,21108,20968,20867,20490,20747,22529,23537,24140,25312,26809,27320,28108,28392,28366,28876,30753,31825,33137,34172,33948,35406,36518
"32031","Washoe, NV","8","CA25 1/","700","H","        Finance, insurance, and real estate",5289,5871,6423,6572,7333,7849,7977,8883,10068,11171,11758,11931,11850,11610,11611,11990,12125,12855,13690,13816,13349,13804,13647,12843,13616,12920,15395,16516,19022,21050,19905,22863
"32031","Washoe, NV","8","CA25 1/","800","I","        Services",23232,25238,26826,27857,29393,30057,32550,34901,38813,47356,51338,51498,51834,52516,52908,56559,58376,61824,65866,68362,70326,70872,70787,71516,74275,76650,79427,81841,84069,86121,87837,91138
"32031","Washoe, NV","8","CA25 1/","900","...","      Government and government enterprises",9751,10201,10857,11132,11603,12241,13081,13670,14385,15274,15872,16760,16659,17059,17071,16788,16683,15926,16181,17152,17847,18976,19405,20151,20277,20881,20901,21564,22144,22903,22813,23043
"32031","Washoe, NV","8","CA25 1/","910","...","        Federal civilian",1818,1765,1864,1880,1979,2095,2282,2434,2427,2457,2598,2728,2570,2656,2720,2750,2813,2803,2883,2870,2916,3110,3019,3114,3088,3109,3045,2946,3034,3173,3158,3224
"32031","Washoe, NV","8","CA25 1/","920","...","        Military",572,576,570,563,616,657,638,602,578,597,557,649,770,824,816,714,777,880,955,821,769,827,793,820,759,718,642,732,705,674,659,680
"32031","Washoe, NV","8","CA25 1/","930","...","        State and local",7361,7860,8423,8689,9008,9489,10161,10634,11380,12220,12717,13383,13319,13579,13535,13324,13093,12243,12343,13461,14162,15039,15593,16217,16430,17054,17214,17886,18405,19056,18996,19139
"32031","Washoe, NV","8","CA25 1/","931","...","          State government","(NA)","(NA)","(NA)","(NA)","(NA)","(NA)","(NA)","(NA)","(NA)","(NA)",4338,4394,4216,4287,4260,4032,4000,4685,4494,4867,5039,5386,5716,5978,6027,6152,5749,5832,5945,6299,6054,5852
"32031","Washoe, NV","8","CA25 1/","932","...","          Local government","(NA)","(NA)","(NA)","(NA)","(NA)","(NA)","(NA)","(NA)","(NA)","(NA)",8379,8989,9103,9292,9275,9292,9093,7558,7849,8594,9123,9653,9877,10239,10403,10902,11465,12054,12460,12757,12942,13287
"32033","White Pine, NV","8","CA25 1/","10","...","Total employment (number of jobs)",4223,4499,4467,4554,4550,4596,4245,3604,4020,3877,3619,4052,4385,3804,3624,3636,3574,3668,3830,4164,4791,4968,4519,4261,4122,4509,5299,5176,4987,4661,4427,4067
"32033","White Pine, NV","8","CA25 1/","20","...","  Wage and salary employment",3635,3914,3871,3939,3895,3997,3706,3054,3475,3335,3046,3447,3776,3173,2997,2996,2953,3053,3127,3413,3952,4138,3689,3461,3323,3606,4409,4251,4101,3813,3691,3275
"32033","White Pine, NV","8","CA25 1/","40","...","  Proprietors employment",588,585,596,615,655,599,539,550,545,542,573,605,609,631,627,640,621,615,703,751,839,830,830,800,799,903,890,925,886,848,736,792
"32033","White Pine, NV","8","CA25 1/","50","...","    Farm proprietors employment",119,118,113,113,112,104,107,118,130,147,146,143,153,140,138,133,123,118,107,106,103,103,103,106,131,129,123,122,122,117,114,116
"32033","White Pine, NV","8","CA25 1/","60","...","    Nonfarm proprietors employment 2/",469,467,483,502,543,495,432,432,415,395,427,462,456,491,489,507,498,497,596,645,736,727,727,694,668,774,767,803,764,731,622,676
"32033","White Pine, NV","8","CA25 1/","70","[01-02]","    Farm employment",175,190,190,197,198,201,200,218,222,239,232,230,237,219,225,212,224,234,224,234,216,214,185,181,201,198,172,180,186,185,192,204
"32033","White Pine, NV","8","CA25 1/","80","...","    Nonfarm employment",4048,4309,4277,4357,4352,4395,4045,3386,3798,3638,3387,3822,4148,3585,3399,3424,3350,3434,3606,3930,4575,4754,4334,4080,3921,4311,5127,4996,4801,4476,4235,3863
"32033","White Pine, NV","8","CA25 1/","90","...","      Private nonfarm employment",3339,3578,3521,3592,3599,3634,3253,2602,2982,2787,2575,3024,3309,2830,2656,2712,2657,2735,2877,3161,3679,3585,3048,2757,2628,2988,3844,3729,3476,3175,2873,2474
"32033","White Pine, NV","8","CA25 1/","100","[07-09]","        Agricultural services, forestry, and fishing","(L)",13,"(L)","(L)","(L)","(L)","(L)",12,12,11,11,10,11,13,14,20,28,31,38,37,31,32,39,36,35,44,35,46,46,"(D)","(D)","(D)"
"32033","White Pine, NV","8","CA25 1/","200","B","        Mining",1147,1215,1095,1011,1017,1108,967,497,682,414,207,344,548,368,430,494,431,536,516,714,1060,953,558,456,392,465,664,954,821,761,590,228
"32033","White Pine, NV","8","CA25 1/","300","C","        Construction",119,149,175,229,179,133,107,101,124,157,160,310,243,169,181,223,171,180,201,274,283,270,219,174,174,273,629,232,216,211,197,184
"32033","White Pine, NV","8","CA25 1/","400","D","        Manufacturing",383,399,389,448,510,507,358,230,295,342,309,345,373,321,167,42,50,52,93,85,53,38,36,32,32,36,44,41,63,"(D)",34,51
"32033","White Pine, NV","8","CA25 1/","500","E","        Transportation and public utilities",171,168,176,198,191,203,195,183,180,174,197,203,176,141,134,137,172,189,214,222,151,164,142,142,151,176,186,164,161,145,125,99
"32033","White Pine, NV","8","CA25 1/","610","F","        Wholesale trade",76,125,88,104,92,92,101,80,77,74,67,67,65,59,64,94,110,116,134,138,166,189,202,181,155,153,156,155,141,"(D)","(D)","(D)"
"32033","White Pine, NV","8","CA25 1/","620","G","        Retail trade",717,786,832,788,771,781,763,707,761,747,733,749,817,747,724,779,769,760,794,789,900,925,865,799,770,892,963,930,910,760,715,720
"32033","White Pine, NV","8","CA25 1/","700","H","        Finance, insurance, and real estate",144,138,132,146,149,151,144,158,162,152,152,155,187,169,143,131,136,138,150,148,178,151,155,138,140,118,155,179,167,172,165,175
"32033","White Pine, NV","8","CA25 1/","800","I","        Services",577,585,626,661,683,652,609,634,689,716,739,841,889,843,799,792,790,733,737,754,857,863,832,799,779,831,1012,1028,951,924,918,908
"32033","White Pine, NV","8","CA25 1/","900","...","      Government and government enterprises",709,731,756,765,753,761,792,784,816,851,812,798,839,755,743,712,693,699,729,769,896,1169,1286,1323,1293,1323,1283,1267,1325,1301,1362,1389
"32033","White Pine, NV","8","CA25 1/","910","...","        Federal civilian",117,106,102,106,96,102,121,117,128,139,156,158,149,144,138,138,135,134,136,147,152,159,161,177,177,181,172,173,192,185,189,204
"32033","White Pine, NV","8","CA25 1/","920","...","        Military",35,36,34,33,35,37,36,30,25,25,22,26,32,33,32,26,27,29,31,26,26,29,27,28,24,22,20,23,21,20,18,17
"32033","White Pine, NV","8","CA25 1/","930","...","        State and local",557,589,620,626,622,622,635,637,663,687,634,614,658,578,573,548,531,536,562,596,718,981,1098,1118,1092,1120,1091,1071,1112,1096,1155,1168
"32033","White Pine, NV","8","CA25 1/","931","...","          State government","(NA)","(NA)","(NA)","(NA)","(NA)","(NA)","(NA)","(NA)","(NA)","(NA)",155,130,125,95,93,96,100,104,114,120,211,381,477,499,486,491,477,446,460,449,"(D)","(D)"
"32033","White Pine, NV","8","CA25 1/","932","...","          Local government","(NA)","(NA)","(NA)","(NA)","(NA)","(NA)","(NA)","(NA)","(NA)","(NA)",479,484,533,483,480,452,431,432,448,476,507,600,621,619,606,629,614,625,652,647,"(D)","(D)"
"32510","Carson City (Independent City), NV","8","CA25 1/","10","...","Total employment (number of jobs)",7636,8194,9095,9860,11152,12036,12528,13820,15384,17838,19081,19360,19536,18960,19392,20535,21622,22495,24244,25165,25785,26766,27173,27073,28566,30498,32941,34369,35519,36261,37572,39240
"32510","Carson City (Independent City), NV","8","CA25 1/","20","...","  Wage and salary employment",6570,6964,7611,8234,9306,10072,10485,11572,12849,15071,16224,16351,16705,16041,16349,17216,18140,18817,19812,20843,21497,22242,22350,22345,23276,25128,27166,27940,28837,29833,31282,32153
"32510","Carson City (Independent City), NV","8","CA25 1/","40","...","  Proprietors employment",1066,1230,1484,1626,1846,1964,2043,2248,2535,2767,2857,3009,2831,2919,3043,3319,3482,3678,4432,4322,4288,4524,4823,4728,5290,5370,5775,6429,6682,6428,6290,7087
"32510","Carson City (Independent City), NV","8","CA25 1/","50","...","    Farm proprietors employment",16,16,17,17,17,12,16,21,27,32,31,31,36,33,35,34,35,34,32,31,29,27,25,21,25,23,21,18,17,16,16,18
"32510","Carson City (Independent City), NV","8","CA25 1/","60","...","    Nonfarm proprietors employment 2/",1050,1214,1467,1609,1829,1952,2027,2227,2508,2735,2826,2978,2795,2886,3008,3285,3447,3644,4400,4291,4259,4497,4798,4707,5265,5347,5754,6411,6665,6412,6274,7069
"32510","Carson City (Independent City), NV","8","CA25 1/","70","[01-02]","    Farm employment",23,23,23,22,21,17,22,28,35,39,40,42,48,45,48,46,50,52,50,50,46,44,37,31,34,31,26,23,20,27,35,45
"32510","Carson City (Independent City), NV","8","CA25 1/","80","...","    Nonfarm employment",7613,8171,9072,9838,11131,12019,12506,13792,15349,17799,19041,19318,19488,18915,19344,20489,21572,22443,24194,25115,25739,26722,27136,27042,28532,30467,32915,34346,35499,36234,37537,39195
"32510","Carson City (Independent City), NV","8","CA25 1/","90","...","      Private nonfarm employment",3940,4379,5072,5724,6905,7484,7475,8578,9898,11826,12879,13099,13274,12887,13395,14662,15498,16189,17697,18413,18752,19248,19311,19070,20302,22005,24123,25437,26176,26728,27723,29213
"32510","Carson City (Independent City), NV","8","CA25 1/","100","[07-09]","        Agricultural services, forestry, and fishing",12,12,35,24,41,45,48,50,57,84,76,74,74,78,80,106,115,124,168,152,141,168,173,138,146,174,171,177,187,"(D)","(D)","(D)"
"32510","Carson City (Independent City), NV","8","CA25 1/","200","B","        Mining",41,46,60,65,67,67,64,28,38,24,29,40,116,86,82,74,66,60,81,78,105,126,119,75,107,104,108,99,98,"(D)","(D)","(D)"
"32510","Carson City (Independent City), NV","8","CA25 1/","300","C","        Construction",322,421,529,697,843,869,679,856,1176,1517,1640,1485,1364,1135,1092,1252,1323,1366,1394,1432,1450,1592,1428,1413,1389,1671,1926,1961,2112,2034,2110,2171
"32510","Carson City (Independent City), NV","8","CA25 1/","400","D","        Manufacturing",129,246,311,414,587,691,759,902,991,1345,1689,1825,1936,1863,2080,2791,3023,3192,3569,3883,3799,3599,3452,3222,3312,3743,3918,3817,3939,4161,4370,4432
"32510","Carson City (Independent City), NV","8","CA25 1/","500","E","        Transportation and public utilities",204,223,253,259,307,366,353,374,416,479,575,638,673,562,549,529,562,573,543,552,574,573,605,638,654,644,673,813,836,846,843,806
"32510","Carson City (Independent City), NV","8","CA25 1/","610","F","        Wholesale trade",85,75,77,47,109,105,99,131,173,206,217,202,241,261,295,316,271,309,346,327,379,430,503,592,804,1047,1033,1151,1207,1156,868,801
"32510","Carson City (Independent City), NV","8","CA25 1/","620","G","        Retail trade",1069,1097,1213,1392,1536,1709,1623,1977,2234,2580,2834,2748,2937,3016,3091,3287,3552,3712,4062,4082,4204,4254,4446,4493,4712,5247,5826,5976,5791,5630,6040,6438
"32510","Carson City (Independent City), NV","8","CA25 1/","700","H","        Finance, insurance, and real estate",472,499,597,673,786,893,861,970,1093,1158,1223,1274,1349,1233,1221,1237,1268,1400,1528,1492,1487,1574,1736,1652,1997,1740,2334,2941,3143,3468,3536,4276
"32510","Carson City (Independent City), NV","8","CA25 1/","800","I","        Services",1606,1760,1997,2153,2629,2739,2989,3290,3720,4433,4596,4813,4584,4653,4905,5070,5318,5453,6006,6415,6613,6932,6849,6847,7181,7635,8134,8502,8863,9147,9663,9982
"32510","Carson City (Independent City), NV","8","CA25 1/","900","...","      Government and government enterprises",3673,3792,4000,4114,4226,4535,5031,5214,5451,5973,6162,6219,6214,6028,5949,5827,6074,6254,6497,6702,6987,7474,7825,7972,8230,8462,8792,8909,9323,9506,9814,9982
"32510","Carson City (Independent City), NV","8","CA25 1/","910","...","        Federal civilian",441,458,480,456,460,476,599,590,535,568,631,574,552,509,476,417,425,437,448,459,473,530,531,551,563,571,552,556,556,541,532,537
"32510","Carson City (Independent City), NV","8","CA25 1/","920","...","        Military",56,59,64,67,81,91,94,83,79,84,87,106,129,136,133,116,127,140,149,127,124,131,123,129,121,114,103,115,109,104,105,104
"32510","Carson City (Independent City), NV","8","CA25 1/","930","...","        State and local",3176,3275,3456,3591,3685,3968,4338,4541,4837,5321,5444,5539,5533,5383,5340,5294,5522,5677,5900,6116,6390,6813,7171,7292,7546,7777,8137,8238,8658,8861,9177,9341
"32510","Carson City (Independent City), NV","8","CA25 1/","931","...","          State government","(NA)","(NA)","(NA)","(NA)","(NA)","(NA)","(NA)","(NA)","(NA)","(NA)",3950,4050,4026,3896,3888,3826,3998,4115,4323,4445,4603,4871,5174,5175,5391,5491,5785,5855,6213,6275,6535,6635
"32510","Carson City (Independent City), NV","8","CA25 1/","932","...","          Local government","(NA)","(NA)","(NA)","(NA)","(NA)","(NA)","(NA)","(NA)","(NA)","(NA)",1494,1489,1507,1487,1452,1468,1524,1562,1577,1671,1787,1942,1997,2117,2155,2286,2352,2383,2445,2586,2642,2706
"Note: See the included footnote file."
"CA25: Total Full-Time and Part-Time Employment by SIC Industry"
"Last updated: November 17, 2016-- revised estimates for 1998-2000."
"Source: U.S. Department of Commerce / Bureau of Economic Analysis / Regional Income Division"
