"GeoFIPS","GeoName","Region","Table","LineCode","IndustryClassification","Description","2001","2002","2003","2004","2005","2006","2007","2008","2009","2010","2011","2012","2013","2014","2015","2016"
"09000","Connecticut state total","1","CA25N 1/","10","...","Total employment (number of jobs)",2125244,2120386,2115328,2146549,2174324,2204868,2249880,2261293,2203325,2173623,2208580,2224479,2247404,2267590,2289486,2302300
"09000","Connecticut state total","1","CA25N 1/","20","...","  Wage and salary employment",1753318,1740251,1718928,1725032,1734386,1751451,1767373,1769889,1699245,1673114,1688186,1706144,1718152,1731857,1741397,1742685
"09000","Connecticut state total","1","CA25N 1/","40","...","  Proprietors employment",371926,380135,396400,421517,439938,453417,482507,491404,504080,500509,520394,518335,529252,535733,548089,559615
"09000","Connecticut state total","1","CA25N 1/","50","...","    Farm proprietors employment",4074,4020,3847,3758,3728,3646,4189,4397,4567,4777,5069,5172,5299,5303,5391,5388
"09000","Connecticut state total","1","CA25N 1/","60","...","    Nonfarm proprietors employment 2/",367852,376115,392553,417759,436210,449771,478318,487007,499513,495732,515325,513163,523953,530430,542698,554227
"09000","Connecticut state total","1","CA25N 1/","70","111-112","  Farm employment",10212,10215,10130,8898,8638,8079,8416,9003,9016,9172,9875,9947,10762,10781,10849,10482
"09000","Connecticut state total","1","CA25N 1/","80","...","  Nonfarm employment",2115032,2110171,2105198,2137651,2165686,2196789,2241464,2252290,2194309,2164451,2198705,2214532,2236642,2256809,2278637,2291818
"09000","Connecticut state total","1","CA25N 1/","90","...","    Private nonfarm employment",1850288,1840791,1839131,1872744,1898511,1929167,1973016,1979709,1925040,1898965,1937701,1952837,1974961,1995562,2018152,2036292
"09000","Connecticut state total","1","CA25N 1/","100","113-115","      Forestry, fishing, and related activities",2425,2638,2354,2507,2465,2524,2618,2643,2577,2413,2389,2420,2444,2554,2322,2269
"09000","Connecticut state total","1","CA25N 1/","200","21","      Mining, quarrying, and oil and gas extraction",2019,1794,2083,1900,1899,2182,2760,2921,2825,3108,2654,3677,3595,3306,3690,3696
"09000","Connecticut state total","1","CA25N 1/","300","22","      Utilities",9448,9133,8940,8782,8763,6873,6919,7109,6954,6774,6543,6333,6570,6459,6282,6433
"09000","Connecticut state total","1","CA25N 1/","400","23","      Construction",110907,107736,110386,118760,123568,126833,128830,123433,110756,102046,103554,104667,108065,110490,111821,112383
"09000","Connecticut state total","1","CA25N 1/","500","31-33","      Manufacturing",233276,218460,207117,204914,202480,201132,199464,194864,179990,173352,174451,173605,172911,168466,168102,165846
"09000","Connecticut state total","1","CA25N 1/","600","42","      Wholesale trade",73988,72120,70968,72271,74173,75445,75624,76769,72553,69934,71136,70556,70358,73950,73667,75151
"09000","Connecticut state total","1","CA25N 1/","700","44-45","      Retail trade",229659,230442,227275,229413,232127,231696,232166,227361,218101,214304,217368,218355,220734,222544,222738,223455
"09000","Connecticut state total","1","CA25N 1/","800","48-49","      Transportation and warehousing",49748,48389,49763,50769,52310,52877,53673,53130,50315,49056,51092,52299,53452,54720,59813,61133
"09000","Connecticut state total","1","CA25N 1/","900","51","      Information",50719,46241,45452,45186,45070,44323,44780,44166,40664,38279,38463,38135,39149,39304,39096,39110
"09000","Connecticut state total","1","CA25N 1/","1000","52","      Finance and insurance",160867,162278,162851,162623,165238,168146,177838,188579,198783,192687,203303,199567,198307,188340,191190,189279
"09000","Connecticut state total","1","CA25N 1/","1100","53","      Real estate and rental and leasing",80529,81899,85690,92145,99187,102593,107724,108049,106249,109989,113266,110841,111784,115488,118065,122426
"09000","Connecticut state total","1","CA25N 1/","1200","54","      Professional, scientific, and technical services",151537,149951,148452,152452,151287,154882,160778,160972,154207,153210,154448,155171,156688,161935,164187,167633
"09000","Connecticut state total","1","CA25N 1/","1300","55","      Management of companies and enterprises",29716,29004,28187,26467,26396,27812,28229,31191,30357,30443,31154,33095,33128,34536,35975,36459
"09000","Connecticut state total","1","CA25N 1/","1400","56","      Administrative and support and waste management and remediation services",111382,109635,109897,114848,116096,119892,122414,118701,109694,110321,112424,116082,118126,119114,120016,119581
"09000","Connecticut state total","1","CA25N 1/","1500","61","      Educational services",58967,62376,64523,66353,67125,69613,71105,73148,75758,78597,78297,79524,81058,84412,85394,87489
"09000","Connecticut state total","1","CA25N 1/","1600","62","      Health care and social assistance",240582,246106,248579,251335,254080,259528,268798,275926,280566,283916,288092,292582,296730,299370,302931,306105
"09000","Connecticut state total","1","CA25N 1/","1700","71","      Arts, entertainment, and recreation",42269,43911,44523,45849,46247,46695,47665,48843,48383,48982,50222,51399,52317,54166,52885,53669
"09000","Connecticut state total","1","CA25N 1/","1800","72","      Accommodation and food services",106128,108688,111744,113448,116102,119867,122905,124770,121746,121507,125565,129318,133681,137255,138062,140758
"09000","Connecticut state total","1","CA25N 1/","1900","81","      Other services (except government and government enterprises)",106122,109990,110347,112722,113898,116254,118726,117134,114562,110047,113280,115211,115864,119153,121916,123417
"09000","Connecticut state total","1","CA25N 1/","2000","...","    Government and government enterprises",264744,269380,266067,264907,267175,267622,268448,272581,269269,265486,261004,261695,261681,261247,260485,255526
"09000","Connecticut state total","1","CA25N 1/","2001","...","      Federal civilian",21061,21328,20713,20248,19983,19754,19663,19557,19355,19720,18060,17704,17387,17462,17825,17932
"09000","Connecticut state total","1","CA25N 1/","2002","...","      Military",16292,16704,16351,15703,14826,15069,14273,14060,14456,14694,14504,14551,14624,13872,13721,13715
"09000","Connecticut state total","1","CA25N 1/","2010","...","      State and local",227391,231348,229003,228956,232366,232799,234512,238964,235458,231072,228440,229440,229670,229913,228939,223879
"09000","Connecticut state total","1","CA25N 1/","2011","...","        State government",76310,75931,72336,72581,75277,74139,74870,77463,76465,75171,75000,76713,77584,77452,78133,73650
"09000","Connecticut state total","1","CA25N 1/","2012","...","        Local government",151081,155417,156667,156375,157089,158660,159642,161501,158993,155901,153440,152727,152086,152461,150806,150229
"09001","Fairfield, CT","1","CA25N 1/","10","...","Total employment (number of jobs)",576110,574433,575873,584069,591869,601420,618986,623303,610074,606009,622302,628596,639170,646665,657196,661286
"09001","Fairfield, CT","1","CA25N 1/","20","...","  Wage and salary employment",457458,452823,448378,447386,448893,452969,459798,457310,435975,430551,436670,442059,446975,452405,456332,456621
"09001","Fairfield, CT","1","CA25N 1/","40","...","  Proprietors employment",118652,121610,127495,136683,142976,148451,159188,165993,174099,175458,185632,186537,192195,194260,200864,204665
"09001","Fairfield, CT","1","CA25N 1/","50","...","    Farm proprietors employment",243,238,226,221,217,210,238,264,285,309,339,357,367,367,375,375
"09001","Fairfield, CT","1","CA25N 1/","60","...","    Nonfarm proprietors employment 2/",118409,121372,127269,136462,142759,148241,158950,165729,173814,175149,185293,186180,191828,193893,200489,204290
"09001","Fairfield, CT","1","CA25N 1/","70","111-112","  Farm employment",411,428,413,393,385,387,419,483,520,543,562,587,650,671,727,740
"09001","Fairfield, CT","1","CA25N 1/","80","...","  Nonfarm employment",575699,574005,575460,583676,591484,601033,618567,622820,609554,605466,621740,628009,638520,645994,656469,660546
"09001","Fairfield, CT","1","CA25N 1/","90","...","    Private nonfarm employment",528278,525463,527429,535531,543069,552730,569705,572887,559734,556267,573472,579269,589514,596331,606468,611578
"09001","Fairfield, CT","1","CA25N 1/","100","113-115","      Forestry, fishing, and related activities","(D)",378,319,335,338,346,358,376,401,390,384,390,402,412,360,338
"09001","Fairfield, CT","1","CA25N 1/","200","21","      Mining, quarrying, and oil and gas extraction","(D)","(D)","(D)","(D)","(D)","(D)","(D)","(D)",1060,1263,1065,1536,1485,1376,1510,1511
"09001","Fairfield, CT","1","CA25N 1/","300","22","      Utilities",1897,1961,1892,1839,1824,1959,2026,2153,"(D)","(D)","(D)","(D)",1476,1509,1622,1616
"09001","Fairfield, CT","1","CA25N 1/","400","23","      Construction",28688,"(D)","(D)","(D)","(D)","(D)","(D)","(D)","(D)","(D)","(D)","(D)",29969,30609,31211,31417
"09001","Fairfield, CT","1","CA25N 1/","500","31-33","      Manufacturing",52116,49303,46510,45446,44328,43968,43671,42376,40538,39423,39354,38550,38149,37409,36258,33826
"09001","Fairfield, CT","1","CA25N 1/","600","42","      Wholesale trade",20278,20572,19867,20145,20307,20128,20153,20209,19030,18299,18945,18832,19028,20480,20489,20855
"09001","Fairfield, CT","1","CA25N 1/","700","44-45","      Retail trade",61729,61111,61049,61311,61569,61225,61514,60724,57789,57190,58419,58623,59223,59820,60173,60446
"09001","Fairfield, CT","1","CA25N 1/","800","48-49","      Transportation and warehousing",11844,11419,11287,11460,11742,11916,12438,12223,11664,11366,11879,12110,12346,12339,13769,14073
"09001","Fairfield, CT","1","CA25N 1/","900","51","      Information",17097,15186,14850,14681,14544,14024,14733,14542,13633,13269,13540,13841,14772,15420,15931,16344
"09001","Fairfield, CT","1","CA25N 1/","1000","52","      Finance and insurance",52135,53353,54363,55091,57341,58798,65260,71585,77372,75779,81839,79930,80529,76435,78171,77102
"09001","Fairfield, CT","1","CA25N 1/","1100","53","      Real estate and rental and leasing",27357,27808,29451,31799,34221,35506,37494,37775,37161,38777,40245,39742,40763,42295,43284,45081
"09001","Fairfield, CT","1","CA25N 1/","1200","54","      Professional, scientific, and technical services",57233,55372,54347,55447,54643,55894,57820,57960,55177,55050,56123,55592,56373,56947,57991,60847
"09001","Fairfield, CT","1","CA25N 1/","1300","55","      Management of companies and enterprises",17100,16286,15535,14104,14140,14059,14169,15145,14390,14743,14679,15806,15834,15595,16165,16138
"09001","Fairfield, CT","1","CA25N 1/","1400","56","      Administrative and support and waste management and remediation services",36956,35715,37535,38948,39420,41018,41641,37544,35050,35443,36245,37330,38174,38668,38920,38874
"09001","Fairfield, CT","1","CA25N 1/","1500","61","      Educational services",11169,12062,12683,13071,13450,14184,14608,15108,15266,16177,16047,16464,16818,17848,18280,19013
"09001","Fairfield, CT","1","CA25N 1/","1600","62","      Health care and social assistance",58474,60084,60659,60943,61456,62681,64864,67000,68018,68770,69953,72000,73810,74991,76651,77195
"09001","Fairfield, CT","1","CA25N 1/","1700","71","      Arts, entertainment, and recreation",14335,15038,15012,15375,15394,15543,15667,16095,15914,16364,16969,17278,17917,18619,18570,18766
"09001","Fairfield, CT","1","CA25N 1/","1800","72","      Accommodation and food services",25259,26223,27098,27634,28125,28842,29392,29888,28776,29405,30970,32519,34183,35761,36506,37229
"09001","Fairfield, CT","1","CA25N 1/","1900","81","      Other services (except government and government enterprises)",33458,34878,35101,35874,36241,37101,38111,37622,36831,35471,37224,38226,38263,39798,40607,40907
"09001","Fairfield, CT","1","CA25N 1/","2000","...","    Government and government enterprises",47421,48542,48031,48145,48415,48303,48862,49933,49820,49199,48268,48740,49006,49663,50001,48968
"09001","Fairfield, CT","1","CA25N 1/","2001","...","      Federal civilian",4124,4074,3948,3834,3730,3628,3411,3361,3332,3469,2982,2898,2819,2807,2771,2798
"09001","Fairfield, CT","1","CA25N 1/","2002","...","      Military",2102,2104,2050,1880,1643,1704,1658,1660,1735,1799,1841,1847,1903,1884,1898,1917
"09001","Fairfield, CT","1","CA25N 1/","2010","...","      State and local",41195,42364,42033,42431,43042,42971,43793,44912,44753,43931,43445,43995,44284,44972,45332,44253
"09001","Fairfield, CT","1","CA25N 1/","2011","...","        State government",6941,6936,6592,6989,7377,6976,7134,7481,7597,7558,7463,8015,8096,8294,8602,7643
"09001","Fairfield, CT","1","CA25N 1/","2012","...","        Local government",34254,35428,35441,35442,35665,35995,36659,37431,37156,36373,35982,35980,36188,36678,36730,36610
"09003","Hartford, CT","1","CA25N 1/","10","...","Total employment (number of jobs)",617971,610412,602747,609133,618189,628490,640262,645681,628429,620862,630853,633868,639594,647315,653312,655658
"09003","Hartford, CT","1","CA25N 1/","20","...","  Wage and salary employment",534429,525290,514858,516145,521840,529992,535982,540176,520883,514758,520513,524517,528488,534726,539154,538922
"09003","Hartford, CT","1","CA25N 1/","40","...","  Proprietors employment",83542,85122,87889,92988,96349,98498,104280,105505,107546,106104,110340,109351,111106,112589,114158,116736
"09003","Hartford, CT","1","CA25N 1/","50","...","    Farm proprietors employment",682,677,635,610,592,570,639,669,685,708,743,753,776,776,796,796
"09003","Hartford, CT","1","CA25N 1/","60","...","    Nonfarm proprietors employment 2/",82860,84445,87254,92378,95757,97928,103641,104836,106861,105396,109597,108598,110330,111813,113362,115940
"09003","Hartford, CT","1","CA25N 1/","70","111-112","  Farm employment",2748,2561,2678,2251,2088,1980,2050,2127,1963,1972,2088,2135,2418,2333,2129,1841
"09003","Hartford, CT","1","CA25N 1/","80","...","  Nonfarm employment",615223,607851,600069,606882,616101,626510,638212,643554,626466,618890,628765,631733,637176,644982,651183,653817
"09003","Hartford, CT","1","CA25N 1/","90","...","    Private nonfarm employment",540257,532031,526635,533947,541798,551163,562462,567158,551170,544313,554796,557668,562484,569306,575455,580125
"09003","Hartford, CT","1","CA25N 1/","100","113-115","      Forestry, fishing, and related activities",449,500,458,487,503,524,539,520,487,427,398,370,357,375,368,366
"09003","Hartford, CT","1","CA25N 1/","200","21","      Mining, quarrying, and oil and gas extraction",297,222,299,265,283,319,425,429,422,430,359,447,475,391,474,473
"09003","Hartford, CT","1","CA25N 1/","300","22","      Utilities",3408,"(D)","(D)","(D)","(D)","(D)","(D)",1350,1340,1298,1206,1180,1229,1157,902,938
"09003","Hartford, CT","1","CA25N 1/","400","23","      Construction",28289,"(D)","(D)","(D)","(D)","(D)","(D)",29559,26794,24542,24753,24704,25641,26630,26764,26994
"09003","Hartford, CT","1","CA25N 1/","500","31-33","      Manufacturing",69210,65200,61681,61782,61557,61928,62160,61265,56898,54709,55645,55951,55209,53314,53537,53629
"09003","Hartford, CT","1","CA25N 1/","600","42","      Wholesale trade",25585,24354,24150,24094,24891,25544,25442,25228,23522,22823,23299,22831,22718,23505,23043,23220
"09003","Hartford, CT","1","CA25N 1/","700","44-45","      Retail trade",61652,61890,60232,61336,62246,61671,61641,60981,58189,57042,57919,58197,58755,58945,58568,58310
"09003","Hartford, CT","1","CA25N 1/","800","48-49","      Transportation and warehousing",18754,18059,17375,17684,17991,18438,18146,18135,17259,16911,17791,18154,18742,19580,21559,22294
"09003","Hartford, CT","1","CA25N 1/","900","51","      Information",12940,11729,11788,11966,12245,12674,12893,13376,12556,12072,12327,12123,12393,12525,12737,12586
"09003","Hartford, CT","1","CA25N 1/","1000","52","      Finance and insurance",71284,71176,70072,68422,68495,69466,71497,74217,75586,75874,77954,76775,75119,71665,72407,72284
"09003","Hartford, CT","1","CA25N 1/","1100","53","      Real estate and rental and leasing",20230,20012,20715,22081,23330,24113,25331,25905,25630,26071,26769,26077,26006,26678,27354,28255
"09003","Hartford, CT","1","CA25N 1/","1200","54","      Professional, scientific, and technical services",40113,39369,38881,39702,40194,41969,43732,43025,41055,41096,41660,43406,44024,47516,48513,48411
"09003","Hartford, CT","1","CA25N 1/","1300","55","      Management of companies and enterprises",6600,6494,6744,6609,6722,8173,8393,10105,9786,9221,9463,9757,9832,10911,11513,11748
"09003","Hartford, CT","1","CA25N 1/","1400","56","      Administrative and support and waste management and remediation services",32549,32160,31661,32575,32390,33068,33135,34449,32207,31748,32206,33383,34862,35066,36041,35579
"09003","Hartford, CT","1","CA25N 1/","1500","61","      Educational services",11523,12010,12659,13357,13540,13911,14191,14498,15189,15651,15613,15765,16313,16973,16453,16797
"09003","Hartford, CT","1","CA25N 1/","1600","62","      Health care and social assistance",70235,71154,71015,71684,72488,73955,77185,79282,81151,82327,83881,83249,84552,86161,87156,88556
"09003","Hartford, CT","1","CA25N 1/","1700","71","      Arts, entertainment, and recreation",9486,9888,10167,10514,10574,10623,10864,10997,11032,11287,11346,11791,11849,12246,11705,11988
"09003","Hartford, CT","1","CA25N 1/","1800","72","      Accommodation and food services",29776,29243,30374,30707,32372,33650,34730,34760,33724,33599,34589,35508,36169,36899,36883,37705
"09003","Hartford, CT","1","CA25N 1/","1900","81","      Other services (except government and government enterprises)",27877,28367,27965,28057,28525,29085,29526,29077,28343,27185,27618,28000,28239,28769,29478,29992
"09003","Hartford, CT","1","CA25N 1/","2000","...","    Government and government enterprises",74966,75820,73434,72935,74303,75347,75750,76396,75296,74577,73969,74065,74692,75676,75728,73692
"09003","Hartford, CT","1","CA25N 1/","2001","...","      Federal civilian",6524,6689,6684,6616,6516,6424,6292,6256,5987,6066,5604,5403,5361,5506,5553,5561
"09003","Hartford, CT","1","CA25N 1/","2002","...","      Military",2104,2049,2120,1821,1621,1805,1650,1632,1699,1745,1771,1770,1812,1793,1806,1825
"09003","Hartford, CT","1","CA25N 1/","2010","...","      State and local",66338,67082,64630,64498,66166,67118,67808,68508,67610,66766,66594,66892,67519,68377,68369,66306
"09003","Hartford, CT","1","CA25N 1/","2011","...","        State government",31985,31970,30340,30431,31732,31941,31975,33032,32440,31793,31941,32271,32765,33116,33209,31459
"09003","Hartford, CT","1","CA25N 1/","2012","...","        Local government",34353,35112,34290,34067,34434,35177,35833,35476,35170,34973,34653,34621,34754,35261,35160,34847
"09005","Litchfield, CT","1","CA25N 1/","10","...","Total employment (number of jobs)",94611,93668,94083,95383,95707,97156,99035,100032,96088,94575,95736,96304,96591,97306,97721,97665
"09005","Litchfield, CT","1","CA25N 1/","20","...","  Wage and salary employment",69122,67655,66936,66869,66418,67125,67336,67947,63722,62752,63417,64281,64094,64818,64936,64225
"09005","Litchfield, CT","1","CA25N 1/","40","...","  Proprietors employment",25489,26013,27147,28514,29289,30031,31699,32085,32366,31823,32319,32023,32497,32488,32785,33440
"09005","Litchfield, CT","1","CA25N 1/","50","...","    Farm proprietors employment",782,767,753,741,745,735,856,893,928,972,1031,1053,1084,1086,1109,1112
"09005","Litchfield, CT","1","CA25N 1/","60","...","    Nonfarm proprietors employment 2/",24707,25246,26394,27773,28544,29296,30843,31192,31438,30851,31288,30970,31413,31402,31676,32328
"09005","Litchfield, CT","1","CA25N 1/","70","111-112","  Farm employment",990,1012,1008,929,937,921,1028,1098,1155,1209,1279,1310,1370,1383,1478,1533
"09005","Litchfield, CT","1","CA25N 1/","80","...","  Nonfarm employment",93621,92656,93075,94454,94770,96235,98007,98934,94933,93366,94457,94994,95221,95923,96243,96132
"09005","Litchfield, CT","1","CA25N 1/","90","...","    Private nonfarm employment",84719,83618,84133,85521,85724,87199,88774,89613,85856,84603,85825,86184,86317,87034,87453,87504
"09005","Litchfield, CT","1","CA25N 1/","100","113-115","      Forestry, fishing, and related activities",264,299,269,301,304,312,332,354,348,314,301,305,"(D)","(D)","(D)","(D)"
"09005","Litchfield, CT","1","CA25N 1/","200","21","      Mining, quarrying, and oil and gas extraction",170,166,186,164,164,164,180,199,184,204,178,259,247,268,259,259
"09005","Litchfield, CT","1","CA25N 1/","300","22","      Utilities","(D)","(D)","(D)","(D)","(D)","(D)","(D)","(D)","(D)","(D)","(D)","(D)","(D)","(D)","(D)","(D)"
"09005","Litchfield, CT","1","CA25N 1/","400","23","      Construction",8605,8525,8833,9464,9725,10103,10199,9841,8865,8133,8172,8302,"(D)","(D)","(D)","(D)"
"09005","Litchfield, CT","1","CA25N 1/","500","31-33","      Manufacturing",15220,13569,12690,12099,11527,11606,11691,11525,9988,9604,9815,9970,10023,10293,10314,"(D)"
"09005","Litchfield, CT","1","CA25N 1/","600","42","      Wholesale trade",1939,1841,1891,1954,"(D)","(D)","(D)","(D)","(D)","(D)","(D)","(D)","(D)","(D)","(D)","(D)"
"09005","Litchfield, CT","1","CA25N 1/","700","44-45","      Retail trade",12075,12022,12021,11807,11871,11812,11846,11574,11176,10895,10891,11033,11165,11136,11136,11448
"09005","Litchfield, CT","1","CA25N 1/","800","48-49","      Transportation and warehousing","(D)","(D)","(D)","(D)",2300,2345,2383,2443,2306,2235,2268,2364,2368,2438,2585,2099
"09005","Litchfield, CT","1","CA25N 1/","900","51","      Information",1172,1081,1063,1091,1178,1126,1152,1141,1075,1031,1052,1081,1052,953,907,907
"09005","Litchfield, CT","1","CA25N 1/","1000","52","      Finance and insurance",2872,2940,2953,2986,2991,3103,3500,3968,4499,4237,4490,4392,4449,3933,3906,3893
"09005","Litchfield, CT","1","CA25N 1/","1100","53","      Real estate and rental and leasing",3700,3831,4199,4566,4940,5219,5375,5472,5309,5472,5642,5359,5262,"(D)","(D)",5676
"09005","Litchfield, CT","1","CA25N 1/","1200","54","      Professional, scientific, and technical services",5944,6034,5995,"(D)",5780,5679,5789,5820,5579,5617,5450,5533,5509,5551,5554,5694
"09005","Litchfield, CT","1","CA25N 1/","1300","55","      Management of companies and enterprises",1085,1108,1066,1085,1045,1042,970,1067,995,917,917,911,896,949,1006,1014
"09005","Litchfield, CT","1","CA25N 1/","1400","56","      Administrative and support and waste management and remediation services",4176,4185,4425,4613,4620,4861,4865,5015,4666,"(D)",5187,5277,4786,4830,4922,4864
"09005","Litchfield, CT","1","CA25N 1/","1500","61","      Educational services",2569,2646,2685,2760,2853,2889,2866,3024,3004,3122,3098,3200,3282,3253,3412,3557
"09005","Litchfield, CT","1","CA25N 1/","1600","62","      Health care and social assistance",9980,10146,10273,10449,10394,10654,10983,11162,11128,11165,11198,11234,11151,11197,11372,11424
"09005","Litchfield, CT","1","CA25N 1/","1700","71","      Arts, entertainment, and recreation",2454,2623,2760,2807,2838,2853,2976,3112,3175,3126,3364,3294,3414,3533,3382,3326
"09005","Litchfield, CT","1","CA25N 1/","1800","72","      Accommodation and food services",4960,4995,5055,5162,4995,5059,5134,5310,5135,5273,5482,5406,5600,"(D)",5868,5997
"09005","Litchfield, CT","1","CA25N 1/","1900","81","      Other services (except government and government enterprises)",5321,5501,5569,5745,5843,5863,5995,5965,5867,5612,5729,5820,5817,6005,6125,6189
"09005","Litchfield, CT","1","CA25N 1/","2000","...","    Government and government enterprises",8902,9038,8942,8933,9046,9036,9233,9321,9077,8763,8632,8810,8904,8889,8790,8628
"09005","Litchfield, CT","1","CA25N 1/","2001","...","      Federal civilian",370,368,383,376,369,369,485,480,551,515,442,430,410,418,427,439
"09005","Litchfield, CT","1","CA25N 1/","2002","...","      Military",434,438,427,393,344,358,349,348,360,369,373,369,375,368,368,369
"09005","Litchfield, CT","1","CA25N 1/","2010","...","      State and local",8098,8232,8132,8164,8333,8309,8399,8493,8166,7879,7817,8011,8119,8103,7995,7820
"09005","Litchfield, CT","1","CA25N 1/","2011","...","        State government",1478,"(D)","(D)","(D)","(D)","(D)","(D)","(D)","(D)","(D)","(D)","(D)","(D)","(D)","(D)","(D)"
"09005","Litchfield, CT","1","CA25N 1/","2012","...","        Local government",6620,"(D)","(D)","(D)","(D)","(D)","(D)","(D)","(D)","(D)","(D)","(D)","(D)","(D)","(D)","(D)"
"09007","Middlesex, CT","1","CA25N 1/","10","...","Total employment (number of jobs)",92026,91950,92889,95377,96976,97951,99986,100098,96774,92988,94127,95637,96610,97313,98123,98984
"09007","Middlesex, CT","1","CA25N 1/","20","...","  Wage and salary employment",72826,72300,72226,73480,74271,74882,75544,75396,71903,68468,68876,70507,71317,71765,72461,72771
"09007","Middlesex, CT","1","CA25N 1/","40","...","  Proprietors employment",19200,19650,20663,21897,22705,23069,24442,24702,24871,24520,25251,25130,25293,25548,25662,26213
"09007","Middlesex, CT","1","CA25N 1/","50","...","    Farm proprietors employment",315,309,300,294,295,289,336,361,384,411,445,459,464,464,462,461
"09007","Middlesex, CT","1","CA25N 1/","60","...","    Nonfarm proprietors employment 2/",18885,19341,20363,21603,22410,22780,24106,24341,24487,24109,24806,24671,24829,25084,25200,25752
"09007","Middlesex, CT","1","CA25N 1/","70","111-112","  Farm employment",991,995,916,798,730,678,723,757,791,812,908,911,957,955,931,924
"09007","Middlesex, CT","1","CA25N 1/","80","...","  Nonfarm employment",91035,90955,91973,94579,96246,97273,99263,99341,95983,92176,93219,94726,95653,96358,97192,98060
"09007","Middlesex, CT","1","CA25N 1/","90","...","    Private nonfarm employment",80591,80301,81361,83829,85307,86230,88027,87850,84563,80859,81924,83210,84264,85213,86323,87457
"09007","Middlesex, CT","1","CA25N 1/","100","113-115","      Forestry, fishing, and related activities","(D)",245,"(D)","(D)","(D)","(D)","(D)","(D)","(D)","(D)","(D)","(D)","(D)","(D)","(D)","(D)"
"09007","Middlesex, CT","1","CA25N 1/","200","21","      Mining, quarrying, and oil and gas extraction","(D)",87,"(D)","(D)","(D)","(D)","(D)","(D)","(D)","(D)","(D)","(D)","(D)","(D)","(D)","(D)"
"09007","Middlesex, CT","1","CA25N 1/","300","22","      Utilities",396,341,410,397,374,358,352,372,369,369,333,353,377,399,378,441
"09007","Middlesex, CT","1","CA25N 1/","400","23","      Construction",5412,5450,5598,6073,6363,6553,6896,6646,6216,5675,5681,5780,5998,6028,6387,6386
"09007","Middlesex, CT","1","CA25N 1/","500","31-33","      Manufacturing",13005,12083,11292,11216,11433,11459,11435,11213,10145,9876,9968,10245,9982,9832,9940,10075
"09007","Middlesex, CT","1","CA25N 1/","600","42","      Wholesale trade",2753,2878,2876,2836,2903,2972,3025,3250,3142,3135,2866,"(D)",2879,3128,3170,3208
"09007","Middlesex, CT","1","CA25N 1/","700","44-45","      Retail trade",10369,10309,10248,10571,10561,10625,10656,10407,10111,10137,10490,10640,10719,10890,10923,10920
"09007","Middlesex, CT","1","CA25N 1/","800","48-49","      Transportation and warehousing",1534,1443,1437,1506,1507,1563,1492,1504,1434,1412,1521,1527,1592,1686,1719,1655
"09007","Middlesex, CT","1","CA25N 1/","900","51","      Information",1406,1197,1214,1302,1366,1264,1256,1154,1056,1009,1021,947,980,961,886,901
"09007","Middlesex, CT","1","CA25N 1/","1000","52","      Finance and insurance",7983,8029,8409,8536,8578,8816,8225,7921,7527,4557,4628,4719,4621,4438,4458,4376
"09007","Middlesex, CT","1","CA25N 1/","1100","53","      Real estate and rental and leasing",3150,3300,3599,3854,4179,4357,4562,4506,4376,4686,4847,4679,4655,4656,4722,4924
"09007","Middlesex, CT","1","CA25N 1/","1200","54","      Professional, scientific, and technical services",5139,5198,5334,5676,5693,5824,5916,5984,5834,5829,5881,5802,5907,5993,6103,6283
"09007","Middlesex, CT","1","CA25N 1/","1300","55","      Management of companies and enterprises","(D)",263,220,"(D)","(D)",217,434,418,440,423,464,429,496,583,647,783
"09007","Middlesex, CT","1","CA25N 1/","1400","56","      Administrative and support and waste management and remediation services",3172,3446,3818,4319,4267,3949,4258,4445,4114,3903,4042,4296,4440,4555,4583,4556
"09007","Middlesex, CT","1","CA25N 1/","1500","61","      Educational services",2306,2541,2574,2543,2545,2557,2844,2913,2959,3123,3154,3215,3052,3101,3249,3281
"09007","Middlesex, CT","1","CA25N 1/","1600","62","      Health care and social assistance",11545,11545,11724,11663,11974,12269,12474,12510,12653,12693,12763,13137,13680,13764,13996,14245
"09007","Middlesex, CT","1","CA25N 1/","1700","71","      Arts, entertainment, and recreation",2176,2159,2271,2332,2442,2464,2513,2685,2633,2705,2668,2695,2646,2719,2626,2694
"09007","Middlesex, CT","1","CA25N 1/","1800","72","      Accommodation and food services",5306,5297,5428,5780,5797,5848,6321,6580,6315,6255,6364,6486,6868,7037,6931,7060
"09007","Middlesex, CT","1","CA25N 1/","1900","81","      Other services (except government and government enterprises)",4400,4490,4630,4736,4834,4857,5058,5037,4953,4774,4929,4994,4988,5096,5258,5333
"09007","Middlesex, CT","1","CA25N 1/","2000","...","    Government and government enterprises",10444,10654,10612,10750,10939,11043,11236,11491,11420,11317,11295,11516,11389,11145,10869,10603
"09007","Middlesex, CT","1","CA25N 1/","2001","...","      Federal civilian",303,305,293,294,286,293,383,377,378,391,342,358,358,363,378,379
"09007","Middlesex, CT","1","CA25N 1/","2002","...","      Military",361,365,358,328,288,304,297,297,310,318,322,321,327,323,323,326
"09007","Middlesex, CT","1","CA25N 1/","2010","...","      State and local",9780,9984,9961,10128,10365,10446,10556,10817,10732,10608,10631,10837,10704,10459,10168,9898
"09007","Middlesex, CT","1","CA25N 1/","2011","...","        State government",4411,4455,4113,4257,4458,4426,4417,4624,4453,4415,4329,4405,4287,4042,3937,3620
"09007","Middlesex, CT","1","CA25N 1/","2012","...","        Local government",5369,5529,5848,5871,5907,6020,6139,6193,6279,6193,6302,6432,6417,6417,6231,6278
"09009","New Haven, CT","1","CA25N 1/","10","...","Total employment (number of jobs)",473926,474544,472067,482568,485917,491904,499107,497774,484707,477680,482994,487752,492436,496621,500813,505256
"09009","New Haven, CT","1","CA25N 1/","20","...","  Wage and salary employment",396333,395311,389206,394156,393151,395949,396997,395306,380216,374522,376917,382232,384513,386399,387530,389364
"09009","New Haven, CT","1","CA25N 1/","40","...","  Proprietors employment",77593,79233,82861,88412,92766,95955,102110,102468,104491,103158,106077,105520,107923,110222,113283,115892
"09009","New Haven, CT","1","CA25N 1/","50","...","    Farm proprietors employment",471,481,439,428,419,409,467,493,512,535,568,578,593,594,607,605
"09009","New Haven, CT","1","CA25N 1/","60","...","    Nonfarm proprietors employment 2/",77122,78752,82422,87984,92347,95546,101643,101975,103979,102623,105509,104942,107330,109628,112676,115287
"09009","New Haven, CT","1","CA25N 1/","70","111-112","  Farm employment",1163,1291,1290,1165,1188,1140,1156,1257,1262,1292,1305,1309,1403,1471,1498,1484
"09009","New Haven, CT","1","CA25N 1/","80","...","  Nonfarm employment",472763,473253,470777,481403,484729,490764,497951,496517,483445,476388,481689,486443,491033,495150,499315,503772
"09009","New Haven, CT","1","CA25N 1/","90","...","    Private nonfarm employment",418003,418947,416969,427685,431595,437317,445068,442971,430229,423599,429528,434769,439062,443142,447047,451797
"09009","New Haven, CT","1","CA25N 1/","100","113-115","      Forestry, fishing, and related activities",386,412,357,363,339,"(D)",374,"(D)","(D)","(D)","(D)",360,370,404,346,330
"09009","New Haven, CT","1","CA25N 1/","200","21","      Mining, quarrying, and oil and gas extraction",361,397,441,449,463,"(D)",684,"(D)","(D)","(D)","(D)",784,782,758,792,797
"09009","New Haven, CT","1","CA25N 1/","300","22","      Utilities",1246,1206,1189,1131,1168,1203,1217,1225,1253,1225,1210,1416,1702,1681,1686,1709
"09009","New Haven, CT","1","CA25N 1/","400","23","      Construction",24713,24503,24768,26619,27412,28070,28908,27493,24598,22700,23124,23273,23854,24601,24916,25079
"09009","New Haven, CT","1","CA25N 1/","500","31-33","      Manufacturing",52515,48780,46198,45836,44644,43843,43188,41905,37405,35354,35234,34703,34853,33011,32554,32065
"09009","New Haven, CT","1","CA25N 1/","600","42","      Wholesale trade",18686,17665,17360,18258,18651,18814,18809,18992,18219,17548,17728,17577,17358,17997,18256,18797
"09009","New Haven, CT","1","CA25N 1/","700","44-45","      Retail trade",53315,54255,52952,53734,54294,54848,55014,52970,50870,49715,50103,50425,50859,51350,51235,51490
"09009","New Haven, CT","1","CA25N 1/","800","48-49","      Transportation and warehousing",10481,10403,11496,11593,11711,10940,11003,10784,9971,9740,10203,10498,10816,11068,12325,13104
"09009","New Haven, CT","1","CA25N 1/","900","51","      Information",14175,13402,12879,12406,11980,11537,11014,10440,9199,7959,7647,7346,7230,6807,6143,5813
"09009","New Haven, CT","1","CA25N 1/","1000","52","      Finance and insurance",20270,20458,20765,21088,21311,21354,22058,23053,24987,23540,25098,24861,24887,23806,24317,23841
"09009","New Haven, CT","1","CA25N 1/","1100","53","      Real estate and rental and leasing",18579,19118,19558,20938,22524,22969,23917,23621,23159,24120,24688,24218,24272,25220,25894,26806
"09009","New Haven, CT","1","CA25N 1/","1200","54","      Professional, scientific, and technical services",29737,29740,29727,30774,30335,30470,31627,32105,30845,29933,29789,30056,30250,31369,31573,31747
"09009","New Haven, CT","1","CA25N 1/","1300","55","      Management of companies and enterprises",3921,3822,3720,3554,3265,3291,3181,3304,3684,4006,4351,4859,4834,5097,5303,5425
"09009","New Haven, CT","1","CA25N 1/","1400","56","      Administrative and support and waste management and remediation services",25309,25092,23640,25088,26029,27288,28393,27230,24293,25099,25583,26561,27177,27212,26993,27282
"09009","New Haven, CT","1","CA25N 1/","1500","61","      Educational services",26408,27858,28363,29080,28966,30019,30922,31978,33496,34605,34602,35219,35779,37123,37877,38531
"09009","New Haven, CT","1","CA25N 1/","1600","62","      Health care and social assistance",62876,65044,66001,67118,67961,69393,71414,73352,74677,75779,76587,78276,78649,78733,79527,80516
"09009","New Haven, CT","1","CA25N 1/","1700","71","      Arts, entertainment, and recreation",8457,8587,8660,9065,9116,9258,9491,9628,9543,9436,9666,10059,10153,10573,10269,10562
"09009","New Haven, CT","1","CA25N 1/","1800","72","      Accommodation and food services",23684,24353,24772,25681,26351,27521,27926,28206,27900,27563,28252,29290,30165,30572,30541,31040
"09009","New Haven, CT","1","CA25N 1/","1900","81","      Other services (except government and government enterprises)",22884,23852,24123,24910,25075,25605,25928,25547,25054,24193,24724,24988,25072,25760,26500,26863
"09009","New Haven, CT","1","CA25N 1/","2000","...","    Government and government enterprises",54760,54306,53808,53718,53134,53447,52883,53546,53216,52789,52161,51674,51971,52008,52268,51975
"09009","New Haven, CT","1","CA25N 1/","2001","...","      Federal civilian",6630,6677,6522,6377,6324,6221,5868,5829,5771,5975,5572,5493,5376,5332,5427,5462
"09009","New Haven, CT","1","CA25N 1/","2002","...","      Military",2077,2099,2098,1905,1721,1780,1734,1722,1795,1855,1885,1907,1935,1910,1917,1921
"09009","New Haven, CT","1","CA25N 1/","2010","...","      State and local",46053,45530,45188,45436,45089,45446,45281,45995,45650,44959,44704,44274,44660,44766,44924,44592
"09009","New Haven, CT","1","CA25N 1/","2011","...","        State government",15311,14922,14001,14041,13790,13468,13614,14010,13758,13415,13284,13289,13210,12909,12988,12610
"09009","New Haven, CT","1","CA25N 1/","2012","...","        Local government",30742,30608,31187,31395,31299,31978,31667,31985,31892,31544,31420,30985,31450,31857,31936,31982
"09011","New London, CT","1","CA25N 1/","10","...","Total employment (number of jobs)",163985,167729,168749,169677,172433,173085,175003,176538,171652,168411,168180,166768,166051,164767,164950,166313
"09011","New London, CT","1","CA25N 1/","20","...","  Wage and salary employment",140374,143588,143856,143558,144849,144605,144689,146210,141262,138554,137657,136662,135695,134033,133752,134419
"09011","New London, CT","1","CA25N 1/","40","...","  Proprietors employment",23611,24141,24893,26119,27584,28480,30314,30328,30390,29857,30523,30106,30356,30734,31198,31894
"09011","New London, CT","1","CA25N 1/","50","...","    Farm proprietors employment",683,669,643,628,623,609,700,729,755,786,830,841,859,860,871,869
"09011","New London, CT","1","CA25N 1/","60","...","    Nonfarm proprietors employment 2/",22928,23472,24250,25491,26961,27871,29614,29599,29635,29071,29693,29265,29497,29874,30327,31025
"09011","New London, CT","1","CA25N 1/","70","111-112","  Farm employment",2412,2454,2363,2038,1978,1689,1627,1719,1732,1729,2037,1940,2038,2064,2136,2039
"09011","New London, CT","1","CA25N 1/","80","...","  Nonfarm employment",161573,165275,166386,167639,170455,171396,173376,174819,169920,166682,166143,164828,164013,162703,162814,164274
"09011","New London, CT","1","CA25N 1/","90","...","    Private nonfarm employment",115190,116377,117255,118965,121595,123192,125911,126625,123241,121308,122765,122178,122908,123480,124698,126536
"09011","New London, CT","1","CA25N 1/","100","113-115","      Forestry, fishing, and related activities",379,"(D)",337,347,350,360,363,356,343,334,335,347,353,370,333,332
"09011","New London, CT","1","CA25N 1/","200","21","      Mining, quarrying, and oil and gas extraction",96,"(D)",106,99,106,146,164,185,188,189,155,233,191,199,243,244
"09011","New London, CT","1","CA25N 1/","300","22","      Utilities",1912,1669,1608,1497,1442,1412,1396,1484,1494,1592,1506,1314,1313,1313,1321,1311
"09011","New London, CT","1","CA25N 1/","400","23","      Construction",8047,7339,7527,8059,8544,8352,8574,8457,7281,7056,7293,7010,7213,7336,7305,7482
"09011","New London, CT","1","CA25N 1/","500","31-33","      Manufacturing",18490,17587,17522,17534,17906,17441,16229,15813,15268,14869,14773,14424,14822,14734,15535,16373
"09011","New London, CT","1","CA25N 1/","600","42","      Wholesale trade",2444,2474,2508,2515,2754,3077,3264,4087,3887,3604,3703,3918,3777,3915,3860,3996
"09011","New London, CT","1","CA25N 1/","700","44-45","      Retail trade",17509,17739,17735,17686,18107,18242,18293,17561,17094,16937,17185,17141,17356,17411,17802,17977
"09011","New London, CT","1","CA25N 1/","800","48-49","      Transportation and warehousing",2775,2866,3240,3315,3330,3390,3862,4004,3968,3903,3920,4018,3603,3663,3772,3751
"09011","New London, CT","1","CA25N 1/","900","51","      Information",2489,2361,2330,2327,2230,2206,2227,2085,1952,1801,1711,1652,1593,1516,1418,1456
"09011","New London, CT","1","CA25N 1/","1000","52","      Finance and insurance",3562,3571,3559,3668,3717,3713,4115,4360,4751,4660,5007,4838,4726,4507,4447,4368
"09011","New London, CT","1","CA25N 1/","1100","53","      Real estate and rental and leasing",4316,4367,4555,4977,5609,5886,6170,5983,5953,6095,6151,5926,5912,6122,6189,6326
"09011","New London, CT","1","CA25N 1/","1200","54","      Professional, scientific, and technical services",8340,9142,9008,9378,9293,9541,10099,10295,9979,9836,9610,9428,9317,9145,8938,9104
"09011","New London, CT","1","CA25N 1/","1300","55","      Management of companies and enterprises",369,589,472,470,524,513,553,595,562,663,714,741,743,874,913,957
"09011","New London, CT","1","CA25N 1/","1400","56","      Administrative and support and waste management and remediation services",5695,5150,4838,5135,5176,5330,5507,5276,4752,4504,4513,4434,4448,4430,4447,4348
"09011","New London, CT","1","CA25N 1/","1500","61","      Educational services",3139,3294,3447,3457,3574,3729,3653,3662,3837,3835,3786,3541,3638,3747,3773,3866
"09011","New London, CT","1","CA25N 1/","1600","62","      Health care and social assistance",15293,15795,16398,16632,16984,17291,18078,18419,18395,18572,19074,19526,19647,19540,19461,19381
"09011","New London, CT","1","CA25N 1/","1700","71","      Arts, entertainment, and recreation",3364,3443,3401,3571,3653,3682,3848,3923,3705,3652,3722,3797,3850,3957,3857,3837
"09011","New London, CT","1","CA25N 1/","1800","72","      Accommodation and food services",10541,11677,11766,11126,11110,11439,11897,12586,12648,12304,12680,12869,13240,13400,13654,13954
"09011","New London, CT","1","CA25N 1/","1900","81","      Other services (except government and government enterprises)",6430,6844,6898,7172,7186,7442,7619,7494,7184,6902,6927,7021,7166,7301,7430,7473
"09011","New London, CT","1","CA25N 1/","2000","...","    Government and government enterprises",46383,48898,49131,48674,48860,48204,47465,48194,46679,45374,43378,42650,41105,39223,38116,37738
"09011","New London, CT","1","CA25N 1/","2001","...","      Federal civilian",2682,2782,2455,2330,2336,2394,2607,2642,2736,2664,2570,2592,2544,2509,2734,2758
"09011","New London, CT","1","CA25N 1/","2002","...","      Military",8643,9072,8731,8852,8747,8636,8114,7929,8064,8100,7783,7800,7728,7049,6858,6808
"09011","New London, CT","1","CA25N 1/","2010","...","      State and local",35058,37044,37945,37492,37777,37174,36744,37623,35879,34610,33025,32258,30833,29665,28524,28172
"09011","New London, CT","1","CA25N 1/","2011","...","        State government",4651,4658,4385,4404,4485,4427,4578,4640,4540,4447,4356,4170,4194,4187,4192,3982
"09011","New London, CT","1","CA25N 1/","2012","...","        Local government",30407,32386,33560,33088,33292,32747,32166,32983,31339,30163,28669,28088,26639,25478,24332,24190
"09013","Tolland, CT","1","CA25N 1/","10","...","Total employment (number of jobs)",56201,57301,58746,59929,61099,61646,63455,63853,62908,61660,62298,62898,63280,63404,63310,63562
"09013","Tolland, CT","1","CA25N 1/","20","...","  Wage and salary employment",41962,42693,43524,43760,44310,44475,45283,45752,44739,43846,44221,45242,45408,45664,45489,45362
"09013","Tolland, CT","1","CA25N 1/","40","...","  Proprietors employment",14239,14608,15222,16169,16789,17171,18172,18101,18169,17814,18077,17656,17872,17740,17821,18200
"09013","Tolland, CT","1","CA25N 1/","50","...","    Farm proprietors employment",380,370,363,359,362,358,417,433,448,466,493,504,515,515,523,522
"09013","Tolland, CT","1","CA25N 1/","60","...","    Nonfarm proprietors employment 2/",13859,14238,14859,15810,16427,16813,17755,17668,17721,17348,17584,17152,17357,17225,17298,17678
"09013","Tolland, CT","1","CA25N 1/","70","111-112","  Farm employment",747,744,764,670,667,645,703,814,834,844,885,930,999,1012,1027,999
"09013","Tolland, CT","1","CA25N 1/","80","...","  Nonfarm employment",55454,56557,57982,59259,60432,61001,62752,63039,62074,60816,61413,61968,62281,62392,62283,62563
"09013","Tolland, CT","1","CA25N 1/","90","...","    Private nonfarm employment",40885,41727,43053,44568,45515,46464,47876,47750,46757,45723,46277,45984,46020,46187,46008,46262
"09013","Tolland, CT","1","CA25N 1/","100","113-115","      Forestry, fishing, and related activities","(D)","(D)","(D)","(D)","(D)",182,"(D)",215,205,204,217,232,245,255,244,242
"09013","Tolland, CT","1","CA25N 1/","200","21","      Mining, quarrying, and oil and gas extraction",107,"(D)","(D)","(D)","(D)","(D)","(D)","(D)","(D)","(D)","(D)","(D)","(D)","(D)","(D)","(D)"
"09013","Tolland, CT","1","CA25N 1/","300","22","      Utilities","(D)","(D)","(D)","(D)","(D)","(D)","(D)","(D)","(D)","(D)","(D)","(D)","(D)","(D)","(D)","(D)"
"09013","Tolland, CT","1","CA25N 1/","400","23","      Construction",4010,3974,4167,4470,4707,4761,4729,4527,4142,3880,3976,4007,3956,3935,3991,3972
"09013","Tolland, CT","1","CA25N 1/","500","31-33","      Manufacturing",4009,3691,3601,3753,3840,3885,4040,3971,3690,3436,3379,3371,3406,3398,3426,"(D)"
"09013","Tolland, CT","1","CA25N 1/","600","42","      Wholesale trade",964,1008,1012,1066,"(D)","(D)","(D)","(D)","(D)","(D)","(D)","(D)","(D)","(D)","(D)","(D)"
"09013","Tolland, CT","1","CA25N 1/","700","44-45","      Retail trade",6423,6566,6535,6619,6869,6822,6923,6869,6600,6287,6220,6178,6326,6528,6428,6337
"09013","Tolland, CT","1","CA25N 1/","800","48-49","      Transportation and warehousing","(D)","(D)","(D)","(D)",1298,1336,1365,1344,1296,1256,1244,1305,1440,1360,1495,1510
"09013","Tolland, CT","1","CA25N 1/","900","51","      Information",853,748,786,848,951,957,967,872,700,660,704,707,701,668,609,595
"09013","Tolland, CT","1","CA25N 1/","1000","52","      Finance and insurance",1724,1730,1684,1781,1777,1823,1993,2223,2668,2668,2855,2627,2617,2305,2250,2185
"09013","Tolland, CT","1","CA25N 1/","1100","53","      Real estate and rental and leasing",1988,2139,2222,2410,2655,2660,2938,2830,2777,2868,2951,2880,2994,3093,3133,3241
"09013","Tolland, CT","1","CA25N 1/","1200","54","      Professional, scientific, and technical services",3191,3230,3353,"(D)",3438,3540,3723,3763,3734,3851,3938,3466,3399,3467,3537,3583
"09013","Tolland, CT","1","CA25N 1/","1300","55","      Management of companies and enterprises","(D)",139,111,"(D)","(D)",205,203,243,202,"(D)",244,271,185,197,133,132
"09013","Tolland, CT","1","CA25N 1/","1400","56","      Administrative and support and waste management and remediation services","(D)",2145,2149,2210,"(D)",2189,2336,2420,2407,"(D)",2306,2433,1745,1852,1777,1770
"09013","Tolland, CT","1","CA25N 1/","1500","61","      Educational services",660,731,876,835,886,944,986,942,999,1098,1012,1035,1082,1177,1084,1146
"09013","Tolland, CT","1","CA25N 1/","1600","62","      Health care and social assistance",5819,5878,5965,6345,6339,6542,6802,6885,6963,7004,6898,7060,7249,7009,6961,7019
"09013","Tolland, CT","1","CA25N 1/","1700","71","      Arts, entertainment, and recreation",1211,1372,1409,1367,1458,1490,1523,1613,1604,1643,1688,1661,1661,1690,1625,1653
"09013","Tolland, CT","1","CA25N 1/","1800","72","      Accommodation and food services",3686,3800,4023,4146,4132,4167,4079,4021,3824,3752,3828,3846,4009,4131,4042,4082
"09013","Tolland, CT","1","CA25N 1/","1900","81","      Other services (except government and government enterprises)",3244,3474,3441,3454,3468,3563,3693,3654,3617,3344,3514,3523,3629,3690,3764,3790
"09013","Tolland, CT","1","CA25N 1/","2000","...","    Government and government enterprises",14569,14830,14929,14691,14917,14537,14876,15289,15317,15093,15136,15984,16261,16205,16275,16301
"09013","Tolland, CT","1","CA25N 1/","2001","...","      Federal civilian",213,215,210,208,209,213,329,324,315,334,278,260,256,258,263,258
"09013","Tolland, CT","1","CA25N 1/","2002","...","      Military",317,321,317,292,258,268,261,261,274,283,301,311,314,318,324,321
"09013","Tolland, CT","1","CA25N 1/","2010","...","      State and local",14039,14294,14402,14191,14450,14056,14286,14704,14728,14476,14557,15413,15691,15629,15688,15722
"09013","Tolland, CT","1","CA25N 1/","2011","...","        State government",9005,"(D)","(D)","(D)","(D)","(D)","(D)","(D)","(D)","(D)","(D)","(D)","(D)","(D)","(D)",10144
"09013","Tolland, CT","1","CA25N 1/","2012","...","        Local government",5034,"(D)","(D)","(D)","(D)","(D)","(D)","(D)","(D)","(D)","(D)","(D)","(D)","(D)","(D)",5578
"09015","Windham, CT","1","CA25N 1/","10","...","Total employment (number of jobs)",50414,50349,50174,50413,52134,53216,54046,54014,52693,51438,52090,52656,53672,54199,54061,53576
"09015","Windham, CT","1","CA25N 1/","20","...","  Wage and salary employment",40814,40591,39944,39678,40654,41454,41744,41792,40545,39663,39915,40644,41662,42047,41743,41001
"09015","Windham, CT","1","CA25N 1/","40","...","  Proprietors employment",9600,9758,10230,10735,11480,11762,12302,12222,12148,11775,12175,12012,12010,12152,12318,12575
"09015","Windham, CT","1","CA25N 1/","50","...","    Farm proprietors employment",518,509,488,477,475,466,536,555,570,590,620,627,641,641,648,648
"09015","Windham, CT","1","CA25N 1/","60","...","    Nonfarm proprietors employment 2/",9082,9249,9742,10258,11005,11296,11766,11667,11578,11185,11555,11385,11369,11511,11670,11927
"09015","Windham, CT","1","CA25N 1/","70","111-112","  Farm employment",750,730,698,654,665,639,710,748,759,771,811,825,927,892,923,922
"09015","Windham, CT","1","CA25N 1/","80","...","  Nonfarm employment",49664,49619,49476,49759,51469,52577,53336,53266,51934,50667,51279,51831,52745,53307,53138,52654
"09015","Windham, CT","1","CA25N 1/","90","...","    Private nonfarm employment",42365,42327,42296,42698,43908,44872,45193,44855,43490,42293,43114,43575,44392,44869,44700,45033
"09015","Windham, CT","1","CA25N 1/","100","113-115","      Forestry, fishing, and related activities",227,262,238,254,221,223,236,214,211,197,195,"(D)",193,193,184,184
"09015","Windham, CT","1","CA25N 1/","200","21","      Mining, quarrying, and oil and gas extraction","(D)",87,91,88,94,89,120,"(D)","(D)","(D)","(D)","(D)","(D)","(D)","(D)","(D)"
"09015","Windham, CT","1","CA25N 1/","300","22","      Utilities",229,240,227,214,"(D)",219,203,209,205,215,208,158,163,134,116,146
"09015","Windham, CT","1","CA25N 1/","400","23","      Construction",3143,3051,3300,3510,3437,3586,3535,"(D)","(D)","(D)","(D)","(D)","(D)","(D)","(D)","(D)"
"09015","Windham, CT","1","CA25N 1/","500","31-33","      Manufacturing",8711,8247,7623,7248,7245,7002,7050,6796,6058,6081,6283,6391,6467,6475,6538,6396
"09015","Windham, CT","1","CA25N 1/","600","42","      Wholesale trade",1339,1328,1304,1403,1415,1412,1406,1430,1259,1102,1071,1080,1171,1347,1252,1325
"09015","Windham, CT","1","CA25N 1/","700","44-45","      Retail trade",6587,6550,6503,6349,6610,6451,6279,6275,6272,6101,6141,6118,6331,6464,6473,6527
"09015","Windham, CT","1","CA25N 1/","800","48-49","      Transportation and warehousing",1601,1590,1603,1751,2431,2949,2984,2693,2417,2233,2266,2323,2545,2586,2589,2647
"09015","Windham, CT","1","CA25N 1/","900","51","      Information",587,537,542,565,576,535,538,556,493,478,461,438,428,454,465,508
"09015","Windham, CT","1","CA25N 1/","1000","52","      Finance and insurance",1037,1021,1046,1051,1028,1073,1190,1252,1393,1372,1432,1425,1359,1251,1234,1230
"09015","Windham, CT","1","CA25N 1/","1100","53","      Real estate and rental and leasing",1209,1324,1391,1520,1729,1883,1937,1957,1884,1900,1973,1960,1920,"(D)","(D)",2117
"09015","Windham, CT","1","CA25N 1/","1200","54","      Professional, scientific, and technical services",1840,1866,1807,1868,1911,1965,2072,2020,2004,1998,1997,1888,1909,1947,1978,1964
"09015","Windham, CT","1","CA25N 1/","1300","55","      Management of companies and enterprises",314,303,319,362,387,312,326,314,298,"(D)",322,321,308,330,295,262
"09015","Windham, CT","1","CA25N 1/","1400","56","      Administrative and support and waste management and remediation services","(D)",1742,1831,1960,"(D)",2189,2279,2322,2205,2166,2342,2368,2494,2501,2333,2308
"09015","Windham, CT","1","CA25N 1/","1500","61","      Educational services",1193,1234,1236,1250,1311,1380,1035,1023,1008,986,985,1085,1094,1190,1266,1298
"09015","Windham, CT","1","CA25N 1/","1600","62","      Health care and social assistance",6360,6460,6544,6501,6484,6743,6998,7316,7581,7606,7738,8100,7992,7975,7807,7769
"09015","Windham, CT","1","CA25N 1/","1700","71","      Arts, entertainment, and recreation",786,801,843,818,772,782,783,790,777,769,799,824,827,829,851,843
"09015","Windham, CT","1","CA25N 1/","1800","72","      Accommodation and food services",2916,3100,3228,3212,3220,3341,3426,3419,3424,3356,3400,3394,3447,"(D)",3637,3691
"09015","Windham, CT","1","CA25N 1/","1900","81","      Other services (except government and government enterprises)",2508,2584,2620,2774,2726,2738,2796,2738,2713,2566,2615,2639,2690,2734,2754,2870
"09015","Windham, CT","1","CA25N 1/","2000","...","    Government and government enterprises",7299,7292,7180,7061,7561,7705,8143,8411,8444,8374,8165,8256,8353,8438,8438,7621
"09015","Windham, CT","1","CA25N 1/","2001","...","      Federal civilian",215,218,218,213,213,212,288,288,285,306,270,270,263,269,272,277
"09015","Windham, CT","1","CA25N 1/","2002","...","      Military",254,256,250,232,204,214,210,211,219,225,228,226,230,227,227,228
"09015","Windham, CT","1","CA25N 1/","2010","...","      State and local",6830,6818,6712,6616,7144,7279,7645,7912,7940,7843,7667,7760,7860,7942,7939,7116
"09015","Windham, CT","1","CA25N 1/","2011","...","        State government",2528,2529,2431,2316,2877,2825,3119,3288,3352,3376,3289,3420,3512,3534,3615,"(D)"
"09015","Windham, CT","1","CA25N 1/","2012","...","        Local government",4302,4289,4281,4300,4267,4454,4526,4624,4588,4467,4378,4340,4348,4408,4324,"(D)"
"Note: See the included footnote file."
"CA25N: Total Full-Time and Part-Time Employment by NAICS Industry"
"Last updated: November 16, 2017 -- new estimates for 2016; revised estimates for 2014-2015."
"Source: U.S. Department of Commerce / Bureau of Economic Analysis / Regional Income Division"
