ID,asvabPC_std
2,1.1953659
5,
7,-.81333808
9,
10,
12,
13,.44210189
14,
16,-1.5666021
18,-2.068778
19,-1.5666021
20,-2.068778
21,-1.8176901
22,-1.3155141
24,-.0600741
26,-1.3155141
27,-.31116209
30,-1.0297608
31,.94427788
35,1.1953659
39,-1.5666021
42,.28396471
44,-1.8176901
46,
51,.44210189
52,-.31116209
57,
58,-.28142802
60,-2.068778
62,.44210189
64,-.56225009
65,-.31116209
66,
67,
68,
70,.19101389
71,
73,
74,
75,-2.068778
76,-1.0297608
79,-.56225009
80,-.77149008
82,.19101389
83,-2.068778
85,.94427788
87,.28396471
88,-1.5666021
89,1.1953659
90,
92,-1.3045103
93,-1.3155141
95,-.0600741
96,
97,.44210189
98,-.0600741
99,
105,.94427788
106,-.0600741
108,.94427788
113,1.1953659
116,
117,
118,
119,-.0600741
120,
121,1.1953659
122,.19101389
123,
124,
126,-.31116209
131,1.4464539
132,1.1953659
133,.94427788
134,
135,1.4464539
138,.44210189
140,1.1953659
143,1.1953659
144,1.1953659
145,.69318988
146,-.81333808
150,-1.8176901
152,.69318988
154,1.4464539
155,1.4464539
156,1.1953659
158,.19101389
161,-1.3155141
163,
165,-1.0644261
167,
168,-1.3045103
172,1.4464539
174,
176,.94427788
180,1.1953659
184,1.1953659
185,-1.0644261
187,.94427788
190,.69318988
191,.44210189
195,.19101389
196,
199,-.0600741
200,
202,-.31116209
206,
209,
210,
212,-.77149008
215,
218,
219,1.1953659
220,.69318988
222,-.31116209
223,.94427788
225,.69318988
228,-.02580313
230,.94427788
231,
232,.5924628
233,
237,-.0600741
239,
242,.44210189
244,-2.068778
246,.69318988
247,1.4464539
249,-.31116209
250,-1.8176901
251,.94427788
254,.28396471
256,
257,
258,-.56225009
259,.19101389
260,-1.0297608
261,-.56225009
262,-1.8992121
263,-1.0644261
264,-.56225009
265,-.31116209
268,-.0600741
275,
277,
278,.19101389
279,
280,
281,-.56225009
282,-.0600741
283,.5924628
285,-1.3155141
287,-1.0644261
294,.94427788
297,-.0600741
299,-1.3155141
304,.69318988
308,-1.0644261
311,.44210189
314,1.1953659
316,.94427788
318,.69318988
321,.69318988
323,.94427788
324,
325,-.28142802
328,.94427788
329,.94427788
330,-.81333808
332,1.4464539
336,-.31116209
337,-.02580313
340,-.31116209
341,.69318988
342,
343,
344,
345,
346,-1.5666021
347,
348,
349,
350,
357,
358,
360,
361,
367,.69318988
369,-1.0644261
370,
372,-.31116209
375,1.4464539
376,
378,
380,-.56225009
381,
384,
385,-.56225009
386,.19101389
391,
392,1.1953659
393,-.31116209
394,.94427788
395,
396,.44210189
397,
398,
399,.19101389
401,-.0600741
404,-.31116209
405,.94427788
408,.94427788
410,-1.5666021
412,-.31116209
413,
418,
419,.94427788
420,
421,
422,
427,-.56225009
429,.44210189
430,
432,-1.5666021
434,-1.8176901
438,-.56225009
440,-.31116209
441,-1.6548468
443,
445,
446,
451,
454,.44210189
455,
456,.69318988
457,
458,
463,
466,-.56225009
471,-.77149008
475,-.81333808
476,
481,
482,-.0600741
483,1.4464539
485,
487,-2.068778
490,1.0211414
491,-.56225009
493,
495,
496,
500,.19101389
501,-1.5666021
502,.44210189
503,-.02580313
505,.94427788
506,1.1953659
508,-1.8992121
510,
511,-2.068778
513,
516,-1.6548468
517,
520,
521,
522,-.81333808
524,-.81333808
525,
526,
527,.94427788
536,-.81333808
537,-1.5666021
539,
543,-.31116209
544,.69318988
545,.69318988
546,1.1953659
547,.69318988
549,
550,1.4464539
551,1.1953659
552,.69318988
553,-1.0644261
554,-.31116209
555,.69318988
558,
561,.94427788
563,-1.0644261
564,.69318988
565,.19101389
567,-.81333808
568,1.0211414
569,-1.0644261
571,-1.8176901
572,.44210189
575,
576,.44210189
577,.44210189
578,-.81333808
580,.69318988
581,-.81333808
586,.44210189
588,-1.0644261
589,-1.5666021
590,.94427788
598,-.31116209
600,-1.3045103
603,-1.5666021
606,.94427788
608,.94427788
611,.69318988
612,1.4464539
613,.69318988
616,1.1953659
618,.69318988
619,-1.5666021
620,
621,
623,
625,
627,1.1953659
628,.94427788
630,.94427788
631,-.02580313
636,
638,1.1953659
640,.44210189
642,.44210189
643,.44210189
644,
645,
646,
647,-.28142802
648,-1.6548468
649,-.31116209
653,1.1953659
656,
657,
659,1.4464539
661,-.56225009
662,-1.0297608
663,
664,.94427788
665,
669,-.0600741
670,
671,
673,.94427788
678,-.77149008
680,-.0600741
683,-1.0297608
685,-.52788078
687,.94427788
688,-.77149008
690,
691,
692,
694,.69318988
695,
696,
697,
699,
701,-1.8992121
702,
706,-.0600741
711,.69318988
712,-1.0644261
714,
716,-.81333808
717,-1.8176901
718,
719,.94427788
720,1.1953659
722,1.4464539
723,.19101389
724,1.4464539
726,1.4464539
729,.19101389
731,1.1953659
737,.69318988
738,.69318988
743,1.1953659
744,.44210189
745,1.4464539
746,1.1953659
747,
750,-1.5666021
752,-.56225009
753,
754,.69318988
758,1.1953659
759,-.31116209
761,.19101389
763,1.1953659
764,-.52788078
765,.69318988
766,.44210189
768,.19101389
773,-1.0644261
775,
776,
779,
780,
781,
783,
784,
785,1.1953659
786,
787,
788,1.4464539
789,-.28142802
790,
792,
793,
794,1.1953659
798,1.1953659
799,
800,.44210189
803,
804,
805,-.0600741
806,-.52788078
808,-.31116209
810,-.0600741
817,-1.8992121
819,.69318988
820,-.02580313
823,
826,
827,.69318988
830,
831,.69318988
834,
836,
837,-2.068778
842,.69318988
843,1.1953659
845,.44210189
847,.94427788
852,-1.0644261
856,-.81333808
859,-.31116209
860,1.1953659
861,-.0600741
865,1.4464539
866,
867,
870,-1.5666021
872,.94427788
874,-1.5666021
877,
882,
884,.69318988
885,-.0600741
886,.19101389
889,
890,-.77149008
891,-1.5666021
893,.94427788
894,-.52788078
895,-.81333808
898,.94427788
900,.44210189
903,-.31116209
909,-1.6548468
911,.94427788
914,.28396471
917,
918,.28396471
921,
926,
927,
929,.94427788
936,.19101389
937,1.1953659
938,.69318988
940,1.4464539
942,1.1953659
943,.94427788
946,.69318988
953,.69318988
956,1.1953659
957,1.4464539
958,.69318988
959,-1.3155141
960,-.0600741
962,.94427788
963,1.1953659
968,
970,-.31116209
972,.28396471
973,.94427788
974,1.1953659
975,-.0600741
976,.69318988
977,.44210189
978,1.1953659
980,.69318988
981,-2.068778
982,.94427788
987,.69318988
990,.69318988
991,
994,.94427788
997,-.02580313
998,.44210189
999,.44210189
1000,-1.8176901
1001,-.0600741
1002,-1.3155141
1004,.44210189
1005,.44210189
1006,-.56225009
1007,-1.0644261
1009,.69318988
1011,1.1953659
1012,1.1953659
1013,.44210189
1014,.44210189
1015,.69318988
1016,-.31116209
1018,.44210189
1019,.69318988
1020,-1.0644261
1025,.69318988
1026,.94427788
1027,-1.8176901
1028,1.1953659
1030,.69318988
1031,.69318988
1032,-1.3155141
1034,-1.6548468
1036,
1037,-1.3155141
1038,
1041,-2.068778
1044,-1.3155141
1046,-.31116209
1049,-1.0644261
1051,-2.068778
1053,.5924628
1058,
1059,
1062,-1.5666021
1063,.19101389
1065,-1.6548468
1068,-1.0297608
1069,
1071,1.1953659
1072,
1074,1.4464539
1078,-.0600741
1079,
1081,.94427788
1085,-.81333808
1086,1.1953659
1089,1.1953659
1090,.94427788
1093,.69318988
1094,.28396471
1095,-.31116209
1097,-.56225009
1106,
1108,-.52788078
1110,
1111,
1112,
1113,1.1953659
1115,1.1953659
1117,.69318988
1122,1.1953659
1124,-1.0644261
1125,
1126,-.56225009
1129,1.1953659
1130,.69318988
1131,-.52788078
1135,.94427788
1136,
1137,
1140,1.4464539
1141,
1142,.94427788
1147,
1150,1.1953659
1155,-.81333808
1157,-.0600741
1158,
1159,
1161,.44210189
1162,.69318988
1163,1.1953659
1164,.94427788
1167,.44210189
1168,-2.068778
1170,1.1953659
1171,.94427788
1172,
1174,
1176,-1.0644261
1178,1.1953659
1179,.19101389
1180,.94427788
1183,.19101389
1184,.94427788
1185,1.4464539
1186,.94427788
1189,1.4464539
1191,.69318988
1192,1.4464539
1193,1.1953659
1195,
1196,
1198,-.81333808
1199,.94427788
1201,-1.5666021
1202,-1.0644261
1204,-1.5666021
1207,
1208,-.81333808
1210,-2.068778
1211,-.81333808
1213,-.77149008
1214,-2.068778
1215,
1217,-.31116209
1218,-.0600741
1219,-2.068778
1221,
1222,-1.3155141
1224,
1226,-.31116209
1228,-.0600741
1230,.94427788
1231,1.1953659
1232,-.0600741
1233,1.4464539
1234,1.4464539
1235,1.4464539
1236,
1237,-.56225009
1239,1.4464539
1240,.19101389
1244,
1247,1.4464539
1250,1.1953659
1251,.44210189
1252,.44210189
1255,
1259,-1.3155141
1260,
1261,-.56225009
1262,-1.0644261
1263,
1264,-.81333808
1267,1.1953659
1270,1.1953659
1272,
1273,-.0600741
1277,-.31116209
1278,.94427788
1279,.94427788
1280,-.0600741
1281,.94427788
1283,1.1953659
1284,
1286,1.1953659
1287,.44210189
1288,1.4464539
1289,
1291,
1293,1.1953659
1294,.44210189
1297,.94427788
1298,-1.3155141
1299,-.56225009
1300,.69318988
1301,-.31116209
1304,.69318988
1305,.94427788
1310,
1318,-1.3045103
1320,.19101389
1321,-1.0297608
1323,1.1953659
1326,-1.0297608
1332,.69318988
1335,.69318988
1336,-.0600741
1339,.28396471
1341,1.1953659
1342,.28396471
1343,
1346,
1348,.94427788
1349,-.0600741
1351,-.81333808
1352,-2.068778
1353,-.0600741
1359,
1360,.69318988
1361,.94427788
1363,
1364,-1.8992121
1365,
1366,
1367,1.1953659
1371,1.1953659
1373,1.4464539
1374,
1376,
1377,-1.8176901
1378,-1.5666021
1381,
1382,.44210189
1383,
1390,.19101389
1394,-1.3155141
1395,-1.5666021
1396,-1.5666021
1397,-2.068778
1400,.94427788
1401,.69318988
1402,
1404,.44210189
1405,
1406,.94427788
1407,.19101389
1408,
1409,
1417,
1418,-.81333808
1421,1.1953659
1425,-1.5666021
1426,-1.8176901
1431,.69318988
1434,
1435,-1.0297608
1439,-1.5666021
1441,-.52788078
1443,.19101389
1446,-1.0644261
1447,1.4464539
1449,-.0600741
1452,-.31116209
1455,1.1953659
1456,.69318988
1457,1.4464539
1458,
1460,1.4464539
1461,
1463,1.1953659
1465,.44210189
1468,.94427788
1469,-1.3155141
1471,-2.068778
1473,.44210189
1474,
1478,.94427788
1481,-1.5666021
1482,
1483,
1484,-.0600741
1485,-.0600741
1486,.19101389
1488,.5924628
1491,1.1953659
1493,1.1953659
1503,.69318988
1505,-.02580313
1507,
1508,
1510,-.56225009
1514,-1.5666021
1515,1.1953659
1518,1.1953659
1519,1.1953659
1520,.28396471
1522,1.4464539
1525,-.31116209
1529,
1530,1.1953659
1532,.19101389
1535,-1.0644261
1536,
1538,
1545,.94427788
1547,.44210189
1548,.44210189
1549,.94427788
1552,-.31116209
1553,
1554,
1555,
1556,.28396471
1558,
1559,-1.3155141
1560,.44210189
1561,
1562,-.31116209
1563,.28396471
1564,
1569,
1570,.19101389
1572,.94427788
1573,.5924628
1578,-.56225009
1579,
1580,.19101389
1581,
1583,
1586,-.56225009
1589,.69318988
1591,
1596,-.56225009
1597,
1607,
1609,
1613,
1615,
1617,
1618,.94427788
1619,1.0211414
1620,-.0600741
1621,
1623,1.4464539
1625,
1626,
1627,-.0600741
1628,1.1953659
1631,
1632,.94427788
1635,
1636,
1637,.94427788
1638,-.0600741
1640,-1.3155141
1643,.69318988
1645,1.4464539
1646,-1.5666021
1648,.44210189
1649,-.0600741
1650,
1652,.94427788
1653,
1654,.94427788
1655,
1656,
1659,-1.3155141
1661,
1662,
1664,-.31116209
1665,.69318988
1666,-.31116209
1667,.19101389
1668,1.1953659
1675,.19101389
1676,.94427788
1678,.94427788
1681,.94427788
1683,.94427788
1685,
1687,
1688,
1692,1.0211414
1693,.94427788
1694,.94427788
1695,.94427788
1696,.94427788
1699,
1700,-1.3155141
1701,-.56225009
1702,-.0600741
1704,.94427788
1707,
1708,
1710,.44210189
1711,.69318988
1714,
1715,-1.8176901
1720,-1.8176901
1721,
1722,
1724,
1725,
1726,
1727,
1729,
1732,
1734,-1.3155141
1735,.44210189
1737,.19101389
1738,.94427788
1740,
1741,
1744,-1.5666021
1746,-1.0644261
1748,.19101389
1753,1.1953659
1755,.94427788
1757,.19101389
1758,.5924628
1759,
1762,
1763,
1764,
1765,.94427788
1766,.5924628
1767,
1768,-.31116209
1770,-.0600741
1771,
1775,
1777,-1.3155141
1778,-.0600741
1779,-.31116209
1787,-1.0644261
1788,-1.6548468
1790,-2.068778
1791,-1.8176901
1794,-.0600741
1795,
1797,-.0600741
1799,1.4464539
1802,.69318988
1803,
1805,.69318988
1807,.69318988
1808,
1809,1.1953659
1810,.44210189
1811,-.0600741
1813,-1.0297608
1815,-.0600741
1816,-.31116209
1817,.44210189
1819,-1.0644261
1820,.44210189
1823,-.0600741
1825,.69318988
1826,.94427788
1827,.44210189
1828,1.4464539
1830,1.1953659
1831,-1.0644261
1832,
1834,-1.3045103
1836,.94427788
1838,1.1953659
1842,-1.8176901
1843,
1845,-1.0644261
1847,1.1953659
1849,-1.0644261
1851,-.81333808
1852,
1853,1.1953659
1854,.19101389
1857,.94427788
1859,1.1953659
1861,.69318988
1867,-.81333808
1868,-1.8176901
1869,.69318988
1871,-2.068778
1872,-.81333808
1873,.94427788
1878,
1879,-.56225009
1881,
1882,1.1953659
1885,
1886,.44210189
1887,1.1953659
1888,.94427788
1890,-.0600741
1891,-1.0644261
1892,.19101389
1895,-.81333808
1896,.44210189
1902,-.31116209
1904,.94427788
1905,1.1953659
1907,-.0600741
1910,-1.6548468
1911,-1.0644261
1914,.94427788
1915,
1918,.94427788
1919,.44210189
1920,-2.068778
1922,.94427788
1925,-.0600741
1927,
1929,-.0600741
1931,
1933,1.1953659
1935,-2.068778
1936,-1.5666021
1937,.69318988
1938,-.31116209
1943,.69318988
1944,.5924628
1945,
1948,
1949,-.0600741
1951,
1952,-2.068778
1955,-1.0644261
1957,-.28142802
1958,-1.0644261
1960,
1961,
1963,.94427788
1965,.44210189
1966,-1.5666021
1967,.44210189
1968,.19101389
1970,1.1953659
1973,.94427788
1974,.94427788
1975,.94427788
1976,-1.0644261
1979,-.02580313
1981,
1982,1.1953659
1985,1.1953659
1990,.69318988
1993,
1994,.94427788
1996,.94427788
1999,-1.0644261
2000,-1.5666021
2003,-1.0297608
2005,
2006,1.1953659
2009,-1.5666021
2010,-.81333808
2013,-.31116209
2014,
2018,.44210189
2019,.69318988
2024,-1.8176901
2029,.94427788
2030,.69318988
2032,.69318988
2035,.94427788
2037,-1.8992121
2041,.69318988
2042,.94427788
2043,.94427788
2045,
2046,-2.068778
2047,-2.068778
2048,1.4464539
2049,.5924628
2050,-.0600741
2051,1.1953659
2054,.94427788
2057,.94427788
2058,.94427788
2060,.69318988
2062,1.1953659
2064,
2065,.19101389
2068,-.0600741
2070,1.1953659
2071,1.1953659
2072,1.1953659
2073,.94427788
2074,.94427788
2076,1.4464539
2081,.94427788
2082,1.1953659
2086,1.1953659
2087,
2088,.69318988
2089,.94427788
2092,.69318988
2093,.19101389
2095,-.28142802
2096,.69318988
2099,1.1953659
2100,-.56225009
2108,-1.8176901
2110,
2111,-1.5666021
2113,.19101389
2114,
2116,
2118,-.81333808
2119,-2.068778
2120,.69318988
2121,.69318988
2122,.44210189
2123,.69318988
2128,.69318988
2129,-.0600741
2130,.69318988
2131,.94427788
2134,-1.3045103
2136,.19101389
2137,.44210189
2138,-.0600741
2139,
2141,.69318988
2144,.19101389
2145,
2147,.69318988
2149,
2150,-.0600741
2151,1.1953659
2154,-1.0644261
2158,-1.6548468
2159,-.56225009
2161,
2162,1.0211414
2164,.94427788
2165,.94427788
2166,-.52788078
2167,.69318988
2168,.94427788
2172,.5924628
2173,-.31116209
2175,
2178,-1.5666021
2181,
2182,1.4464539
2183,1.1953659
2185,-.31116209
2186,
2187,.69318988
2188,.94427788
2189,.94427788
2190,.69318988
2193,.94427788
2197,-.56225009
2199,.19101389
2200,1.4464539
2205,1.4464539
2206,1.1953659
2207,1.1953659
2208,1.1953659
2209,.94427788
2210,1.1953659
2211,1.1953659
2212,.94427788
2213,.94427788
2214,-.0600741
2215,1.1953659
2218,-1.0644261
2220,
2221,-.56225009
2224,
2225,.94427788
2226,.94427788
2227,-1.8176901
2228,
2229,-.81333808
2230,-1.3155141
2233,.44210189
2234,.19101389
2235,.44210189
2237,.69318988
2238,-.81333808
2241,.19101389
2242,-.31116209
2246,
2250,.94427788
2251,.94427788
2252,1.4464539
2253,1.4464539
2254,.19101389
2255,-.0600741
2256,-.0600741
2257,.69318988
2261,-.77149008
2262,-1.5666021
2264,-.77149008
2266,.94427788
2267,.44210189
2269,.44210189
2272,.44210189
2273,.5924628
2274,
2275,1.1953659
2276,
2278,-.52788078
2279,.69318988
2281,
2282,
2285,.19101389
2288,
2289,1.4464539
2290,1.1953659
2291,.19101389
2292,.94427788
2294,
2295,-.0600741
2296,.44210189
2297,-1.3155141
2300,.44210189
2301,.44210189
2302,.69318988
2303,-.31116209
2305,.94427788
2306,-.52788078
2308,1.1953659
2309,.44210189
2310,.94427788
2312,-.0600741
2313,1.0211414
2314,-1.6548468
2315,-.81333808
2316,-1.3045103
2319,.94427788
2325,1.4464539
2326,-1.8992121
2327,-.0600741
2328,1.4464539
2329,.94427788
2330,.94427788
2331,.94427788
2333,.94427788
2338,.94427788
2341,.94427788
2342,.69318988
2346,.94427788
2349,-.77149008
2350,1.1953659
2352,.69318988
2355,
2357,
2358,
2360,-.0600741
2361,
2362,.19101389
2363,-.0600741
2365,-1.5666021
2367,.19101389
2369,.44210189
2370,
2371,-.31116209
2372,.69318988
2373,-.56225009
2374,-.0600741
2375,.19101389
2376,1.4464539
2377,1.1953659
2379,-1.3155141
2381,.19101389
2382,1.1953659
2383,.94427788
2384,.94427788
2385,.44210189
2387,
2388,
2389,
2393,-.52788078
2394,1.4464539
2395,.94427788
2397,1.1953659
2398,.44210189
2402,-.31116209
2404,-1.5666021
2407,.69318988
2408,-1.3155141
2409,.44210189
2410,.5924628
2411,-.0600741
2414,.94427788
2417,
2418,-1.0644261
2419,-1.3155141
2421,1.4464539
2422,1.4464539
2423,.44210189
2425,.44210189
2428,
2429,
2431,.69318988
2434,.44210189
2436,-1.8992121
2439,1.1953659
2441,-.31116209
2442,-.56225009
2447,-1.0644261
2449,
2451,
2453,
2455,-1.8176901
2458,1.4464539
2459,.69318988
2460,1.1953659
2461,1.1953659
2463,.28396471
2466,1.1953659
2467,
2468,.69318988
2469,
2470,1.4464539
2477,1.0211414
2479,.44210189
2480,1.1953659
2481,.69318988
2483,.44210189
2484,-1.0644261
2485,.19101389
2487,-.81333808
2490,1.1953659
2492,.94427788
2496,1.1953659
2497,.5924628
2498,
2499,
2500,-.28142802
2503,.94427788
2506,-1.3155141
2507,-1.8992121
2508,.94427788
2511,
2513,.94427788
2514,.69318988
2515,.69318988
2516,
2517,
2519,
2520,-1.3155141
2522,.94427788
2523,1.4464539
2524,.94427788
2525,.44210189
2526,.69318988
2527,.94427788
2530,-.0600741
2533,
2534,
2535,-.52788078
2536,-2.068778
2537,
2541,
2542,.69318988
2545,-1.3155141
2546,
2548,
2552,.94427788
2558,.69318988
2560,.19101389
2562,.69318988
2563,.44210189
2564,.69318988
2566,
2568,-.02580313
2569,1.4464539
2573,1.1953659
2574,-1.0297608
2575,1.1953659
2576,1.1953659
2578,.94427788
2581,.94427788
2584,-.0600741
2585,
2589,.94427788
2591,.69318988
2593,.94427788
2594,1.4464539
2595,.44210189
2596,.69318988
2597,.94427788
2598,.69318988
2602,-1.5666021
2603,.94427788
2604,
2605,-1.0644261
2606,.94427788
2608,-.56225009
2609,-.56225009
2611,.69318988
2613,.44210189
2614,1.1953659
2615,.44210189
2616,1.4464539
2618,1.4464539
2622,.44210189
2623,-.31116209
2624,.44210189
2627,-1.8176901
2628,.19101389
2629,-.28142802
2630,-.56225009
2631,.94427788
2633,
2637,1.1953659
2641,-1.0297608
2643,-1.3155141
2644,.69318988
2648,-1.0644261
2649,-1.0644261
2651,.69318988
2652,-.02580313
2658,1.1953659
2660,-.0600741
2661,.44210189
2662,.94427788
2665,-.31116209
2666,-.56225009
2668,.19101389
2673,.19101389
2676,.69318988
2677,.44210189
2678,-.0600741
2682,.94427788
2683,.69318988
2688,-.56225009
2689,-.02580313
2690,-1.6548468
2692,-.56225009
2693,-.0600741
2694,
2695,-1.5666021
2696,-1.0644261
2697,-1.5666021
2700,.69318988
2701,1.4464539
2702,.44210189
2703,-.02580313
2704,-1.0644261
2706,.69318988
2710,1.4464539
2711,1.4464539
2713,-1.5666021
2714,1.4464539
2715,-1.3155141
2716,.69318988
2719,-1.0644261
2721,-2.068778
2727,.94427788
2728,
2730,.94427788
2731,1.1953659
2732,.94427788
2733,.94427788
2735,-.56225009
2736,-.56225009
2737,1.4464539
2738,.94427788
2741,-.77149008
2742,.44210189
2743,-1.3155141
2747,-1.5666021
2752,-.31116209
2753,-.0600741
2755,.69318988
2756,1.1953659
2758,1.1953659
2759,-1.3155141
2761,.44210189
2762,.44210189
2765,.69318988
2766,-.81333808
2773,
2774,
2775,1.1953659
2776,.94427788
2778,1.1953659
2779,1.1953659
2786,
2788,.94427788
2789,
2790,
2791,.69318988
2794,
2795,
2798,-.56225009
2799,1.1953659
2800,-.0600741
2807,.19101389
2808,
2810,-.31116209
2813,1.4464539
2814,-1.8176901
2819,-.31116209
2822,
2823,
2825,-1.5666021
2829,.94427788
2830,
2831,
2833,.94427788
2835,1.4464539
2846,
2850,
2851,-.31116209
2854,.94427788
2857,
2858,.5924628
2860,-1.8992121
2862,.19101389
2863,-.56225009
2866,.44210189
2867,-1.0644261
2868,
2871,.69318988
2872,-.31116209
2873,1.1953659
2874,1.4464539
2875,.94427788
2876,1.4464539
2880,-.56225009
2881,.94427788
2882,
2883,.19101389
2884,.69318988
2886,-.0600741
2888,1.1953659
2890,.19101389
2891,-.28142802
2893,
2895,-1.0644261
2896,.94427788
2897,-1.6548468
2898,1.1953659
2899,-1.8992121
2900,.69318988
2901,.69318988
2904,-1.0644261
2906,1.0211414
2907,.44210189
2908,.19101389
2910,1.1953659
2911,-.56225009
2915,.19101389
2916,.94427788
2917,.69318988
2918,1.1953659
2919,.44210189
2920,
2921,-.81333808
2923,-.81333808
2925,-.81333808
2926,.69318988
2930,-.0600741
2931,
2938,1.1953659
2939,.94427788
2941,.5924628
2945,1.1953659
2947,-.31116209
2949,-.0600741
2950,.94427788
2951,.69318988
2954,-.0600741
2955,-.77149008
2957,.69318988
2959,-1.5666021
2960,
2963,-.0600741
2964,
2965,.69318988
2967,-.0600741
2968,-.56225009
2969,-.0600741
2971,-.31116209
2972,-.31116209
2973,
2975,.5924628
2976,.44210189
2977,-.31116209
2978,.19101389
2979,1.1953659
2980,.44210189
2981,1.4464539
2983,.28396471
2984,.44210189
2988,.94427788
2990,1.4464539
2992,1.4464539
2993,1.4464539
2994,-.31116209
2995,.94427788
2996,-1.0644261
2999,
3001,.94427788
3003,-.0600741
3004,.69318988
3008,-1.0644261
3011,
3015,.69318988
3016,1.4464539
3019,1.1953659
3020,-1.5666021
3024,-1.3045103
3027,.69318988
3032,.69318988
3033,-1.3155141
3034,-.56225009
3035,-1.3155141
3036,
3038,1.1953659
3042,.69318988
3043,.44210189
3044,
3048,.94427788
3053,.94427788
3055,-.81333808
3056,-.56225009
3057,.44210189
3058,
3059,.44210189
3061,-.56225009
3063,-1.0297608
3064,.94427788
3065,-1.6548468
3068,.69318988
3069,
3072,1.4464539
3074,.69318988
3075,-.28142802
3076,1.1953659
3077,-.0600741
3080,-1.0644261
3082,-.02580313
3084,1.4464539
3088,
3089,1.1953659
3090,.19101389
3091,-.0600741
3092,-.0600741
3094,
3095,
3097,.69318988
3098,-1.3155141
3101,
3102,-1.0644261
3103,-1.8992121
3104,
3106,
3107,-.31116209
3108,-1.6548468
3109,-2.068778
3110,-.81333808
3111,
3113,-1.3155141
3114,
3119,
3120,-2.068778
3121,.94427788
3122,-2.068778
3127,-2.068778
3128,.19101389
3130,-.28142802
3131,.5924628
3135,1.1953659
3136,.44210189
3137,.69318988
3138,.44210189
3139,-2.068778
3141,1.1953659
3142,1.4464539
3143,1.1953659
3145,1.4464539
3146,.94427788
3147,1.4464539
3149,.19101389
3150,.19101389
3152,
3154,.69318988
3156,.69318988
3157,
3158,
3163,.94427788
3167,.44210189
3171,.69318988
3172,-1.8176901
3173,-.56225009
3174,-.52788078
3176,.94427788
3181,.69318988
3184,.44210189
3187,.69318988
3191,.28396471
3193,.69318988
3194,.94427788
3197,1.1953659
3198,1.1953659
3201,.69318988
3202,-1.5666021
3205,-1.0644261
3207,
3208,
3209,
3212,.44210189
3215,-.0600741
3216,1.1953659
3217,
3219,.44210189
3220,-.56225009
3222,1.1953659
3224,-1.0644261
3226,.19101389
3231,.94427788
3234,-1.8176901
3244,1.4464539
3245,
3246,-1.0644261
3247,.19101389
3253,.28396471
3256,.19101389
3258,.69318988
3259,.69318988
3260,-1.8176901
3262,
3263,.94427788
3266,.69318988
3269,-1.8992121
3270,-.81333808
3271,.94427788
3273,.94427788
3274,-.0600741
3275,
3281,1.4464539
3283,1.1953659
3285,-1.0644261
3286,
3287,.44210189
3289,-1.5666021
3290,.19101389
3293,.69318988
3294,
3299,-2.068778
3300,.19101389
3301,
3304,
3305,-.81333808
3309,
3310,-1.5666021
3311,-.52788078
3314,
3315,.44210189
3321,.44210189
3322,.19101389
3325,-.02580313
3327,
3328,-1.5666021
3330,
3332,.44210189
3333,.44210189
3335,-.0600741
3336,
3338,
3340,-1.8176901
3341,.94427788
3343,-2.068778
3344,-2.068778
3347,1.4464539
3350,.19101389
3351,.69318988
3352,-2.068778
3354,.28396471
3356,
3359,
3362,
3366,.94427788
3367,-1.3155141
3369,1.4464539
3370,.69318988
3372,.19101389
3373,-.31116209
3374,.19101389
3378,1.1953659
3379,.94427788
3382,-1.6548468
3384,-1.3045103
3385,-.56225009
3386,-.31116209
3387,-.31116209
3388,.94427788
3389,-1.3155141
3390,-1.0644261
3392,-1.8992121
3394,
3395,
3396,.69318988
3399,-1.5666021
3400,-.77149008
3407,-.31116209
3409,-1.5666021
3412,
3418,.28396471
3419,-.81333808
3421,
3424,-2.068778
3425,.44210189
3433,
3434,-.0600741
3435,1.1953659
3436,-1.8176901
3439,.69318988
3440,-1.8176901
3446,.69318988
3447,-.52788078
3448,1.1953659
3449,-.02580313
3450,-.0600741
3451,.94427788
3454,1.1953659
3456,1.1953659
3457,1.4464539
3458,1.0211414
3459,.44210189
3464,.28396471
3465,.94427788
3466,-.0600741
3467,1.1953659
3468,.94427788
3469,-1.0644261
3471,1.1953659
3472,1.4464539
3473,-1.5666021
3474,-.31116209
3476,1.1953659
3482,.69318988
3485,-.0600741
3486,.69318988
3487,.69318988
3491,
3493,-1.8992121
3495,.69318988
3496,-.0600741
3499,-.0600741
3500,-2.068778
3502,-.31116209
3505,-.56225009
3508,-.77149008
3509,-2.068778
3511,-1.3155141
3513,-1.0644261
3514,
3515,.94427788
3516,.19101389
3518,-1.3155141
3520,.94427788
3523,1.1953659
3525,
3528,-.77149008
3530,.94427788
3533,.44210189
3538,.94427788
3539,.94427788
3543,-.31116209
3544,.94427788
3545,.19101389
3546,.44210189
3547,.19101389
3549,.5924628
3551,.44210189
3554,.19101389
3556,1.1953659
3557,1.1953659
3558,1.4464539
3559,.69318988
3560,.69318988
3563,.94427788
3564,-1.0644261
3565,-1.0644261
3568,.19101389
3569,-.0600741
3570,-1.3155141
3571,-1.0297608
3572,
3573,-2.068778
3574,1.4464539
3580,-.31116209
3582,.69318988
3584,.19101389
3587,1.1953659
3589,1.1953659
3591,.44210189
3592,.19101389
3599,.94427788
3602,-1.0644261
3603,-1.3155141
3605,.44210189
3606,1.1953659
3609,-.81333808
3610,
3616,.19101389
3618,
3620,-.31116209
3621,
3622,
3623,-1.6548468
3625,1.4464539
3626,.69318988
3629,
3630,.19101389
3632,.44210189
3635,-1.3155141
3636,-.81333808
3640,1.1953659
3642,.94427788
3643,.94427788
3645,1.1953659
3646,.44210189
3647,.94427788
3649,-1.0644261
3650,
3651,
3652,
3653,-2.068778
3654,
3656,-.81333808
3657,
3658,
3659,
3660,-.31116209
3663,.94427788
3664,-.56225009
3665,-.31116209
3666,-.0600741
3668,
3669,
3671,
3672,
3674,
3675,
3676,
3679,.94427788
3680,
3683,-.81333808
3684,.44210189
3685,
3686,
3687,-.0600741
3690,-.0600741
3692,-.56225009
3693,-1.0644261
3695,-1.0644261
3698,
3701,-1.3155141
3702,
3706,-.31116209
3707,-1.8992121
3709,-.31116209
3714,.44210189
3715,-1.5666021
3719,-1.3155141
3721,
3723,.44210189
3724,
3725,1.1953659
3728,.44210189
3731,1.1953659
3732,-1.0644261
3733,-2.068778
3734,-1.8176901
3737,-1.8176901
3738,1.1953659
3743,
3746,.44210189
3749,-1.5666021
3750,-2.068778
3755,-.77149008
3757,
3759,-1.5666021
3760,-.31116209
3762,.94427788
3763,-1.3045103
3768,.69318988
3769,.28396471
3770,1.1953659
3772,.44210189
3773,-1.5666021
3777,.69318988
3780,.94427788
3781,.94427788
3783,-1.0297608
3785,-1.5666021
3787,1.4464539
3788,-.0600741
3790,-1.5666021
3792,.19101389
3793,-.02580313
3794,
3795,-1.0644261
3796,-1.0644261
3797,-1.8176901
3800,.94427788
3802,.44210189
3805,.69318988
3808,-2.068778
3809,.69318988
3811,-.0600741
3813,
3814,.19101389
3816,1.1953659
3817,
3826,
3827,-1.8992121
3829,-1.0297608
3831,-1.0644261
3834,
3835,
3836,
3839,.94427788
3840,-1.8176901
3844,-1.0644261
3845,-1.0644261
3848,.94427788
3849,.69318988
3850,.94427788
3851,.28396471
3852,1.1953659
3854,-.0600741
3857,-1.3155141
3858,
3859,-1.6548468
3860,-.31116209
3863,-1.3155141
3871,-2.068778
3872,-1.5666021
3876,-1.0644261
3877,
3878,1.4464539
3880,
3881,-.77149008
3882,.69318988
3884,.44210189
3886,-2.068778
3888,-.31116209
3889,
3892,-1.3155141
3893,
3895,.94427788
3896,.69318988
3898,
3902,-.77149008
3903,-.56225009
3904,.44210189
3908,-.81333808
3910,
3914,
3915,-1.3045103
3917,-1.3155141
3918,-1.8176901
3921,-1.8176901
3923,-1.8176901
3929,-1.0644261
3931,
3936,.44210189
3938,.94427788
3942,
3944,1.1953659
3946,
3947,-.0600741
3949,-2.068778
3950,
3951,.69318988
3953,.69318988
3956,.44210189
3957,.44210189
3958,-.0600741
3959,.69318988
3960,.94427788
3961,1.1953659
3962,.94427788
3967,.94427788
3969,
3974,-.28142802
3980,.44210189
3981,-.81333808
3986,
3987,-.0600741
3988,.94427788
3991,.44210189
3993,-1.8992121
3994,.94427788
3995,-1.0644261
3996,-1.3155141
3997,-1.5666021
3998,.69318988
4001,
4002,.19101389
4003,1.4464539
4004,.94427788
4005,-.0600741
4006,-.0600741
4007,
4008,1.0211414
4009,.44210189
4011,1.1953659
4013,.44210189
4014,1.1953659
4016,.94427788
4021,.44210189
4025,-.56225009
4029,-.56225009
4030,.69318988
4031,-.56225009
4033,-.81333808
4037,-.0600741
4038,.94427788
4041,.94427788
4043,-.56225009
4044,-1.0297608
4045,
4048,-2.068778
4050,1.4464539
4051,-.56225009
4054,.94427788
4056,
4057,.69318988
4059,-.56225009
4063,.94427788
4064,.69318988
4065,.69318988
4066,-1.8176901
4068,
4070,1.4464539
4072,.94427788
4073,-1.5666021
4077,-2.068778
4079,-1.8176901
4080,1.1953659
4084,.44210189
4085,
4086,
4087,-.31116209
4095,
4096,
4097,.44210189
4100,.69318988
4101,1.4464539
4106,-1.8992121
4107,
4108,.94427788
4109,.19101389
4110,-.0600741
4112,.44210189
4113,1.4464539
4119,-1.8992121
4120,-.31116209
4121,-1.3155141
4123,-1.8992121
4125,1.0211414
4126,.44210189
4128,.44210189
4129,.44210189
4131,.94427788
4133,-.31116209
4134,.94427788
4139,1.1953659
4142,-.0600741
4144,.44210189
4149,.44210189
4150,1.4464539
4152,.69318988
4153,.44210189
4154,
4155,
4156,-.56225009
4158,1.4464539
4160,1.4464539
4161,.94427788
4162,.44210189
4165,1.1953659
4166,-.31116209
4168,-1.0644261
4171,-1.3155141
4172,-.81333808
4173,-1.0297608
4176,-1.5666021
4179,-1.8176901
4180,-1.0644261
4181,-1.3155141
4184,-1.8176901
4187,.69318988
4188,.19101389
4189,
4190,-.56225009
4192,-.81333808
4193,1.4464539
4196,-2.068778
4198,-.77149008
4199,1.4464539
4202,.69318988
4204,.94427788
4205,.69318988
4208,1.1953659
4209,-1.8176901
4211,-1.8992121
4214,1.1953659
4217,.94427788
4221,.19101389
4222,
4225,
4226,
4228,
4230,
4232,
4233,
4237,-1.0644261
4239,.69318988
4240,.44210189
4243,
4244,
4245,-1.3155141
4247,-1.0644261
4251,-.31116209
4252,-1.8176901
4256,1.4464539
4258,-1.5666021
4259,1.0211414
4261,-1.5666021
4263,.44210189
4265,1.4464539
4266,1.1953659
4267,.94427788
4268,-.31116209
4269,-.0600741
4270,-.0600741
4274,-.56225009
4275,-.0600741
4277,.94427788
4278,1.1953659
4279,1.0211414
4280,.94427788
4284,-1.0644261
4285,-1.0297608
4286,.94427788
4288,.44210189
4289,
4291,.44210189
4292,
4294,.69318988
4295,1.1953659
4296,1.4464539
4299,.69318988
4300,1.0211414
4302,
4305,-.0600741
4307,-1.0644261
4310,-1.3155141
4311,-.31116209
4312,.94427788
4313,.19101389
4317,-.0600741
4320,-1.0644261
4321,-2.068778
4322,-.0600741
4323,
4326,-.81333808
4328,-.0600741
4329,-1.3155141
4331,.69318988
4332,-.31116209
4334,-1.8992121
4337,-1.5666021
4339,-2.068778
4341,-.02580313
4342,-1.3155141
4344,-1.3155141
4347,-.77149008
4349,-.0600741
4352,-.0600741
4354,-2.068778
4356,-1.0644261
4359,.69318988
4360,
4362,-.28142802
4363,-.0600741
4364,-.31116209
4374,-1.6548468
4378,-.31116209
4379,-.52788078
4381,.44210189
4383,.94427788
4385,-2.068778
4386,-2.068778
4387,-.81333808
4389,-1.5666021
4390,-1.8176901
4396,-1.3155141
4397,.94427788
4401,-1.8992121
4402,-1.0644261
4403,-1.5666021
4405,1.0211414
4407,1.1953659
4411,.94427788
4413,1.1953659
4415,-.0600741
4416,.69318988
4420,
4421,
4422,
4424,-2.068778
4425,-1.6548468
4426,-1.6548468
4432,-.52788078
4436,.94427788
4437,.69318988
4440,
4441,1.1953659
4444,.44210189
4445,1.1953659
4446,.94427788
4448,1.1953659
4450,1.1953659
4451,.94427788
4453,.44210189
4454,-1.8992121
4455,1.1953659
4456,.44210189
4457,.94427788
4458,1.1953659
4460,.44210189
4463,-1.6548468
4464,-1.6548468
4466,-.81333808
4468,-.77149008
4472,-.81333808
4475,-.31116209
4477,.69318988
4479,.94427788
4481,.69318988
4482,.69318988
4483,-.0600741
4484,-1.0644261
4485,
4486,
4489,-.81333808
4491,-.0600741
4492,-1.0297608
4494,-1.5666021
4497,-1.6548468
4498,-.56225009
4500,-.0600741
4502,-1.8176901
4503,-.31116209
4505,
4506,-.0600741
4507,.69318988
4509,
4511,.44210189
4513,-.02580313
4514,-.0600741
4515,-.31116209
4516,.44210189
4518,
4519,-.56225009
4520,-.31116209
4522,1.4464539
4525,1.4464539
4526,-.31116209
4527,-1.3045103
4528,1.4464539
4530,-1.3155141
4533,1.4464539
4535,-.0600741
4537,1.1953659
4540,.69318988
4543,-1.0644261
4544,.69318988
4545,-.31116209
4546,.69318988
4547,1.1953659
4551,-1.0297608
4555,-.0600741
4562,-1.5666021
4564,.44210189
4567,-.0600741
4569,.19101389
4570,.44210189
4571,-1.0297608
4572,
4573,.69318988
4574,-.28142802
4576,
4577,
4580,.44210189
4582,.69318988
4585,
4586,-1.0297608
4587,1.1953659
4589,-1.0297608
4591,.69318988
4592,1.1953659
4596,.19101389
4600,.19101389
4602,-1.5666021
4604,
4606,-.0600741
4609,.94427788
4613,-.0600741
4614,.69318988
4615,.69318988
4616,
4617,-2.068778
4622,-.0600741
4623,-.0600741
4624,-2.068778
4625,-2.068778
4627,-1.0644261
4629,1.4464539
4631,1.0211414
4632,-.0600741
4636,1.1953659
4637,
4638,.69318988
4639,-1.8176901
4640,-.0600741
4641,-.31116209
4642,.94427788
4643,1.1953659
4644,1.1953659
4645,.69318988
4646,
4653,-2.068778
4654,-.0600741
4659,-.31116209
4660,1.1953659
4661,-1.0644261
4663,.44210189
4665,
4666,.69318988
4668,-.0600741
4669,-.56225009
4679,.44210189
4680,.69318988
4681,-2.068778
4682,-2.068778
4690,.69318988
4691,-.31116209
4692,
4693,.69318988
4701,-1.8176901
4702,1.1953659
4703,.19101389
4705,
4709,-1.8992121
4710,1.4464539
4712,-2.068778
4713,-1.8176901
4717,-2.068778
4724,1.0211414
4727,-1.3155141
4731,1.1953659
4734,-1.8992121
4735,
4736,.94427788
4737,-1.5666021
4740,-.0600741
4743,-.0600741
4744,-1.0297608
4745,-.0600741
4746,-.0600741
4749,.44210189
4750,.19101389
4751,.69318988
4752,-.28142802
4759,1.4464539
4762,-.31116209
4763,.94427788
4764,
4765,.19101389
4766,
4769,
4774,-1.3155141
4776,.44210189
4780,
4781,-2.068778
4782,
4787,-.02580313
4788,1.4464539
4790,1.1953659
4791,
4793,
4794,
4798,-.0600741
4799,.69318988
4800,-.56225009
4803,.69318988
4805,.44210189
4808,
4810,-.0600741
4813,.19101389
4814,.94427788
4817,1.4464539
4818,1.4464539
4819,.94427788
4820,1.1953659
4824,.44210189
4826,1.1953659
4827,-.0600741
4830,1.4464539
4831,
4832,1.4464539
4833,1.4464539
4835,.19101389
4836,-.31116209
4839,.94427788
4840,-1.3155141
4844,-1.3155141
4845,1.1953659
4847,.44210189
4848,.94427788
4849,.19101389
4851,.69318988
4853,1.1953659
4861,-1.0297608
4863,.28396471
4864,-.0600741
4866,.69318988
4869,-.81333808
4870,1.1953659
4872,.19101389
4874,-1.6548468
4883,-.52788078
4884,-.31116209
4886,-.28142802
4887,.44210189
4889,-.77149008
4890,.69318988
4891,
4892,-.56225009
4894,.94427788
4896,-.0600741
4897,.94427788
4900,.44210189
4902,-.77149008
4906,.44210189
4907,-.0600741
4908,.19101389
4909,.5924628
4910,-1.5666021
4911,.94427788
4912,-.81333808
4913,.94427788
4914,
4916,.69318988
4918,.94427788
4919,.94427788
4920,-.02580313
4921,.69318988
4922,.19101389
4927,.94427788
4928,.44210189
4929,
4930,
4931,-.0600741
4932,.44210189
4934,.94427788
4936,-1.5666021
4937,-.52788078
4939,-1.0297608
4940,.19101389
4942,1.1953659
4943,.19101389
4945,
4946,-1.0644261
4947,.19101389
4948,.69318988
4950,-1.3155141
4951,
4953,.44210189
4954,-1.0644261
4957,
4965,-1.3155141
4970,-1.3155141
4971,.19101389
4972,-.31116209
4975,-.56225009
4977,-.56225009
4980,
4981,.44210189
4983,.94427788
4984,.28396471
4986,-.0600741
4987,.44210189
4989,
4992,-.0600741
4997,-.56225009
5000,
5002,
5004,
5006,
5010,1.4464539
5012,.44210189
5013,-.52788078
5014,.94427788
5019,.69318988
5020,1.1953659
5023,.44210189
5026,.94427788
5028,.44210189
5029,-.0600741
5030,1.4464539
5031,.69318988
5033,-.31116209
5034,
5036,
5037,
5038,.19101389
5041,.19101389
5042,.94427788
5044,
5045,1.4464539
5047,.19101389
5050,
5052,.19101389
5053,.94427788
5055,-1.8992121
5056,
5058,
5059,
5061,
5062,
5063,
5064,
5065,
5066,
5067,
5070,-.81333808
5071,-1.8176901
5074,
5076,
5077,.28396471
5080,-.31116209
5081,.44210189
5084,.44210189
5088,.94427788
5090,.69318988
5093,-1.5666021
5094,-.31116209
5100,.69318988
5102,.69318988
5103,
5105,-.56225009
5106,.94427788
5107,
5108,1.4464539
5109,-.28142802
5110,.69318988
5112,-.56225009
5116,.19101389
5117,-.0600741
5119,
5120,.94427788
5121,
5122,-1.5666021
5124,-.81333808
5127,.19101389
5132,.94427788
5133,-.0600741
5134,-1.3045103
5135,-.31116209
5136,-.0600741
5139,-.56225009
5142,.94427788
5144,1.1953659
5145,-2.068778
5147,
5148,
5150,1.4464539
5153,.19101389
5155,1.1953659
5156,.69318988
5157,-.0600741
5159,.94427788
5161,.19101389
5162,.94427788
5164,-1.3155141
5165,1.0211414
5166,1.1953659
5170,.69318988
5172,-.0600741
5174,1.4464539
5178,.94427788
5180,.94427788
5181,.69318988
5183,1.1953659
5184,.19101389
5188,.94427788
5191,.69318988
5197,1.1953659
5199,
5201,-.0600741
5209,.94427788
5211,.94427788
5213,-2.068778
5214,-1.6548468
5218,-1.3155141
5220,-.02580313
5222,1.0211414
5223,.69318988
5224,-.28142802
5226,
5229,.69318988
5231,-.0600741
5234,.69318988
5235,
5238,1.1953659
5240,-1.3155141
5244,-.56225009
5245,-1.3155141
5246,.94427788
5248,-1.3155141
5249,1.1953659
5250,.94427788
5252,-1.0644261
5254,
5255,
5258,.69318988
5259,.94427788
5260,-.0600741
5262,.44210189
5266,
5268,.28396471
5271,-.56225009
5273,.94427788
5275,
5277,
5278,.44210189
5279,.44210189
5282,-.56225009
5283,.44210189
5284,-1.8176901
5286,-1.5666021
5287,-1.0297608
5288,-1.8992121
5292,
5301,-.0600741
5305,
5306,.19101389
5308,.19101389
5309,1.1953659
5312,.94427788
5313,.69318988
5314,-1.6548468
5316,-.56225009
5321,1.1953659
5322,.19101389
5323,-.81333808
5325,
5327,.44210189
5329,-1.3155141
5330,.69318988
5331,
5332,.69318988
5336,-.81333808
5337,.44210189
5339,.69318988
5341,-.31116209
5342,1.4464539
5345,.94427788
5347,.94427788
5348,.69318988
5349,-.56225009
5350,.44210189
5352,.94427788
5353,.44210189
5354,.94427788
5355,.94427788
5356,1.4464539
5357,1.1953659
5360,.69318988
5362,.94427788
5363,.94427788
5364,-1.8176901
5366,.19101389
5368,.94427788
5370,
5371,
5373,
5374,
5375,.69318988
5376,-1.6548468
5377,-.0600741
5379,.44210189
5380,1.4464539
5383,.19101389
5384,-.81333808
5385,.69318988
5391,-.0600741
5393,1.1953659
5395,
5396,-.81333808
5400,-.0600741
5406,.44210189
5407,.44210189
5408,1.4464539
5409,-.0600741
5415,-.02580313
5417,
5420,-.31116209
5423,.44210189
5426,-1.0644261
5427,-.31116209
5428,-.0600741
5429,-1.5666021
5431,.44210189
5433,.94427788
5434,
5435,
5436,.94427788
5437,.44210189
5438,.69318988
5439,.94427788
5440,-.28142802
5441,-2.068778
5442,1.1953659
5443,
5445,.94427788
5447,-.0600741
5449,
5450,-.56225009
5453,.69318988
5455,-1.5666021
5458,-.0600741
5459,-.81333808
5461,-1.0644261
5462,-1.5666021
5464,1.4464539
5471,.69318988
5474,1.4464539
5481,.94427788
5483,-.56225009
5484,-1.0297608
5486,
5488,.19101389
5491,.94427788
5492,1.1953659
5494,-.56225009
5497,-.31116209
5499,-1.5666021
5500,.44210189
5502,-1.3155141
5509,-.56225009
5510,-.28142802
5511,-1.6548468
5512,.94427788
5515,-.56225009
5516,.69318988
5517,.69318988
5518,-1.8992121
5519,-1.0644261
5520,1.1953659
5521,-1.0644261
5522,-.28142802
5523,.44210189
5524,.19101389
5525,-.31116209
5529,-.81333808
5532,-.77149008
5533,1.0211414
5536,1.4464539
5537,.69318988
5538,-.0600741
5539,-.77149008
5541,1.4464539
5542,.94427788
5545,.28396471
5546,1.1953659
5547,.44210189
5549,-1.5666021
5550,-1.5666021
5552,1.1953659
5553,.69318988
5554,.5924628
5555,-1.0644261
5556,.69318988
5557,.5924628
5561,.69318988
5566,.19101389
5568,-1.3155141
5569,-.81333808
5574,-.31116209
5577,-.0600741
5579,-.0600741
5581,1.0211414
5582,
5586,-1.0644261
5588,
5591,-2.068778
5592,-1.8176901
5593,-1.8176901
5595,.94427788
5596,-.31116209
5598,-1.3155141
5599,-1.6548468
5600,-1.0644261
5602,.44210189
5604,-.0600741
5605,
5607,.44210189
5609,-.28142802
5611,-.0600741
5612,-2.068778
5614,.44210189
5617,
5619,1.1953659
5626,-.77149008
5627,
5629,-1.0297608
5630,-.31116209
5631,-.31116209
5635,-1.0644261
5636,-.56225009
5639,-.0600741
5640,.69318988
5643,
5650,
5651,-.31116209
5652,.69318988
5654,
5657,-1.3045103
5658,
5660,-1.8992121
5666,
5669,.19101389
5670,1.1953659
5671,.44210189
5673,
5675,
5676,
5678,
5680,-.77149008
5682,
5687,-.52788078
5689,.94427788
5692,-2.068778
5693,-2.068778
5696,-2.068778
5698,-.02580313
5699,-.31116209
5701,-.56225009
5703,.69318988
5704,.19101389
5709,-2.068778
5713,.44210189
5715,-1.3155141
5716,-1.5666021
5721,.28396471
5723,
5724,-.0600741
5726,-1.5666021
5729,-2.068778
5730,-2.068778
5731,-1.0644261
5734,-1.3155141
5736,-.0600741
5737,-.31116209
5742,-1.3155141
5743,1.1953659
5744,.19101389
5746,.19101389
5747,
5749,-.56225009
5750,
5751,-.31116209
5754,
5755,-1.0644261
5756,
5758,
5759,.69318988
5760,
5765,-1.5666021
5766,-.31116209
5769,.94427788
5771,.44210189
5774,
5776,-.28142802
5777,.44210189
5779,
5780,
5781,-2.068778
5782,-2.068778
5784,
5786,-1.0644261
5789,-1.8176901
5790,1.4464539
5791,-1.0644261
5793,-.56225009
5794,.19101389
5795,
5798,1.1953659
5802,1.4464539
5804,-2.068778
5805,
5806,-.0600741
5809,-.31116209
5813,
5815,-1.8176901
5816,-.56225009
5817,-1.8992121
5821,-1.3155141
5823,-2.068778
5825,
5828,-.56225009
5829,
5831,-1.3155141
5833,-2.068778
5835,-2.068778
5837,-1.3155141
5838,.94427788
5841,-1.8992121
5842,.94427788
5847,-1.8176901
5848,
5849,-.31116209
5850,-1.8176901
5852,-1.5666021
5857,
5861,1.4464539
5862,-1.3155141
5866,-1.5666021
5867,.44210189
5868,.94427788
5869,-2.068778
5872,
5874,-.81333808
5876,
5882,
5883,.94427788
5887,
5894,-.56225009
5896,-1.0644261
5899,-1.3045103
5903,
5906,.69318988
5907,-.0600741
5908,.44210189
5913,
5918,
5920,-1.6548468
5921,
5922,-.56225009
5923,-1.5666021
5924,.94427788
5926,
5927,-.77149008
5931,.19101389
5932,
5935,-1.0297608
5936,-1.5666021
5940,
5941,1.1953659
5947,1.1953659
5948,-.81333808
5950,1.4464539
5952,-1.0644261
5953,-.31116209
5954,.44210189
5956,
5959,-.28142802
5961,-1.8176901
5962,-.28142802
5963,-.31116209
5964,-1.3045103
5967,
5969,.19101389
5970,-2.068778
5976,
5977,.69318988
5982,-.0600741
5983,-.31116209
5984,-1.0644261
5986,-.81333808
5989,-.56225009
5990,-.0600741
5995,-1.0644261
5997,-2.068778
5998,.69318988
5999,-1.0644261
6000,.69318988
6001,.19101389
6002,.94427788
6003,1.1953659
6004,.69318988
6009,-1.5666021
6011,-2.068778
6015,-1.5666021
6017,-1.8992121
6018,-.77149008
6020,-1.5666021
6021,1.1953659
6022,-1.5666021
6023,1.4464539
6025,-1.3155141
6026,-.31116209
6031,
6037,.44210189
6038,.69318988
6040,-1.0644261
6041,-1.5666021
6042,.69318988
6045,
6046,-.81333808
6049,1.1953659
6050,
6052,
6054,-.31116209
6059,-1.3155141
6060,-.56225009
6061,-1.8992121
6062,-1.3045103
6064,-1.0644261
6066,
6068,-.28142802
6069,.19101389
6070,-1.0297608
6072,
6073,.94427788
6074,-.0600741
6075,.69318988
6078,1.1953659
6082,-.28142802
6083,-2.068778
6084,
6085,-.31116209
6088,1.1953659
6089,-1.3155141
6091,-.52788078
6094,
6096,-.0600741
6097,-.77149008
6098,.19101389
6100,
6101,
6103,
6104,
6106,-.81333808
6108,.94427788
6111,-.02580313
6113,-.81333808
6116,.44210189
6118,-1.3155141
6119,-1.3155141
6120,-.77149008
6121,-.56225009
6123,-1.5666021
6125,-1.6548468
6129,
6130,
6131,
6133,.44210189
6134,1.4464539
6143,-.81333808
6145,
6149,.44210189
6151,1.1953659
6153,.19101389
6154,
6158,.44210189
6163,-.0600741
6165,-.52788078
6172,
6174,-.0600741
6176,
6181,1.1953659
6182,-.31116209
6184,.44210189
6185,-.31116209
6187,1.1953659
6191,1.4464539
6192,1.4464539
6193,.5924628
6195,-.56225009
6196,-1.5666021
6200,.69318988
6204,1.4464539
6205,-.81333808
6206,.19101389
6207,-.52788078
6210,.69318988
6213,1.0211414
6214,.44210189
6215,1.1953659
6216,-1.6548468
6218,-1.8176901
6219,-2.068778
6220,.28396471
6222,
6223,.69318988
6224,-.0600741
6229,-.0600741
6230,.69318988
6231,-.31116209
6234,.44210189
6236,-1.8176901
6237,.94427788
6238,.69318988
6240,1.1953659
6245,1.1953659
6247,.69318988
6248,1.1953659
6250,.5924628
6251,-.31116209
6252,1.1953659
6254,-1.5666021
6256,.94427788
6257,-1.5666021
6261,.69318988
6263,.94427788
6264,
6267,
6272,.44210189
6273,
6274,1.0211414
6276,-.0600741
6282,-1.5666021
6283,-1.3155141
6285,
6286,.94427788
6288,
6292,.19101389
6293,.44210189
6296,-.0600741
6297,-.56225009
6298,-1.3155141
6302,-.81333808
6303,-.31116209
6307,
6309,1.1953659
6311,.5924628
6314,.69318988
6316,1.4464539
6317,-.0600741
6318,1.1953659
6320,-.56225009
6321,-.0600741
6324,.69318988
6325,.94427788
6326,-.31116209
6327,1.1953659
6331,.69318988
6332,1.4464539
6334,
6337,
6338,-.0600741
6340,.69318988
6342,
6343,
6344,-.31116209
6347,.19101389
6348,-1.3045103
6352,.19101389
6353,-1.5666021
6354,1.4464539
6357,-.31116209
6361,-.52788078
6362,.19101389
6363,
6364,-1.5666021
6366,-.28142802
6371,
6377,.19101389
6381,.69318988
6383,.94427788
6384,1.1953659
6385,.94427788
6387,.5924628
6388,-2.068778
6389,.5924628
6391,.69318988
6392,.44210189
6393,.69318988
6396,-1.0644261
6397,.44210189
6398,
6402,-.81333808
6403,.69318988
6404,
6405,-.0600741
6406,1.1953659
6409,.69318988
6410,-1.3155141
6411,-.31116209
6412,.69318988
6415,1.1953659
6416,.69318988
6417,
6423,.94427788
6425,-1.5666021
6430,-.31116209
6432,-.77149008
6433,1.1953659
6434,.19101389
6435,.69318988
6438,.44210189
6439,1.4464539
6441,.94427788
6442,.94427788
6443,.5924628
6445,-1.3155141
6446,
6449,1.1953659
6450,
6452,
6453,.69318988
6454,.94427788
6455,1.1953659
6459,
6460,-.0600741
6461,-1.6548468
6462,-1.3155141
6464,-1.8992121
6466,-1.5666021
6471,.94427788
6472,.44210189
6476,-.31116209
6478,1.4464539
6479,-1.3155141
6480,-1.5666021
6481,.94427788
6485,.44210189
6486,.94427788
6488,.94427788
6494,.94427788
6495,.28396471
6496,-.81333808
6497,-2.068778
6502,.19101389
6503,.19101389
6504,.69318988
6505,
6507,
6510,1.1953659
6512,1.4464539
6517,.44210189
6522,-.0600741
6525,.44210189
6526,
6529,.44210189
6530,-1.8176901
6531,-.52788078
6532,
6533,.5924628
6534,-.0600741
6537,-.81333808
6538,1.4464539
6539,.69318988
6543,-.56225009
6545,
6547,-.31116209
6551,.44210189
6552,.94427788
6553,-1.0644261
6554,-.81333808
6555,-.31116209
6556,-1.5666021
6559,-1.3155141
6562,.94427788
6563,1.4464539
6565,.94427788
6569,-.56225009
6570,-2.068778
6571,.69318988
6576,-1.3155141
6577,-.02580313
6578,.44210189
6583,-1.3155141
6585,-1.6548468
6587,-1.0644261
6593,
6595,
6596,-.56225009
6597,
6600,
6602,
6604,.44210189
6606,-.56225009
6607,-.31116209
6608,-1.0297608
6609,-1.0644261
6610,
6611,
6612,
6613,
6614,
6619,
6620,-.0600741
6621,.44210189
6622,-.56225009
6623,
6625,
6630,
6634,-.0600741
6637,
6640,
6641,
6642,.44210189
6643,-.31116209
6644,-1.0644261
6647,-1.0644261
6654,
6655,-1.3155141
6656,-2.068778
6657,
6658,
6661,
6662,
6664,.44210189
6668,
6669,
6670,
6672,
6674,-2.068778
6675,
6676,-1.3045103
6677,
6679,
6680,-1.8176901
6681,-1.3155141
6683,1.0211414
6684,
6685,
6686,
6690,
6693,
6694,
6695,
6697,
6699,
6701,-1.8992121
6702,.44210189
6703,
6704,
6705,
6708,
6709,-.81333808
6710,-.31116209
6715,
6717,
6719,
6720,
6723,
6724,
6726,
6728,-2.068778
6729,-.52788078
6732,
6733,
6734,-.81333808
6738,1.4464539
6739,
6740,-1.5666021
6742,-.0600741
6743,
6744,.44210189
6745,.94427788
6747,.94427788
6755,
6758,-.77149008
6759,1.1953659
6761,-1.8992121
6762,-1.8176901
6764,
6767,.19101389
6768,-1.6548468
6770,-.0600741
6772,-.0600741
6773,.19101389
6778,-2.068778
6779,.19101389
6780,-.31116209
6783,-1.3155141
6784,-1.0644261
6787,-2.068778
6789,-1.3045103
6790,-1.8992121
6792,-.77149008
6796,-1.3045103
6797,-1.0644261
6798,.19101389
6800,
6802,
6804,-2.068778
6806,.94427788
6812,-.31116209
6814,
6816,-1.5666021
6819,.44210189
6824,.94427788
6826,.69318988
6827,-.56225009
6828,.94427788
6830,
6833,
6836,
6837,
6841,-.52788078
6843,
6844,-1.8992121
6845,-1.3155141
6846,-.31116209
6847,-.31116209
6848,
6850,-1.0644261
6853,
6854,
6856,-2.068778
6859,.44210189
6860,-.31116209
6861,.94427788
6862,1.1953659
6863,-1.8176901
6865,.44210189
6867,-.81333808
6870,-.31116209
6871,-1.3155141
6872,-1.3155141
6873,-1.3155141
6875,-1.3155141
6876,.69318988
6877,
6878,
6879,-.0600741
6886,.19101389
6887,-1.6548468
6888,.28396471
6892,
6894,-1.0644261
6899,-1.0297608
6901,.44210189
6904,-.31116209
6907,
6910,-.31116209
6911,.19101389
6912,-.77149008
6915,-.31116209
6918,-1.0297608
6922,-1.0644261
6926,
6927,
6928,-1.8992121
6929,-2.068778
6932,
6934,-2.068778
6939,1.1953659
6940,.19101389
6941,.44210189
6942,-.0600741
6943,-.31116209
6950,-1.3045103
6954,-1.0644261
6957,-1.5666021
6958,
6959,
6960,
6961,-1.0644261
6963,
6966,.44210189
6968,
6969,-1.6548468
6970,
6973,-.0600741
6974,.44210189
6975,-.31116209
6977,-1.6548468
6979,
6982,-2.068778
6983,
6984,
6988,1.1953659
6990,-1.8176901
6992,-1.5666021
6993,.69318988
6994,-1.3045103
6995,-.56225009
6997,-.77149008
6999,
7001,
7002,-1.3155141
7005,
7008,
7009,.44210189
7015,-2.068778
7016,-1.3155141
7019,-1.6548468
7020,
7022,-.0600741
7023,-1.8176901
7025,
7027,-1.8176901
7028,1.1953659
7029,-1.5666021
7030,-.81333808
7031,-1.3155141
7033,
7039,.44210189
7040,-1.0644261
7043,-.81333808
7044,1.1953659
7045,
7046,.44210189
7047,.44210189
7049,-.52788078
7051,1.1953659
7052,.44210189
7055,.19101389
7056,.5924628
7061,.69318988
7062,1.1953659
7065,-1.3155141
7067,-1.6548468
7068,-2.068778
7071,
7074,.44210189
7076,-.31116209
7077,-.81333808
7078,-.28142802
7080,.94427788
7085,-.0600741
7087,
7092,-.0600741
7093,
7095,-.28142802
7097,.44210189
7100,
7101,.94427788
7102,-.31116209
7103,-1.0644261
7104,
7108,.94427788
7109,-1.3045103
7113,-.0600741
7114,-1.3045103
7115,-2.068778
7116,-.31116209
7119,
7126,-2.068778
7127,-1.0297608
7128,-1.5666021
7129,
7130,
7131,
7134,-.52788078
7135,.94427788
7138,-.0600741
7141,-2.068778
7143,-.0600741
7146,-1.0644261
7149,-.31116209
7150,-.0600741
7153,.69318988
7155,1.1953659
7156,
7157,
7159,-.56225009
7160,
7163,.94427788
7165,
7167,-1.5666021
7168,.94427788
7170,.44210189
7171,-1.0644261
7174,.69318988
7179,-.77149008
7181,
7184,.28396471
7186,.19101389
7190,-.02580313
7191,.94427788
7193,.94427788
7195,.44210189
7196,-.0600741
7197,.94427788
7201,.19101389
7202,-.56225009
7203,
7205,
7206,1.4464539
7207,
7209,.44210189
7210,-.0600741
7212,
7214,
7216,
7219,-.56225009
7220,.28396471
7221,
7222,1.1953659
7223,.69318988
7224,.69318988
7225,.94427788
7227,-1.5666021
7228,
7229,-.56225009
7231,
7233,-1.6548468
7234,-1.8176901
7238,
7239,
7242,-1.0297608
7245,
7246,-1.8992121
7247,-2.068778
7248,-.77149008
7249,-1.5666021
7250,
7251,-1.6548468
7252,.69318988
7253,
7254,-.77149008
7255,-.0600741
7256,
7257,-.0600741
7259,.19101389
7260,-.81333808
7261,-1.3155141
7265,
7266,-1.3155141
7267,-1.5666021
7271,-1.8176901
7272,.44210189
7274,-1.6548468
7276,-1.5666021
7277,-.31116209
7278,-1.0644261
7280,
7282,-2.068778
7283,-1.8992121
7285,.69318988
7287,
7288,-.31116209
7289,.44210189
7290,-1.3155141
7292,-.0600741
7297,
7298,
7299,
7300,
7307,-.02580313
7308,-.56225009
7309,1.1953659
7310,-.81333808
7311,
7312,
7314,-.77149008
7315,
7316,-1.8176901
7320,
7322,-.0600741
7323,.19101389
7325,.19101389
7326,
7331,-1.5666021
7332,-.31116209
7334,-1.0644261
7335,.44210189
7336,.69318988
7337,-.0600741
7338,-.81333808
7339,1.4464539
7342,-1.3155141
7343,.19101389
7345,-1.3155141
7346,-.02580313
7347,-.81333808
7349,-.56225009
7350,-1.0297608
7352,-.02580313
7353,-1.5666021
7354,-.81333808
7355,-1.0644261
7356,-.56225009
7358,.44210189
7360,1.4464539
7361,-1.5666021
7362,-1.0644261
7363,-1.0644261
7364,-.31116209
7369,-1.3155141
7372,-1.3045103
7375,-.31116209
7376,-1.5666021
7377,-1.0297608
7383,.69318988
7386,-.56225009
7387,-1.6548468
7389,-.0600741
7393,
7394,1.1953659
7396,-.31116209
7397,-1.8176901
7398,
7402,.69318988
7403,-1.8992121
7405,
7412,-.31116209
7413,
7415,-.0600741
7416,
7417,-.81333808
7418,
7421,.69318988
7423,
7424,-1.0644261
7425,-1.8176901
7426,-1.3155141
7427,-.81333808
7428,-.56225009
7430,-.81333808
7431,
7433,-1.0644261
7435,.69318988
7436,-.81333808
7439,-1.3155141
7441,.44210189
7442,.44210189
7447,
7448,-1.8176901
7449,-1.5666021
7451,
7453,
7455,-.56225009
7457,-1.0644261
7458,-.81333808
7459,-1.8176901
7461,-1.3045103
7462,-1.5666021
7463,-1.8176901
7464,-.31116209
7465,-.56225009
7466,
7471,-2.068778
7472,.19101389
7473,1.4464539
7474,.94427788
7475,
7476,.44210189
7481,-1.0644261
7483,-2.068778
7484,-.31116209
7485,-1.8176901
7488,
7490,
7497,-.0600741
7498,-1.8992121
7500,-.31116209
7502,-2.068778
7503,-1.0297608
7505,
7506,-2.068778
7507,-1.3045103
7510,.44210189
7515,-.0600741
7516,.19101389
7518,-.56225009
7522,-.81333808
7523,.69318988
7524,-2.068778
7526,
7529,
7532,.44210189
7537,-.0600741
7538,1.1953659
7540,-1.5666021
7542,
7544,
7547,-.02580313
7548,-.31116209
7549,-.81333808
7550,.44210189
7552,-2.068778
7553,-.52788078
7554,-1.0644261
7558,-1.0644261
7560,-.56225009
7561,-1.0644261
7562,-2.068778
7564,.44210189
7565,-.52788078
7566,.44210189
7567,-.0600741
7568,-.0600741
7569,-2.068778
7570,-.31116209
7572,
7573,
7578,.44210189
7581,-.31116209
7583,
7585,-1.3155141
7589,.44210189
7594,1.1953659
7595,.19101389
7596,-1.8176901
7597,-.31116209
7599,-1.5666021
7600,-.81333808
7602,-1.3155141
7604,-.0600741
7607,-.0600741
7615,.44210189
7620,
7621,1.1953659
7624,
7627,-2.068778
7629,
7630,-2.068778
7631,-1.8176901
7638,
7640,
7641,-2.068778
7642,.94427788
7643,.44210189
7645,-1.5666021
7648,-2.068778
7649,-1.3045103
7651,1.1953659
7656,-.0600741
7658,
7660,-.31116209
7661,-1.8176901
7663,
7664,
7667,1.1953659
7669,
7670,
7672,
7673,
7674,
7675,-.81333808
7676,.19101389
7677,-1.8992121
7678,-1.5666021
7680,
7691,
7693,-.81333808
7696,
7699,
7700,
7703,
7704,-2.068778
7706,.69318988
7710,-1.3045103
7712,
7714,
7718,
7721,
7722,-.31116209
7723,.69318988
7725,
7726,
7727,-1.0644261
7729,-2.068778
7731,.94427788
7733,-1.6548468
7735,-1.8176901
7737,-2.068778
7739,-1.8992121
7742,-1.8176901
7744,-1.0644261
7745,.69318988
7746,-.56225009
7747,-1.3155141
7748,-.81333808
7749,-1.8176901
7750,-2.068778
7751,-2.068778
7752,-1.3155141
7753,
7755,
7757,-.77149008
7759,-.81333808
7760,-.28142802
7761,-.31116209
7763,-1.5666021
7768,-.31116209
7771,.19101389
7772,-.31116209
7775,
7776,
7778,
7779,.44210189
7783,-.0600741
7784,-.31116209
7785,
7786,
7788,
7789,
7790,.94427788
7791,
7796,-1.5666021
7797,-1.0644261
7799,.69318988
7800,.19101389
7802,-1.3155141
7803,.44210189
7805,.44210189
7806,.94427788
7807,-1.6548468
7808,
7810,-1.0644261
7812,
7818,-1.8176901
7820,-.81333808
7821,-.31116209
7822,-1.0644261
7825,.94427788
7827,
7831,-1.8992121
7832,-.81333808
7833,
7834,-.31116209
7835,-1.3045103
7838,
7839,-.56225009
7845,.69318988
7847,-1.6548468
7848,-1.3155141
7849,.69318988
7850,-.0600741
7854,1.1953659
7855,.69318988
7859,.19101389
7860,
7861,1.1953659
7862,-.81333808
7864,
7865,-.0600741
7866,-2.068778
7867,
7869,-1.5666021
7875,-.81333808
7876,-1.3155141
7879,
7881,-1.8992121
7882,
7883,-1.0297608
7884,-1.8176901
7885,-1.6548468
7889,-1.5666021
7890,-1.6548468
7891,-2.068778
7893,-1.6548468
7894,-1.8992121
7897,
7898,.19101389
7900,-1.8176901
7902,-1.3155141
7905,-1.5666021
7910,-1.6548468
7912,-.81333808
7913,
7914,
7915,.94427788
7916,
7917,
7919,-2.068778
7921,
7928,-1.8176901
7929,-.31116209
7930,-2.068778
7933,-.31116209
7934,-.31116209
7935,-1.3155141
7936,1.1953659
7940,
7943,
7944,
7948,-.0600741
7949,
7952,.69318988
7953,-2.068778
7955,-1.5666021
7956,-.0600741
7963,-.56225009
7965,.44210189
7967,-.31116209
7968,-.81333808
7969,
7970,
7971,
7972,-1.3155141
7973,.44210189
7974,
7975,
7981,.69318988
7982,
7983,-2.068778
7984,-1.8176901
7988,.44210189
7990,
7991,
7993,-1.5666021
7994,-1.0297608
7997,.44210189
7998,-2.068778
8001,-.31116209
8002,
8003,-1.3155141
8004,-.31116209
8005,
8015,
8016,.19101389
8025,-.0600741
8026,-1.3155141
8028,-1.0644261
8029,-1.8176901
8031,-1.5666021
8032,.94427788
8034,.94427788
8035,
8036,
8038,.19101389
8040,
8041,
8042,-.81333808
8043,
8045,
8046,-1.8176901
8047,-.0600741
8049,
8050,-.81333808
8051,.19101389
8052,
8053,-1.8992121
8055,-.31116209
8057,-2.068778
8058,
8059,-.31116209
8062,-1.5666021
8063,
8065,
8071,-.81333808
8072,-.0600741
8073,-.52788078
8076,
8077,.69318988
8078,.19101389
8087,1.1953659
8088,-1.0644261
8090,.19101389
8094,
8099,-1.5666021
8100,
8101,-.77149008
8102,.19101389
8104,
8105,-.31116209
8108,.69318988
8109,-1.0644261
8110,-1.6548468
8124,-1.0644261
8126,
8129,-.81333808
8130,-.0600741
8132,-1.6548468
8135,-1.0644261
8136,-.77149008
8137,-.81333808
8138,-1.3045103
8142,-1.5666021
8145,-1.3155141
8148,.94427788
8149,.69318988
8150,-1.5666021
8151,-.28142802
8152,.69318988
8153,-.56225009
8154,-.0600741
8156,-1.3155141
8157,-1.8176901
8158,-2.068778
8159,
8160,-.31116209
8161,.69318988
8162,-1.0644261
8164,-1.3155141
8165,-1.5666021
8166,-1.0644261
8168,.44210189
8169,-.31116209
8171,-1.0297608
8172,.69318988
8173,
8174,-2.068778
8177,-.31116209
8179,.94427788
8180,1.1953659
8181,.44210189
8186,.69318988
8187,-.81333808
8190,1.1953659
8191,.94427788
8192,
8193,
8194,1.4464539
8196,
8197,.94427788
8198,-.0600741
8199,-1.5666021
8200,.69318988
8206,-2.068778
8209,-1.3155141
8213,-.56225009
8214,1.1953659
8216,-.56225009
8220,-1.6548468
8221,
8222,-.31116209
8223,1.4464539
8224,.69318988
8227,-.28142802
8228,.44210189
8229,-.56225009
8231,
8234,-.77149008
8236,-1.0644261
8238,-.31116209
8241,.69318988
8243,-1.8176901
8246,
8247,-1.8176901
8250,1.1953659
8252,-.56225009
8253,-.31116209
8260,.94427788
8261,.44210189
8262,-2.068778
8263,
8266,.69318988
8267,-2.068778
8268,-2.068778
8269,-1.5666021
8270,-1.3045103
8274,
8275,-.56225009
8278,-.31116209
8279,-1.0644261
8280,.19101389
8282,.69318988
8284,.94427788
8285,1.1953659
8287,-1.3045103
8291,-1.8992121
8294,-.0600741
8295,
8298,-1.5666021
8302,
8305,
8306,-.31116209
8310,-.77149008
8312,-.77149008
8313,-1.0644261
8316,-2.068778
8317,-2.068778
8321,-.31116209
8322,
8324,-.52788078
8326,-.0600741
8328,
8330,.44210189
8332,-1.3155141
8333,-1.5666021
8338,.44210189
8339,-.31116209
8340,-2.068778
8344,.44210189
8346,-.56225009
8347,-.0600741
8348,-2.068778
8349,.44210189
8350,-.31116209
8352,-1.8176901
8353,-2.068778
8354,1.1953659
8355,-1.3045103
8359,-1.3155141
8360,-.31116209
8361,.44210189
8371,-.31116209
8375,
8376,.44210189
8379,-.02580313
8380,
8381,
8383,.44210189
8384,-.56225009
8387,-2.068778
8388,-1.3155141
8389,-1.5666021
8395,.44210189
8398,-.77149008
8399,-.28142802
8404,-.56225009
8407,
8409,
8410,-1.8176901
8412,
8416,-.28142802
8417,-2.068778
8419,-1.5666021
8420,-1.5666021
8421,-1.3045103
8423,-.31116209
8425,-1.8176901
8426,-1.3155141
8428,-.31116209
8429,-.77149008
8430,
8432,.69318988
8433,.94427788
8434,-.52788078
8436,
8437,
8441,-1.6548468
8442,
8443,
8445,
8446,-.31116209
8447,-.0600741
8448,
8449,-2.068778
8452,-1.8992121
8453,.94427788
8454,-.77149008
8455,-.31116209
8457,-.28142802
8460,-.81333808
8462,-.0600741
8463,-1.8176901
8464,-1.5666021
8465,
8466,
8473,-1.3155141
8474,-.52788078
8475,.44210189
8477,-1.8176901
8481,1.1953659
8482,-1.8992121
8483,-1.3155141
8484,
8485,
8486,
8487,.19101389
8488,
8489,-1.5666021
8500,.94427788
8501,1.1953659
8503,-.31116209
8504,-.28142802
8507,-1.0644261
8511,
8514,-2.068778
8516,
8517,
8518,
8519,-.0600741
8521,-.0600741
8523,-1.5666021
8527,-2.068778
8528,-.31116209
8529,.44210189
8530,-.56225009
8533,-1.5666021
8536,-1.3045103
8537,-.52788078
8538,-1.3155141
8539,
8541,
8542,-.52788078
8543,-.0600741
8544,1.1953659
8547,
8548,-1.0644261
8550,-.28142802
8551,.69318988
8553,-.77149008
8554,
8557,.44210189
8558,
8559,-.31116209
8560,-.81333808
8563,-1.0644261
8565,1.1953659
8566,-.28142802
8567,-.81333808
8568,-.77149008
8570,.94427788
8571,-2.068778
8572,
8574,-1.3155141
8576,
8581,
8585,.69318988
8587,-1.0644261
8591,-.31116209
8592,.19101389
8593,.19101389
8594,
8595,
8597,.5924628
8598,-1.8992121
8599,-.31116209
8602,-.81333808
8604,-1.8176901
8605,-1.5666021
8606,.69318988
8607,.44210189
8612,-1.8176901
8613,
8614,1.4464539
8615,
8617,-2.068778
8618,.44210189
8619,-.0600741
8621,
8623,.19101389
8625,
8631,-1.8176901
8635,
8636,
8637,
8639,-1.3155141
8642,-1.0644261
8643,-1.3045103
8647,-.52788078
8654,
8655,
8656,-1.8992121
8657,-2.068778
8658,
8660,-1.3155141
8662,
8665,-1.3155141
8666,
8667,-1.3155141
8674,-1.5666021
8675,.44210189
8676,.44210189
8677,.44210189
8683,-.81333808
8684,.94427788
8686,
8690,.44210189
8691,.44210189
8692,-1.8176901
8694,-1.3155141
8702,
8704,
8706,-.0600741
8707,1.1953659
8708,-.56225009
8709,.69318988
8710,.94427788
8714,.44210189
8718,-1.0644261
8719,-2.068778
8721,-.56225009
8724,.44210189
8734,
8736,
8738,
8739,-1.0297608
8741,
8742,
8746,-1.6548468
8747,-1.5666021
8750,.69318988
8753,-.0600741
8754,-1.5666021
8755,-1.8992121
8756,.44210189
8757,.44210189
8758,-1.8992121
8759,-.31116209
8760,.69318988
8761,-1.8176901
8763,.19101389
8764,.94427788
8770,-1.3155141
8771,-1.8176901
8772,-1.3155141
8773,.94427788
8776,-1.0644261
8777,
8779,
8783,
8786,-.31116209
8788,-.56225009
8789,-.0600741
8794,-1.0644261
8795,1.1953659
8798,-.31116209
8799,-1.0297608
8800,-.77149008
8801,-.0600741
8802,
8803,-1.6548468
8804,-1.3045103
8807,.19101389
8811,-.31116209
8816,.94427788
8817,
8819,
8820,
8823,-2.068778
8824,-.56225009
8825,-1.3155141
8828,
8833,
8834,
8835,.94427788
8836,.44210189
8838,.44210189
8839,-1.8992121
8841,-.0600741
8842,-1.3155141
8843,-2.068778
8846,.69318988
8847,-.31116209
8849,-.31116209
8852,-.81333808
8854,
8855,-.81333808
8857,
8858,
8862,-1.0644261
8864,-1.8176901
8868,-1.3045103
8869,
8872,
8877,1.1953659
8878,.44210189
8879,.19101389
8880,
8885,-1.5666021
8886,-.81333808
8890,
8892,-1.5666021
8893,.69318988
8895,-1.8992121
8900,1.1953659
8901,-.31116209
8903,.69318988
8907,-1.3155141
8908,-1.5666021
8909,.19101389
8910,-1.5666021
8911,-1.3155141
8913,
8914,-1.5666021
8918,.94427788
8921,-.02580313
8928,.44210189
8930,
8932,-1.3045103
8933,.19101389
8934,-.56225009
8939,-1.5666021
8940,-.52788078
8942,-1.3155141
8943,-1.3155141
8945,
8948,-1.0297608
8949,.94427788
8952,-1.6548468
8955,-.77149008
8956,.19101389
8957,.69318988
8958,
8959,
8960,-.56225009
8963,-2.068778
8965,
8967,
8970,-.81333808
8971,.19101389
8977,
8978,.94427788
8979,.94427788
8982,.94427788
8983,.94427788
8984,-.56225009
8985,.69318988
8986,1.1953659
8990,-1.8176901
8992,1.1953659
8995,-1.6548468
8996,-1.3045103
8999,.69318988
9000,-.31116209
9005,.19101389
9006,-.0600741
9007,
9009,.94427788
9010,.69318988
9013,
9017,.69318988
9019,-.0600741
9020,1.4464539
9021,-.56225009
