ID,asvabCS_std
2,1.3178702
5,
7,-1.1422042
9,
10,
12,
13,.77856711
14,
16,-2.5991746
18,-2.5991746
19,
20,-1.8861363
21,-2.1973244
22,-.01619564
24,-1.7232079
26,-2.5991746
27,-.31423167
30,.08314971
31,1.6350448
35,.5294731
39,-.08211183
42,.08314971
44,-1.3076851
46,
51,-.41357702
52,-.51732867
57,
58,-1.4743947
60,-.6122677
62,-.81095839
64,-.82756004
65,-.31423167
66,
67,
68,
70,.43153904
71,
73,
74,
75,
76,-.39370787
79,-2.5991746
80,-1.2434262
82,-.29396309
83,-2.4663357
85,-.11554098
87,1.3746392
88,-.6122677
89,.48053108
90,
92,.08314971
93,.13007975
95,.28184039
96,
97,1.1121041
98,.67922177
99,
105,1.3746392
106,-.51732867
108,.38118574
113,1.3746392
116,
117,
118,
119,-.31423167
120,
121,.48053108
122,-.01619564
123,
124,
126,.57987643
131,1.1121041
132,.18249505
133,1.3746392
134,
135,.28184039
138,.48053108
140,.48053108
143,.18249505
144,-.01619564
145,.57987643
146,-1.6417375
150,-.6122677
152,.29911775
154,-.11554098
155,1.4306339
156,1.2752938
158,-.73666919
161,-.29396309
163,
165,.08314971
167,
168,-2.1973244
172,2.2718329
174,
176,1.9721885
180,1.4306339
184,-.11554098
185,-.21488633
187,.08314971
190,.48053108
191,-.01619564
195,-1.0096491
196,
199,-.51292236
200,
202,-.39370787
206,
209,
210,
212,.18249505
215,
218,
219,.48053108
220,.9772578
222,.9772578
223,.48053108
225,-.21488633
228,-.08211183
230,.9772578
231,
232,-.29396309
233,
237,1.3746392
239,
242,-.21488633
244,
246,.18249505
247,1.1983177
249,.67922177
250,-.11554098
251,.5294731
254,-.51292236
256,
257,
258,.6880109
259,-.29396309
260,-.6122677
261,-.39370787
262,-1.8861363
263,-2.4663357
264,.08314971
265,-.11554098
268,-.82756004
275,
277,
278,.18249505
279,
280,
281,.48053108
282,-.29396309
283,.48053108
285,.18249505
287,-.11554098
294,1.2752938
297,-2.4663357
299,.48053108
304,-.01619564
308,-.82756004
311,.08314971
314,1.9721885
316,-.11554098
318,-1.8861363
321,-1.7232079
323,.77856711
324,
325,.9772578
328,-.6122677
329,.48053108
330,-.51732867
332,1.1983177
336,.18249505
337,1.3746392
340,.38118574
341,.77856711
342,
343,
344,
345,
346,-.01619564
347,
348,
349,
350,
357,
358,
360,
361,
367,-.6122677
369,-.39370787
370,
372,.5294731
375,1.6350448
376,
378,
380,-1.2434262
381,
384,
385,-1.7232079
386,.13007975
391,
392,1.484966
393,.18249505
394,1.4306339
395,
396,-.11554098
397,
398,
399,1.2752938
401,.28184039
404,.48053108
405,-.31423167
408,.5294731
410,-.51732867
412,.18249505
413,
418,
419,-.51292236
420,
421,
422,
427,-.82756004
429,.18249505
430,
432,-.51292236
434,-.81095839
438,-.08211183
440,.48053108
441,-.6122677
443,
445,
446,
451,
454,.08314971
455,
456,.08314971
457,
458,
463,
466,-.6122677
471,-1.0857157
475,-1.6417375
476,
481,
482,-.29396309
483,1.0766031
485,
487,.18249505
490,.13007975
491,-1.8861363
493,
495,
496,
500,-.08211183
501,-.51292236
502,-1.8861363
503,-.31423167
505,-2.4663357
506,1.2752938
508,.28184039
510,
511,-.08211183
513,
516,-.31423167
517,
520,
521,
522,-1.8861363
524,-.11554098
525,
526,
527,-.01619564
536,-1.3076851
537,-2.5991746
539,
543,.9772578
544,1.762594
545,-.01619564
546,.77856711
547,-.31423167
549,
550,.48053108
551,1.0278677
552,.29911775
553,-.01619564
554,-1.4743947
555,-.51732867
558,
561,-.6122677
563,-.51732867
564,1.3746392
565,.18249505
567,.87791246
568,.57987643
569,.18249505
571,-2.5991746
572,.57987643
575,
576,.18249505
577,.9772578
578,1.5733299
580,-1.0857157
581,-.01619564
586,-.29396309
588,-.08211183
589,-1.8861363
590,1.6350448
598,.48053108
600,.48053108
603,-.51292236
606,1.2752938
608,.67922177
611,-.73666919
612,.57987643
613,.77856711
616,1.9721885
618,-.51292236
619,.28184039
620,
621,
623,
625,
627,.43153904
628,1.9721885
630,-.31423167
631,-.29396309
636,
638,1.9721885
640,.08314971
642,1.9721885
643,1.0278677
644,
645,
646,
647,.18249505
648,-1.0857157
649,-1.0857157
653,-.01619564
656,
657,
659,.77856711
661,-.31423167
662,-2.1973244
663,
664,-1.6417375
665,
669,1.0766031
670,
671,
673,.5294731
678,
680,1.1121041
683,-2.5991746
685,-.73666919
687,.18249505
688,.48053108
690,
691,
692,
694,.48053108
695,
696,
697,
699,
701,-1.3076851
702,
706,.27138303
711,.77856711
712,.18249505
714,
716,-2.5991746
717,-2.5991746
718,
719,.48053108
720,.48053108
722,1.6350448
723,.6880109
724,.77856711
726,.87791246
729,.38118574
731,1.0278677
737,1.4306339
738,.87791246
743,1.3746392
744,1.0278677
745,.57987643
746,1.3746392
747,
750,-.41357702
752,-.31423167
753,
754,.77856711
758,.87791246
759,1.6350448
761,-.01619564
763,1.4306339
764,-1.8861363
765,.29911775
766,.6880109
768,.9772578
773,-.21488633
775,
776,
779,
780,
781,
783,
784,
785,.18249505
786,
787,
788,.48053108
789,.91711753
790,
792,
793,
794,.77856711
798,1.9721885
799,
800,1.9721885
803,
804,
805,-1.0096491
806,-1.6417375
808,-.81095839
810,-.31423167
817,-1.1422042
819,-1.0096491
820,-.73666919
823,
826,
827,.48053108
830,
831,.28184039
834,
836,
837,-.21488633
842,-.39370787
843,-.81095839
845,1.3746392
847,.9772578
852,-.21488633
856,-.39370787
859,-.6122677
860,.48053108
861,.38118574
865,1.0278677
866,
867,
870,-1.6417375
872,-.92546491
874,-1.7232079
877,
882,
884,-.11554098
885,.08314971
886,-2.4663357
889,
890,-.31423167
891,-1.0096491
893,.13007975
894,-.31423167
895,.5294731
898,1.6350448
900,-.51732867
903,-.39370787
909,.48053108
911,-.51292236
914,.57987643
917,
918,.5294731
921,
926,
927,
929,1.5733299
936,-.51732867
937,.77856711
938,-2.1973244
940,1.0766031
942,.57987643
943,-.51732867
946,.27138303
953,.77856711
956,.27138303
957,1.0278677
958,-.11554098
959,-1.7232079
960,.57987643
962,.28184039
963,.6880109
968,
970,.28184039
972,1.3746392
973,.48053108
974,1.0766031
975,.13007975
976,-.6122677
977,-.82756004
978,1.2752938
980,1.6350448
981,-.6122677
982,.18249505
987,-.41357702
990,.9772578
991,
994,.77856711
997,1.0766031
998,.18249505
999,-.51292236
1000,-2.4663357
1001,-.08211183
1002,-1.8861363
1004,-.6122677
1005,.28184039
1006,-1.1422042
1007,-.01619564
1009,1.9721885
1011,.48053108
1012,1.0278677
1013,1.2752938
1014,.38118574
1015,1.762594
1016,1.0278677
1018,.18249505
1019,.48053108
1020,-.31423167
1025,.18249505
1026,.18249505
1027,-1.8861363
1028,.6880109
1030,.5294731
1031,-2.1973244
1032,-.08211183
1034,-.82756004
1036,
1037,-1.6417375
1038,
1041,-1.6417375
1044,-.01619564
1046,-.81095839
1049,-.31423167
1051,-2.1973244
1053,-.01619564
1058,
1059,
1062,-.82756004
1063,-.51292236
1065,.67922177
1068,.18249505
1069,
1071,1.3746392
1072,
1074,.77856711
1078,.18249505
1079,
1081,1.0766031
1085,-2.5991746
1086,1.3178702
1089,.9772578
1090,.28184039
1093,-1.2434262
1094,-.11554098
1095,.18249505
1097,-.6122677
1106,
1108,-.29396309
1110,
1111,
1112,
1113,1.484966
1115,-.31423167
1117,.18249505
1122,2.2718329
1124,-.01619564
1125,
1126,-.21488633
1129,1.1983177
1130,-1.3076851
1131,-.6122677
1135,-1.3076851
1136,
1137,
1140,1.484966
1141,
1142,-.08211183
1147,
1150,.18249505
1155,.48053108
1157,1.5733299
1158,
1159,
1161,-1.0096491
1162,-.6122677
1163,.08314971
1164,-.29396309
1167,.13007975
1168,-.41357702
1170,.77856711
1171,.28184039
1172,
1174,
1176,.38118574
1178,1.3746392
1179,.18249505
1180,.48053108
1183,.38118574
1184,-.11554098
1185,1.3178702
1186,1.6350448
1189,.77856711
1191,-.08211183
1192,.57987643
1193,.57987643
1195,
1196,
1198,.29911775
1199,1.762594
1201,-.11554098
1202,.77856711
1204,-2.4663357
1207,
1208,.57987643
1210,-2.1973244
1211,-.51292236
1213,-.82756004
1214,-1.8861363
1215,
1217,-.73666919
1218,-.73666919
1219,-1.0096491
1221,
1222,-2.5991746
1224,
1226,.18249505
1228,-.31423167
1230,.77856711
1231,.82065086
1232,.28184039
1233,-.41357702
1234,-.31423167
1235,1.484966
1236,
1237,-.21488633
1239,.5294731
1240,.77856711
1244,
1247,-2.5991746
1250,.28184039
1251,1.3746392
1252,-.01619564
1255,
1259,-2.5991746
1260,
1261,.18249505
1262,-2.5991746
1263,
1264,.57987643
1267,1.6350448
1270,.48053108
1272,
1273,-2.5991746
1277,.77856711
1278,.13007975
1279,1.1983177
1280,-1.2434262
1281,.9772578
1283,.5294731
1284,
1286,.43153904
1287,-.11554098
1288,.77856711
1289,
1291,
1293,.18249505
1294,-2.4663357
1297,.48053108
1298,-.01619564
1299,-1.0096491
1300,.27138303
1301,.28184039
1304,.67922177
1305,1.484966
1310,
1318,-1.1422042
1320,
1321,-2.1973244
1323,1.1983177
1326,-1.0857157
1332,1.5733299
1335,.87791246
1336,1.2752938
1339,-.29396309
1341,1.3746392
1342,.18249505
1343,
1346,
1348,-.73666919
1349,.43153904
1351,-.31423167
1352,-.01619564
1353,.28184039
1359,
1360,1.6350448
1361,1.0278677
1363,
1364,.18249505
1365,
1366,
1367,1.6350448
1371,1.6350448
1373,1.0766031
1374,
1376,
1377,-.51732867
1378,-.01619564
1381,
1382,.77856711
1383,
1390,-.01619564
1394,.29911775
1395,.28184039
1396,.38118574
1397,-2.5991746
1400,.57987643
1401,.08314971
1402,
1404,.18249505
1405,
1406,.28184039
1407,-.31423167
1408,
1409,
1417,
1418,-.01619564
1421,.91711753
1425,-.6122677
1426,-.6122677
1431,-.31423167
1434,
1435,-.01619564
1439,-2.5991746
1441,.48053108
1443,-.81095839
1446,-.39370787
1447,.5294731
1449,-1.0096491
1452,-.92546491
1455,1.2752938
1456,-.11554098
1457,.38118574
1458,
1460,-.01619564
1461,
1463,.48053108
1465,-1.8861363
1468,.6880109
1469,
1471,
1473,.28184039
1474,
1478,.77856711
1481,-.81095839
1482,
1483,
1484,.38118574
1485,-.41357702
1486,-.11554098
1488,.77856711
1491,2.2718329
1493,.87791246
1503,.18249505
1505,-.11554098
1507,
1508,
1510,.29911775
1514,-1.6417375
1515,1.762594
1518,1.5733299
1519,1.9721885
1520,-.31423167
1522,.6880109
1525,1.1983177
1529,
1530,.18249505
1532,-.73666919
1535,-.6122677
1536,
1538,
1545,.77856711
1547,.38118574
1548,-.29396309
1549,.48053108
1552,-1.0096491
1553,
1554,
1555,
1556,1.1983177
1558,
1559,-.08211183
1560,.77856711
1561,
1562,.18249505
1563,-1.1422042
1564,
1569,
1570,-.21488633
1572,.18249505
1573,.5294731
1578,.67922177
1579,
1580,-1.3076851
1581,
1583,
1586,.48053108
1589,.91711753
1591,
1596,.18249505
1597,
1607,
1609,
1613,
1615,
1617,
1618,.28184039
1619,1.1983177
1620,.08314971
1621,
1623,.91711753
1625,
1626,
1627,1.0278677
1628,.57987643
1631,
1632,.77856711
1635,
1636,
1637,.28184039
1638,-.01619564
1640,.18249505
1643,.18249505
1645,-.11554098
1646,.38118574
1648,.18249505
1649,.18249505
1650,
1652,1.3746392
1653,
1654,.6880109
1655,
1656,
1659,-2.4663357
1661,
1662,
1664,.38118574
1665,.48053108
1666,-.81095839
1667,-.31423167
1668,-.01619564
1675,.18249505
1676,-.01619564
1678,.91711753
1681,.77856711
1683,.48053108
1685,
1687,
1688,
1692,1.0278677
1693,.08314971
1694,.9772578
1695,-2.5991746
1696,-2.4663357
1699,
1700,.13007975
1701,-2.5991746
1702,-.82756004
1704,.28184039
1707,
1708,
1710,.77856711
1711,.91711753
1714,
1715,-.11554098
1720,-.39370787
1721,
1722,
1724,
1725,
1726,
1727,
1729,
1732,
1734,-.81095839
1735,-.01619564
1737,.18249505
1738,-.29396309
1740,
1741,
1744,-2.5991746
1746,-.73666919
1748,.48053108
1753,-.6122677
1755,2.2718329
1757,.43153904
1758,-.11554098
1759,
1762,
1763,
1764,
1765,.48053108
1766,-.01619564
1767,
1768,.28184039
1770,-1.6417375
1771,
1775,
1777,-1.6417375
1778,-.6122677
1779,-.81095839
1787,-.11554098
1788,1.0278677
1790,-1.0857157
1791,-.01619564
1794,-.31423167
1795,
1797,.18249505
1799,1.9721885
1802,.77856711
1803,
1805,-.92546491
1807,-.81095839
1808,
1809,.91711753
1810,1.2752938
1811,.48053108
1813,-2.5991746
1815,.48053108
1816,-.39370787
1817,.27138303
1819,.91711753
1820,.48053108
1823,.9772578
1825,-.11554098
1826,.38118574
1827,-.29396309
1828,.6880109
1830,.38118574
1831,-.01619564
1832,
1834,.08314971
1836,.28184039
1838,-.31423167
1842,-.21488633
1843,
1845,-.01619564
1847,.67922177
1849,.48053108
1851,-.51292236
1852,
1853,-.51292236
1854,.5294731
1857,.87791246
1859,-.01619564
1861,.48053108
1867,.48053108
1868,-2.5991746
1869,-.6122677
1871,-.11554098
1872,-1.6417375
1873,.27138303
1878,
1879,-1.2434262
1881,
1882,.57987643
1885,
1886,-.21488633
1887,-.29396309
1888,
1890,-.11554098
1891,-.41357702
1892,-.21488633
1895,-.31423167
1896,-.6122677
1902,.18249505
1904,-.6122677
1905,1.3178702
1907,.28184039
1910,.29911775
1911,.13007975
1914,.18249505
1915,
1918,.5294731
1919,.18249505
1920,-1.8861363
1922,.48053108
1925,.13007975
1927,
1929,.77856711
1931,
1933,.9772578
1935,-2.5991746
1936,.18249505
1937,.57987643
1938,-.29396309
1943,1.1983177
1944,.48053108
1945,
1948,
1949,.08314971
1951,
1952,-.51732867
1955,-.6122677
1957,-.51732867
1958,-.01619564
1960,
1961,
1963,.38118574
1965,.38118574
1966,-1.3076851
1967,-.73666919
1968,.38118574
1970,.38118574
1973,-.01619564
1974,.18249505
1975,.27138303
1976,-.11554098
1979,.08314971
1981,
1982,-.01619564
1985,-.51292236
1990,.67922177
1993,
1994,.48053108
1996,.82065086
1999,-1.4743947
2000,-1.0857157
2003,.43153904
2005,
2006,1.1121041
2009,.28184039
2010,-.01619564
2013,-1.4743947
2014,
2018,.48053108
2019,-2.4663357
2024,-1.0096491
2029,-.31423167
2030,-.51292236
2032,-.73666919
2035,.43153904
2037,
2041,.29911775
2042,.9772578
2043,.38118574
2045,
2046,.57987643
2047,-2.5991746
2048,1.0278677
2049,-.31423167
2050,.18249505
2051,.87791246
2054,.28184039
2057,-.31423167
2058,.18249505
2060,-1.4743947
2062,1.4306339
2064,
2065,-.6122677
2068,.57987643
2070,.43153904
2071,-.29396309
2072,1.4306339
2073,.48053108
2074,.29911775
2076,-1.3076851
2081,1.2752938
2082,-.21488633
2086,1.762594
2087,
2088,.38118574
2089,.27138303
2092,.77856711
2093,-.01619564
2095,-.39370787
2096,.48053108
2099,-2.5991746
2100,-1.8861363
2108,-.11554098
2110,
2111,.08314971
2113,
2114,
2116,
2118,-.21488633
2119,-1.2434262
2120,-.31423167
2121,-.31423167
2122,-.01619564
2123,.77856711
2128,-.51732867
2129,.77856711
2130,-.11554098
2131,-.51292236
2134,.6880109
2136,.5294731
2137,-.31423167
2138,-.01619564
2139,
2141,-.08211183
2144,-.01619564
2145,
2147,-.29396309
2149,
2150,-.11554098
2151,-.11554098
2154,-1.3076851
2158,-2.5991746
2159,-.6122677
2161,
2162,1.3178702
2164,-.21488633
2165,.57987643
2166,.28184039
2167,-.92546491
2168,1.1121041
2172,.57987643
2173,.08314971
2175,
2178,-1.7232079
2181,
2182,1.3746392
2183,1.1983177
2185,.08314971
2186,
2187,.87791246
2188,-.11554098
2189,.48053108
2190,-.39370787
2193,2.2718329
2197,-.31423167
2199,-.11554098
2200,.18249505
2205,1.484966
2206,1.4306339
2207,
2208,.9772578
2209,1.1121041
2210,.18249505
2211,.29911775
2212,.6880109
2213,1.1983177
2214,-.31423167
2215,.18249505
2218,.08314971
2220,
2221,.67922177
2224,
2225,-.51732867
2226,1.1121041
2227,
2228,
2229,.48053108
2230,.08314971
2233,.48053108
2234,-.29396309
2235,-.51292236
2237,.13007975
2238,.08314971
2241,-.31423167
2242,-.11554098
2246,
2250,.5294731
2251,-.01619564
2252,1.6350448
2253,1.5733299
2254,.18249505
2255,-.11554098
2256,.18249505
2257,.13007975
2261,-.11554098
2262,-1.0096491
2264,-1.0096491
2266,.18249505
2267,1.4306339
2269,.38118574
2272,.77856711
2273,.18249505
2274,
2275,-.01619564
2276,
2278,-.6122677
2279,-.92546491
2281,
2282,
2285,-.11554098
2288,
2289,-.6122677
2290,.9772578
2291,.57987643
2292,.87791246
2294,
2295,-1.8861363
2296,.28184039
2297,.27138303
2300,-.82756004
2301,-2.5991746
2302,-.08211183
2303,-.51732867
2305,-.39370787
2306,-.51292236
2308,.9772578
2309,1.3178702
2310,1.484966
2312,-.6122677
2313,1.2752938
2314,-.6122677
2315,.18249505
2316,.13007975
2319,.48053108
2325,-1.4743947
2326,-2.1973244
2327,-1.0857157
2328,.57987643
2329,-2.4663357
2330,1.3746392
2331,.5294731
2333,1.1983177
2338,.57987643
2341,.28184039
2342,.67922177
2346,-.08211183
2349,.57987643
2350,1.0766031
2352,.77856711
2355,
2357,
2358,
2360,.08314971
2361,
2362,-.11554098
2363,.48053108
2365,-1.8861363
2367,.57987643
2369,.18249505
2370,
2371,.48053108
2372,.18249505
2373,-.81095839
2374,-.6122677
2375,-.01619564
2376,1.762594
2377,.08314971
2379,.27138303
2381,.28184039
2382,.18249505
2383,.87791246
2384,1.6350448
2385,-.21488633
2387,
2388,
2389,
2393,.91711753
2394,.48053108
2395,-.01619564
2397,.08314971
2398,-.01619564
2402,-.51292236
2404,-.01619564
2407,-1.0857157
2408,-.01619564
2409,-.01619564
2410,-.6122677
2411,-.73666919
2414,.57987643
2417,
2418,.18249505
2419,-1.7232079
2421,.08314971
2422,.87791246
2423,.27138303
2425,.77856711
2428,
2429,
2431,-1.8861363
2434,1.6350448
2436,.28184039
2439,.18249505
2441,.57987643
2442,-.31423167
2447,-.41357702
2449,
2451,
2453,
2455,-2.5991746
2458,.77856711
2459,.38118574
2460,.9772578
2461,.9772578
2463,.13007975
2466,1.0278677
2467,
2468,.6880109
2469,
2470,.57987643
2477,1.9721885
2479,1.1983177
2480,1.9721885
2481,-.11554098
2483,-.51732867
2484,-1.4743947
2485,1.4306339
2487,.18249505
2490,
2492,1.5733299
2496,1.6350448
2497,.48053108
2498,
2499,
2500,.18249505
2503,-.51732867
2506,.48053108
2507,-.51292236
2508,.18249505
2511,
2513,1.3178702
2514,1.3746392
2515,-.51292236
2516,
2517,
2519,
2520,.08314971
2522,1.5733299
2523,.57987643
2524,-.6122677
2525,.57987643
2526,
2527,2.2718329
2530,
2533,
2534,
2535,-1.1422042
2536,.77856711
2537,
2541,
2542,1.5733299
2545,-.41357702
2546,
2548,
2552,.77856711
2558,-.31423167
2560,1.1121041
2562,1.3178702
2563,.13007975
2564,1.484966
2566,
2568,-.11554098
2569,.28184039
2573,.5294731
2574,-.73666919
2575,.38118574
2576,.18249505
2578,.48053108
2581,.77856711
2584,1.1983177
2585,
2589,-.31423167
2591,-.31423167
2593,1.2752938
2594,.57987643
2595,-.81095839
2596,-.31423167
2597,-.21488633
2598,1.0766031
2602,-2.5991746
2603,1.1121041
2604,
2605,-1.1422042
2606,.28184039
2608,-.41357702
2609,-.82756004
2611,-.01619564
2613,.57987643
2614,.08314971
2615,.43153904
2616,1.3746392
2618,1.2752938
2622,-1.8861363
2623,-.01619564
2624,-.6122677
2627,-2.5991746
2628,.48053108
2629,-1.2434262
2630,-.51292236
2631,-1.1422042
2633,
2637,1.6350448
2641,-2.5991746
2643,-2.4663357
2644,-.51292236
2648,-.08211183
2649,-2.5991746
2651,-.01619564
2652,.28184039
2658,-.82756004
2660,-.01619564
2661,-.6122677
2662,.08314971
2665,.48053108
2666,-.92546491
2668,-.01619564
2673,-.11554098
2676,.5294731
2677,.18249505
2678,-2.1973244
2682,.18249505
2683,1.3746392
2688,.18249505
2689,1.3178702
2690,-.51292236
2692,-.11554098
2693,.28184039
2694,
2695,-1.0096491
2696,-.11554098
2697,-2.4663357
2700,-.01619564
2701,.87791246
2702,-.11554098
2703,-1.0096491
2704,-1.6417375
2706,.43153904
2710,2.2718329
2711,.57987643
2713,.48053108
2714,1.2752938
2715,-.31423167
2716,
2719,-.51732867
2721,-1.0857157
2727,-.01619564
2728,
2730,1.1121041
2731,1.3746392
2732,-.31423167
2733,.18249505
2735,.18249505
2736,-1.1422042
2737,1.3178702
2738,.48053108
2741,.9772578
2742,-.41357702
2743,-.21488633
2747,-1.1422042
2752,-1.4743947
2753,.28184039
2755,.08314971
2756,
2758,1.2752938
2759,.48053108
2761,.9772578
2762,-.01619564
2765,1.2752938
2766,-.51292236
2773,
2774,
2775,.57987643
2776,.08314971
2778,.77856711
2779,-.82756004
2786,
2788,.77856711
2789,
2790,
2791,1.3746392
2794,
2795,
2798,-2.4663357
2799,.9772578
2800,-.73666919
2807,-.92546491
2808,
2810,-1.4743947
2813,.18249505
2814,-2.5991746
2819,1.1121041
2822,
2823,
2825,-1.6417375
2829,-.31423167
2830,
2831,
2833,-.51292236
2835,-.92546491
2846,
2850,
2851,-2.1973244
2854,.28184039
2857,
2858,-.6122677
2860,-.82756004
2862,-.01619564
2863,-.01619564
2866,.13007975
2867,.18249505
2868,
2871,1.1121041
2872,.91711753
2873,1.2752938
2874,2.2718329
2875,-.08211183
2876,.28184039
2880,1.6350448
2881,.77856711
2882,
2883,-.81095839
2884,-.31423167
2886,-.11554098
2888,-.6122677
2890,1.3746392
2891,-1.3076851
2893,
2895,-2.4663357
2896,-.6122677
2897,-1.4743947
2898,-.6122677
2899,.48053108
2900,-.01619564
2901,-1.6417375
2904,-.6122677
2906,.08314971
2907,.48053108
2908,-.01619564
2910,.38118574
2911,-.08211183
2915,.18249505
2916,1.3746392
2917,-.41357702
2918,1.3746392
2919,-.11554098
2920,
2921,-.51292236
2923,
2925,-.31423167
2926,-.31423167
2930,.28184039
2931,
2938,1.4306339
2939,1.3746392
2941,.48053108
2945,.28184039
2947,-2.1973244
2949,.18249505
2950,-.6122677
2951,-.31423167
2954,-.11554098
2955,-1.1422042
2957,.6880109
2959,-2.5991746
2960,
2963,.5294731
2964,
2965,-.6122677
2967,-2.1973244
2968,-1.0096491
2969,.6880109
2971,-2.1973244
2972,-.01619564
2973,
2975,-.21488633
2976,1.1121041
2977,-.41357702
2978,.18249505
2979,1.3746392
2980,.18249505
2981,.08314971
2983,.18249505
2984,.77856711
2988,.18249505
2990,-.21488633
2992,.6880109
2993,
2994,-.31423167
2995,.48053108
2996,.08314971
2999,
3001,.48053108
3003,-.6122677
3004,1.9721885
3008,.48053108
3011,
3015,.18249505
3016,.18249505
3019,.57987643
3020,-.51732867
3024,.18249505
3027,.9772578
3032,.57987643
3033,-.73666919
3034,.28184039
3035,-1.1422042
3036,
3038,.28184039
3042,-.39370787
3043,.91711753
3044,
3048,-.21488633
3053,.38118574
3055,-1.4743947
3056,-.41357702
3057,.38118574
3058,
3059,.82065086
3061,-.81095839
3063,-.92546491
3064,.18249505
3065,-2.1973244
3068,-.6122677
3069,
3072,1.2752938
3074,-.21488633
3075,-.31423167
3076,.13007975
3077,.28184039
3080,-1.7232079
3082,-.41357702
3084,-.31423167
3088,
3089,.08314971
3090,.18249505
3091,.77856711
3092,.77856711
3094,
3095,
3097,-.01619564
3098,-2.5991746
3101,
3102,-.01619564
3103,-1.8861363
3104,
3106,
3107,.77856711
3108,-2.5991746
3109,
3110,.18249505
3111,
3113,-.29396309
3114,
3119,
3120,.08314971
3121,1.762594
3122,-2.5991746
3127,-1.4743947
3128,.48053108
3130,-1.3076851
3131,.28184039
3135,-.73666919
3136,-.41357702
3137,.67922177
3138,.48053108
3139,-1.6417375
3141,.43153904
3142,.57987643
3143,1.6350448
3145,.18249505
3146,-1.2434262
3147,.18249505
3149,-.21488633
3150,-.51732867
3152,
3154,.48053108
3156,.48053108
3157,
3158,
3163,-.01619564
3167,.57987643
3171,1.6350448
3172,-1.4743947
3173,.18249505
3174,-2.5991746
3176,.77856711
3181,-.11554098
3184,1.4306339
3187,.18249505
3191,.48053108
3193,.91711753
3194,.38118574
3197,-.01619564
3198,.18249505
3201,.18249505
3202,-.51292236
3205,-1.6417375
3207,
3208,
3209,
3212,.9772578
3215,.28184039
3216,.77856711
3217,
3219,-.39370787
3220,-.51292236
3222,.77856711
3224,-.6122677
3226,-.01619564
3231,.28184039
3234,-1.8861363
3244,1.9721885
3245,
3246,.77856711
3247,.57987643
3253,-.31423167
3256,.43153904
3258,.77856711
3259,-1.1422042
3260,-2.4663357
3262,
3263,.48053108
3266,.08314971
3269,-1.2434262
3270,.18249505
3271,.28184039
3273,1.1121041
3274,.29911775
3275,
3281,.77856711
3283,-.6122677
3285,.57987643
3286,
3287,.57987643
3289,-2.5991746
3290,-.21488633
3293,-.01619564
3294,
3299,-2.4663357
3300,-.51292236
3301,
3304,
3305,-.51292236
3309,
3310,-.29396309
3311,-2.5991746
3314,
3315,-2.1973244
3321,-.01619564
3322,.77856711
3325,.43153904
3327,
3328,-2.5991746
3330,
3332,.48053108
3333,-.92546491
3335,.48053108
3336,
3338,
3340,-1.4743947
3341,.9772578
3343,.28184039
3344,-1.1422042
3347,.57987643
3350,-2.5991746
3351,.43153904
3352,-1.4743947
3354,-1.4743947
3356,
3359,
3362,
3366,-.11554098
3367,-.11554098
3369,
3370,-.01619564
3372,-2.4663357
3373,-1.4743947
3374,.48053108
3378,1.0766031
3379,.82065086
3382,-1.2434262
3384,-2.1973244
3385,-.01619564
3386,.43153904
3387,.18249505
3388,.18249505
3389,.28184039
3390,-2.4663357
3392,.18249505
3394,
3395,
3396,.38118574
3399,-.41357702
3400,-.21488633
3407,-1.4743947
3409,.38118574
3412,
3418,1.3178702
3419,-.41357702
3421,
3424,-2.5991746
3425,.28184039
3433,
3434,.77856711
3435,.28184039
3436,-1.7232079
3439,.18249505
3440,-1.1422042
3446,-.92546491
3447,-1.0857157
3448,.29911775
3449,2.2718329
3450,-1.0857157
3451,-.11554098
3454,.18249505
3456,1.3746392
3457,1.762594
3458,1.9721885
3459,-.82756004
3464,.18249505
3465,-.01619564
3466,-1.8861363
3467,-.11554098
3468,.9772578
3469,.48053108
3471,.87791246
3472,1.0766031
3473,.28184039
3474,-.82756004
3476,1.0278677
3482,-.82756004
3485,-2.5991746
3486,.28184039
3487,.91711753
3491,
3493,-.31423167
3495,-1.4743947
3496,-.01619564
3499,.29911775
3500,-.11554098
3502,.57987643
3505,-2.1973244
3508,-.01619564
3509,-1.6417375
3511,-.31423167
3513,-.31423167
3514,
3515,-.21488633
3516,.28184039
3518,-2.1973244
3520,.38118574
3523,1.2752938
3525,
3528,-.31423167
3530,1.6350448
3533,.48053108
3538,.29911775
3539,-.21488633
3543,.18249505
3544,.57987643
3545,.48053108
3546,.28184039
3547,-.6122677
3549,-.01619564
3551,-1.8861363
3554,.18249505
3556,1.9721885
3557,.43153904
3558,.9772578
3559,.28184039
3560,.28184039
3563,.43153904
3564,-.11554098
3565,.29911775
3568,-.01619564
3569,1.3178702
3570,-2.1973244
3571,-2.5991746
3572,
3573,-1.7232079
3574,1.9721885
3580,-1.8861363
3582,-.6122677
3584,.29911775
3587,.9772578
3589,.48053108
3591,1.0766031
3592,
3599,-.11554098
3602,-.51292236
3603,-1.4743947
3605,.9772578
3606,.77856711
3609,-.11554098
3610,
3616,
3618,
3620,.48053108
3621,
3622,
3623,-2.4663357
3625,.38118574
3626,-.51732867
3629,
3630,-2.5991746
3632,-.92546491
3635,-1.8861363
3636,-2.5991746
3640,-.01619564
3642,.77856711
3643,.9772578
3645,.77856711
3646,1.2752938
3647,-1.7232079
3649,-.31423167
3650,
3651,
3652,
3653,
3654,
3656,.18249505
3657,
3658,
3659,
3660,1.3178702
3663,.77856711
3664,.18249505
3665,-.6122677
3666,.77856711
3668,
3669,
3671,
3672,
3674,
3675,
3676,
3679,.9772578
3680,
3683,-1.1422042
3684,.5294731
3685,
3686,
3687,.28184039
3690,-.6122677
3692,-1.4743947
3693,.18249505
3695,-2.5991746
3698,
3701,-.81095839
3702,
3706,.38118574
3707,-2.4663357
3709,-1.6417375
3714,-.01619564
3715,.18249505
3719,-1.1422042
3721,
3723,.57987643
3724,
3725,.57987643
3728,1.2752938
3731,1.3178702
3732,-.51292236
3733,.08314971
3734,-.29396309
3737,-2.1973244
3738,.9772578
3743,
3746,.57987643
3749,-.01619564
3750,-2.5991746
3755,-.31423167
3757,
3759,.28184039
3760,-.6122677
3762,-.01619564
3763,-1.4743947
3768,.9772578
3769,1.2752938
3770,1.762594
3772,.18249505
3773,.48053108
3777,1.3746392
3780,.18249505
3781,-1.0857157
3783,.48053108
3785,-1.8861363
3787,1.2752938
3788,-2.5991746
3790,-.82756004
3792,.13007975
3793,-1.1422042
3794,
3795,-1.6417375
3796,-.01619564
3797,-.31423167
3800,-.6122677
3802,-.39370787
3805,.38118574
3808,-2.5991746
3809,.43153904
3811,-.81095839
3813,
3814,.18249505
3816,1.3746392
3817,
3826,
3827,.48053108
3829,-.31423167
3831,-.6122677
3834,
3835,
3836,
3839,.77856711
3840,-.51292236
3844,.87791246
3845,1.2752938
3848,1.0766031
3849,.57987643
3850,1.5733299
3851,.87791246
3852,.77856711
3854,.38118574
3857,.57987643
3858,
3859,-.29396309
3860,.48053108
3863,-1.4743947
3871,-2.5991746
3872,-1.2434262
3876,-.81095839
3877,
3878,.18249505
3880,
3881,.48053108
3882,-.01619564
3884,.48053108
3886,-1.4743947
3888,.57987643
3889,
3892,-2.5991746
3893,
3895,.77856711
3896,-.81095839
3898,
3902,.13007975
3903,-1.1422042
3904,-2.4663357
3908,
3910,
3914,
3915,1.2752938
3917,.28184039
3918,-.6122677
3921,-1.3076851
3923,-.81095839
3929,.13007975
3931,
3936,-.31423167
3938,.77856711
3942,
3944,.9772578
3946,
3947,.57987643
3949,-1.6417375
3950,
3951,-.11554098
3953,-.31423167
3956,.6880109
3957,-1.4743947
3958,-1.2434262
3959,-1.2434262
3960,.77856711
3961,.9772578
3962,.08314971
3967,1.0278677
3969,
3974,.57987643
3980,.9772578
3981,-1.3076851
3986,
3987,.08314971
3988,.48053108
3991,1.484966
3993,-1.7232079
3994,.38118574
3995,
3996,-.31423167
3997,-1.6417375
3998,.38118574
4001,
4002,.48053108
4003,
4004,.08314971
4005,.48053108
4006,.27138303
4007,
4008,.18249505
4009,-.01619564
4011,1.5733299
4013,1.5733299
4014,.28184039
4016,.9772578
4021,.77856711
4025,.18249505
4029,-.92546491
4030,.82065086
4031,-.82756004
4033,-.92546491
4037,.08314971
4038,.38118574
4041,.38118574
4043,-1.2434262
4044,-.6122677
4045,
4048,-1.4743947
4050,1.5733299
4051,.18249505
4054,.48053108
4056,
4057,-.51732867
4059,.08314971
4063,.28184039
4064,.57987643
4065,.77856711
4066,-.11554098
4068,
4070,
4072,.77856711
4073,.67922177
4077,-1.0857157
4079,-1.2434262
4080,.9772578
4084,1.762594
4085,
4086,
4087,-.01619564
4095,
4096,
4097,1.762594
4100,1.1983177
4101,
4106,-1.6417375
4107,
4108,.28184039
4109,.77856711
4110,-.11554098
4112,-.01619564
4113,1.762594
4119,-.41357702
4120,.28184039
4121,.08314971
4123,-.51292236
4125,.27138303
4126,-2.1973244
4128,.18249505
4129,.28184039
4131,-1.7232079
4133,.57987643
4134,-.51292236
4139,.48053108
4142,-.01619564
4144,.48053108
4149,.18249505
4150,1.2752938
4152,-.11554098
4153,.08314971
4154,
4155,
4156,-.08211183
4158,1.9721885
4160,1.2752938
4161,.67922177
4162,-1.7232079
4165,.38118574
4166,.18249505
4168,-.51292236
4171,.18249505
4172,-.21488633
4173,-.11554098
4176,-1.0857157
4179,-.6122677
4180,-2.5991746
4181,-.11554098
4184,-2.5991746
4187,.77856711
4188,.13007975
4189,
4190,-.81095839
4192,-.01619564
4193,2.2718329
4196,.28184039
4198,-.31423167
4199,.77856711
4202,.77856711
4204,1.4306339
4205,.28184039
4208,-.6122677
4209,-.11554098
4211,-.29396309
4214,.9772578
4217,1.484966
4221,.48053108
4222,
4225,
4226,
4228,
4230,
4232,
4233,
4237,-.82756004
4239,.77856711
4240,.28184039
4243,
4244,
4245,-1.3076851
4247,-.6122677
4251,
4252,-.6122677
4256,1.5733299
4258,-1.7232079
4259,1.2752938
4261,-.51732867
4263,.38118574
4265,1.484966
4266,.57987643
4267,.57987643
4268,-1.3076851
4269,.28184039
4270,-1.7232079
4274,-1.8861363
4275,-.6122677
4277,-.11554098
4278,-.51292236
4279,-.01619564
4280,.13007975
4284,-1.0096491
4285,-.51732867
4286,.82065086
4288,.18249505
4289,
4291,.18249505
4292,
4294,1.3178702
4295,.77856711
4296,1.4306339
4299,.28184039
4300,1.2752938
4302,
4305,-.11554098
4307,-.73666919
4310,-1.4743947
4311,.18249505
4312,-.6122677
4313,.28184039
4317,-2.4663357
4320,-2.5991746
4321,-1.1422042
4322,.48053108
4323,
4326,.9772578
4328,.18249505
4329,-.31423167
4331,.18249505
4332,-1.8861363
4334,-.39370787
4337,-1.6417375
4339,-1.0857157
4341,-.11554098
4342,-2.5991746
4344,-.41357702
4347,-.92546491
4349,-1.6417375
4352,1.3178702
4354,-2.4663357
4356,-1.2434262
4359,.48053108
4360,
4362,-.51292236
4363,-.82756004
4364,-.73666919
4374,-.6122677
4378,.48053108
4379,-.31423167
4381,.57987643
4383,.43153904
4385,.57987643
4386,.18249505
4387,-.81095839
4389,-1.4743947
4390,-1.7232079
4396,-1.4743947
4397,.27138303
4401,-1.4743947
4402,-.01619564
4403,-.92546491
4405,-.01619564
4407,-.41357702
4411,-.73666919
4413,-.92546491
4415,.77856711
4416,.28184039
4420,
4421,
4422,
4424,-1.2434262
4425,-.6122677
4426,-.6122677
4432,-.82756004
4436,-.41357702
4437,-.51292236
4440,
4441,.77856711
4444,.9772578
4445,.91711753
4446,-1.0857157
4448,.57987643
4450,.77856711
4451,1.3178702
4453,-2.5991746
4454,-2.5991746
4455,1.5733299
4456,.48053108
4457,1.4306339
4458,1.484966
4460,.18249505
4463,-2.5991746
4464,-1.4743947
4466,-1.8861363
4468,-1.4743947
4472,.08314971
4475,.13007975
4477,-.82756004
4479,-.01619564
4481,.08314971
4482,1.0766031
4483,-1.1422042
4484,.67922177
4485,
4486,
4489,-.81095839
4491,-.6122677
4492,.38118574
4494,-.21488633
4497,-2.5991746
4498,
4500,-1.0857157
4502,-.92546491
4503,.77856711
4505,
4506,1.5733299
4507,-.82756004
4509,
4511,-.31423167
4513,.18249505
4514,1.3178702
4515,-.11554098
4516,.77856711
4518,
4519,.08314971
4520,.28184039
4522,.38118574
4525,.5294731
4526,.57987643
4527,-.39370787
4528,.48053108
4530,-1.0096491
4533,.18249505
4535,.38118574
4537,.9772578
4540,.08314971
4543,-.51292236
4544,-1.0857157
4545,-.08211183
4546,.9772578
4547,.5294731
4551,-.31423167
4555,.38118574
4562,-2.1973244
4564,.9772578
4567,-1.3076851
4569,.18249505
4570,-.01619564
4571,-.01619564
4572,
4573,-.41357702
4574,.08314971
4576,
4577,
4580,-2.4663357
4582,-.31423167
4585,
4586,.82065086
4587,.77856711
4589,.48053108
4591,-.31423167
4592,1.484966
4596,-.82756004
4600,-.6122677
4602,-.6122677
4604,
4606,-2.5991746
4609,-.81095839
4613,-.51292236
4614,.18249505
4615,-.01619564
4616,
4617,-.51292236
4622,1.3746392
4623,.77856711
4624,-1.4743947
4625,-2.5991746
4627,-2.5991746
4629,.43153904
4631,-.08211183
4632,.08314971
4636,1.4306339
4637,
4638,.13007975
4639,-.21488633
4640,-.01619564
4641,-.51732867
4642,-.92546491
4643,.9772578
4644,1.9721885
4645,
4646,
4653,-1.1422042
4654,-1.6417375
4659,
4660,.28184039
4661,.38118574
4663,-.51292236
4665,
4666,.08314971
4668,-1.1422042
4669,-.51292236
4679,-.39370787
4680,.28184039
4681,.28184039
4682,-2.5991746
4690,-.51292236
4691,.27138303
4692,
4693,-.41357702
4701,-1.4743947
4702,1.0278677
4703,.77856711
4705,
4709,-1.6417375
4710,.18249505
4712,.28184039
4713,-.51292236
4717,-.73666919
4724,.48053108
4727,-2.4663357
4731,.57987643
4734,-1.8861363
4735,
4736,.57987643
4737,.38118574
4740,.38118574
4743,-.41357702
4744,
4745,-2.1973244
4746,.67922177
4749,.5294731
4750,-.31423167
4751,.91711753
4752,-1.2434262
4759,.57987643
4762,-.01619564
4763,.28184039
4764,
4765,-.6122677
4766,
4769,
4774,-.51732867
4776,.57987643
4780,
4781,-2.5991746
4782,
4787,1.3746392
4788,.9772578
4790,1.6350448
4791,
4793,
4794,
4798,-.11554098
4799,.18249505
4800,-2.5991746
4803,-.01619564
4805,-1.0096491
4808,
4810,-1.0096491
4813,.6880109
4814,.57987643
4817,1.0278677
4818,.9772578
4819,.43153904
4820,.57987643
4824,-1.3076851
4826,1.2752938
4827,-.11554098
4830,-.11554098
4831,
4832,.38118574
4833,1.3746392
4835,.77856711
4836,-.6122677
4839,-.73666919
4840,-2.1973244
4844,-1.8861363
4845,.48053108
4847,-2.4663357
4848,.18249505
4849,-.6122677
4851,.38118574
4853,-.21488633
4861,
4863,1.4306339
4864,.82065086
4866,1.3746392
4869,.28184039
4870,1.2752938
4872,.38118574
4874,-.31423167
4883,-.01619564
4884,.18249505
4886,-2.4663357
4887,.27138303
4889,-.31423167
4890,.48053108
4891,
4892,-.01619564
4894,-.31423167
4896,-.01619564
4897,-.01619564
4900,-.39370787
4902,-.11554098
4906,.57987643
4907,.57987643
4908,-1.8861363
4909,-.51292236
4910,-.6122677
4911,.18249505
4912,-2.5991746
4913,-.21488633
4914,
4916,.18249505
4918,-1.1422042
4919,1.9721885
4920,.43153904
4921,.82065086
4922,-.6122677
4927,1.6350448
4928,.5294731
4929,
4930,
4931,.5294731
4932,.27138303
4934,-.6122677
4936,-.08211183
4937,.38118574
4939,.9772578
4940,.91711753
4942,.77856711
4943,.27138303
4945,
4946,.57987643
4947,.18249505
4948,-.92546491
4950,-1.0096491
4951,
4953,.08314971
4954,-1.7232079
4957,
4965,-2.5991746
4970,-.01619564
4971,.28184039
4972,-1.0096491
4975,-1.8861363
4977,.18249505
4980,
4981,.08314971
4983,.91711753
4984,-.51732867
4986,-.41357702
4987,.67922177
4989,
4992,-.29396309
4997,-.51732867
5000,
5002,
5004,
5006,
5010,.57987643
5012,-.73666919
5013,-.11554098
5014,.48053108
5019,-.51732867
5020,.48053108
5023,.28184039
5026,-.51292236
5028,.13007975
5029,-.31423167
5030,.38118574
5031,1.484966
5033,-2.1973244
5034,
5036,
5037,
5038,.28184039
5041,-.11554098
5042,.27138303
5044,
5045,1.3746392
5047,.57987643
5050,
5052,-.6122677
5053,-.41357702
5055,-2.1973244
5056,
5058,
5059,
5061,
5062,
5063,
5064,
5065,
5066,
5067,
5070,-2.5991746
5071,-2.5991746
5074,
5076,
5077,1.3178702
5080,.48053108
5081,-.08211183
5084,.38118574
5088,-1.0857157
5090,-.21488633
5093,-1.7232079
5094,.28184039
5100,1.5733299
5102,-.41357702
5103,
5105,.27138303
5106,.18249505
5107,
5108,.28184039
5109,-.6122677
5110,-1.0096491
5112,-.08211183
5116,.18249505
5117,-.31423167
5119,
5120,-.51292236
5121,
5122,-.73666919
5124,-.81095839
5127,.9772578
5132,1.0278677
5133,.77856711
5134,-1.1422042
5135,-2.5991746
5136,.67922177
5139,.48053108
5142,.38118574
5144,.28184039
5145,-2.5991746
5147,
5148,
5150,.28184039
5153,.48053108
5155,1.762594
5156,.48053108
5157,-.6122677
5159,1.0766031
5161,-.11554098
5162,.48053108
5164,-2.4663357
5165,1.5733299
5166,.38118574
5170,-.51732867
5172,.48053108
5174,1.2752938
5178,1.3178702
5180,.87791246
5181,.08314971
5183,.87791246
5184,.9772578
5188,1.3746392
5191,1.762594
5197,1.1983177
5199,
5201,.28184039
5209,.27138303
5211,-.73666919
5213,-1.3076851
5214,-.6122677
5218,-1.8861363
5220,.57987643
5222,-1.8861363
5223,-1.6417375
5224,-.01619564
5226,
5229,.18249505
5231,-.31423167
5234,.9772578
5235,
5238,1.0766031
5240,.08314971
5244,.48053108
5245,-1.0096491
5246,1.484966
5248,-2.4663357
5249,-.11554098
5250,.38118574
5252,.77856711
5254,
5255,
5258,.28184039
5259,-.31423167
5260,-.11554098
5262,-1.2434262
5266,
5268,.48053108
5271,.13007975
5273,-.01619564
5275,
5277,
5278,-.08211183
5279,.57987643
5282,-1.6417375
5283,-.81095839
5284,-1.8861363
5286,-2.5991746
5287,-.11554098
5288,-.6122677
5292,
5301,.28184039
5305,
5306,1.3178702
5308,-.21488633
5309,1.1121041
5312,-.01619564
5313,-.6122677
5314,-1.6417375
5316,-.6122677
5321,.28184039
5322,-.51732867
5323,.18249505
5325,
5327,.08314971
5329,-2.5991746
5330,.48053108
5331,
5332,1.762594
5336,-1.3076851
5337,-.11554098
5339,-2.5991746
5341,-.29396309
5342,.57987643
5345,1.6350448
5347,-.08211183
5348,-.51732867
5349,-.6122677
5350,-.01619564
5352,.77856711
5353,.29911775
5354,.43153904
5355,-.11554098
5356,1.0766031
5357,.29911775
5360,.48053108
5362,.5294731
5363,1.1121041
5364,-2.4663357
5366,.38118574
5368,-1.2434262
5370,
5371,
5373,
5374,
5375,-.6122677
5376,-.29396309
5377,-.39370787
5379,-.21488633
5380,1.762594
5383,.57987643
5384,-2.5991746
5385,-.11554098
5391,-1.7232079
5393,.77856711
5395,
5396,-.6122677
5400,.48053108
5406,-.31423167
5407,-.82756004
5408,1.3746392
5409,.18249505
5415,.48053108
5417,
5420,-1.4743947
5423,.67922177
5426,-1.6417375
5427,-.01619564
5428,1.6350448
5429,-1.2434262
5431,.57987643
5433,1.0278677
5434,
5435,
5436,-1.0857157
5437,.27138303
5438,.18249505
5439,-.82756004
5440,-.01619564
5441,-2.4663357
5442,-2.1973244
5443,
5445,.77856711
5447,-.51292236
5449,
5450,-.39370787
5453,-.31423167
5455,-1.8861363
5458,.18249505
5459,-.6122677
5461,-1.8861363
5462,-1.7232079
5464,.08314971
5471,.08314971
5474,.28184039
5481,1.1983177
5483,1.3178702
5484,.57987643
5486,
5488,-1.2434262
5491,.18249505
5492,.9772578
5494,.82065086
5497,
5499,-1.1422042
5500,-.11554098
5502,-.29396309
5509,1.762594
5510,.5294731
5511,-2.5991746
5512,.18249505
5515,-.21488633
5516,.87791246
5517,
5518,-1.2434262
5519,-2.5991746
5520,-.01619564
5521,-1.0096491
5522,-1.1422042
5523,-.31423167
5524,1.2752938
5525,.48053108
5529,.08314971
5532,-.31423167
5533,1.3746392
5536,.5294731
5537,1.0766031
5538,-.21488633
5539,.48053108
5541,
5542,.87791246
5545,-.6122677
5546,.48053108
5547,-2.5991746
5549,-2.5991746
5550,-2.5991746
5552,.5294731
5553,-.82756004
5554,
5555,-2.1973244
5556,.08314971
5557,.08314971
5561,-.11554098
5566,-.73666919
5568,-.29396309
5569,-1.4743947
5574,.57987643
5577,.77856711
5579,.57987643
5581,1.3178702
5582,
5586,.38118574
5588,
5591,-1.8861363
5592,
5593,-1.1422042
5595,-.11554098
5596,1.1121041
5598,-.81095839
5599,-.41357702
5600,-.6122677
5602,-.11554098
5604,.87791246
5605,
5607,.18249505
5609,-.21488633
5611,.48053108
5612,-1.3076851
5614,-2.5991746
5617,
5619,.08314971
5626,-.01619564
5627,
5629,.08314971
5630,.48053108
5631,-1.8861363
5635,.18249505
5636,.57987643
5639,-.29396309
5640,.77856711
5643,
5650,
5651,-.21488633
5652,.6880109
5654,
5657,-2.4663357
5658,
5660,-1.3076851
5666,
5669,.08314971
5670,1.5733299
5671,-.6122677
5673,
5675,
5676,
5678,
5680,-.81095839
5682,
5687,.18249505
5689,-1.0096491
5692,-.51292236
5693,
5696,-2.5991746
5698,.67922177
5699,.48053108
5701,-1.3076851
5703,-.29396309
5704,-.11554098
5709,-1.6417375
5713,1.5733299
5715,-1.1422042
5716,-2.4663357
5721,-1.0857157
5723,
5724,-.01619564
5726,-1.0857157
5729,-.11554098
5730,-2.5991746
5731,-.82756004
5734,-1.2434262
5736,-.21488633
5737,-2.4663357
5742,.08314971
5743,1.6350448
5744,.82065086
5746,-2.1973244
5747,
5749,-.29396309
5750,
5751,-.92546491
5754,
5755,-.01619564
5756,
5758,
5759,.87791246
5760,
5765,-.29396309
5766,-.29396309
5769,-.51292236
5771,-.11554098
5774,
5776,-.6122677
5777,-.01619564
5779,
5780,
5781,-1.0857157
5782,-1.0096491
5784,
5786,.13007975
5789,-2.4663357
5790,.28184039
5791,-1.0096491
5793,-.11554098
5794,-.31423167
5795,
5798,.18249505
5802,.18249505
5804,-1.2434262
5805,
5806,.38118574
5809,-1.4743947
5813,
5815,.18249505
5816,-2.5991746
5817,-1.2434262
5821,-.31423167
5823,-1.3076851
5825,
5828,-.6122677
5829,
5831,-2.4663357
5833,-2.5991746
5835,-1.8861363
5837,-.01619564
5838,-.92546491
5841,-1.8861363
5842,.91711753
5847,-.6122677
5848,
5849,-.51732867
5850,-2.1973244
5852,-1.6417375
5857,
5861,-.11554098
5862,-1.8861363
5866,.77856711
5867,.18249505
5868,.6880109
5869,-1.7232079
5872,
5874,-.6122677
5876,
5882,
5883,.87791246
5887,
5894,-2.5991746
5896,-2.4663357
5899,.48053108
5903,
5906,.38118574
5907,.28184039
5908,-.11554098
5913,
5918,
5920,-1.7232079
5921,
5922,1.4306339
5923,-1.0857157
5924,.13007975
5926,
5927,-.81095839
5931,.18249505
5932,
5935,-.29396309
5936,-1.4743947
5940,
5941,.48053108
5947,.9772578
5948,-.92546491
5950,.5294731
5952,.08314971
5953,-1.8861363
5954,-.31423167
5956,
5959,.18249505
5961,-1.1422042
5962,.48053108
5963,.57987643
5964,.57987643
5967,
5969,.82065086
5970,.48053108
5976,
5977,-.82756004
5982,-.08211183
5983,-.6122677
5984,-.82756004
5986,1.2752938
5989,-.73666919
5990,-.11554098
5995,.38118574
5997,-.92546491
5998,-.01619564
5999,-1.6417375
6000,1.762594
6001,-1.0096491
6002,-.11554098
6003,.28184039
6004,1.3746392
6009,-.31423167
6011,-2.5991746
6015,-1.1422042
6017,-2.5991746
6018,-1.7232079
6020,.13007975
6021,.9772578
6022,-.51292236
6023,.27138303
6025,-1.0096491
6026,-.21488633
6031,
6037,-.92546491
6038,.77856711
6040,-1.8861363
6041,.29911775
6042,-.29396309
6045,
6046,-1.2434262
6049,
6050,
6052,
6054,-.82756004
6059,-.51732867
6060,-.81095839
6061,-1.7232079
6062,-1.3076851
6064,-.81095839
6066,
6068,.57987643
6069,
6070,.18249505
6072,
6073,.28184039
6074,1.484966
6075,-.51292236
6078,.6880109
6082,-.01619564
6083,-.51292236
6084,
6085,.38118574
6088,-.11554098
6089,-.51732867
6091,-1.3076851
6094,
6096,.48053108
6097,.43153904
6098,-1.2434262
6100,
6101,
6103,
6104,
6106,-.81095839
6108,.77856711
6111,.48053108
6113,.38118574
6116,-.31423167
6118,.9772578
6119,.48053108
6120,.67922177
6121,-.31423167
6123,.18249505
6125,.18249505
6129,
6130,
6131,
6133,.57987643
6134,1.1121041
6143,-.01619564
6145,
6149,-.08211183
6151,.77856711
6153,1.3746392
6154,
6158,.77856711
6163,-.08211183
6165,-1.0096491
6172,
6174,.48053108
6176,
6181,.18249505
6182,-.31423167
6184,-.29396309
6185,-.39370787
6187,1.9721885
6191,1.0766031
6192,
6193,-1.3076851
6195,-1.6417375
6196,-1.3076851
6200,.08314971
6204,-.21488633
6205,-2.4663357
6206,-.31423167
6207,-.29396309
6210,.38118574
6213,1.1121041
6214,.18249505
6215,1.9721885
6216,-1.6417375
6218,-.01619564
6219,.48053108
6220,.18249505
6222,
6223,-.01619564
6224,.28184039
6229,.08314971
6230,.18249505
6231,.57987643
6234,1.0766031
6236,-.01619564
6237,-2.5991746
6238,.57987643
6240,.38118574
6245,-.08211183
6247,.27138303
6248,.6880109
6250,.27138303
6251,.57987643
6252,1.0766031
6254,-1.7232079
6256,-.81095839
6257,-1.4743947
6261,.9772578
6263,1.5733299
6264,
6267,
6272,.18249505
6273,
6274,.28184039
6276,-1.0096491
6282,-.31423167
6283,-1.3076851
6285,
6286,.48053108
6288,
6292,-.21488633
6293,.91711753
6296,-.11554098
6297,-.39370787
6298,.08314971
6302,.18249505
6303,-2.5991746
6307,
6309,-.92546491
6311,.18249505
6314,-2.5991746
6316,.08314971
6317,-.41357702
6318,-.11554098
6320,-.81095839
6321,-.11554098
6324,-.21488633
6325,.67922177
6326,-.01619564
6327,-2.4663357
6331,.08314971
6332,.28184039
6334,
6337,
6338,-2.5991746
6340,-2.5991746
6342,
6343,
6344,-.08211183
6347,-.31423167
6348,-.6122677
6352,.48053108
6353,-1.6417375
6354,1.3178702
6357,.13007975
6361,-1.4743947
6362,.48053108
6363,
6364,-.08211183
6366,-1.6417375
6371,
6377,.08314971
6381,-.11554098
6383,.67922177
6384,.18249505
6385,-.11554098
6387,-.31423167
6388,-.01619564
6389,.29911775
6391,1.0766031
6392,1.2752938
6393,-.81095839
6396,-.01619564
6397,.28184039
6398,
6402,-.81095839
6403,.77856711
6404,
6405,.9772578
6406,-.39370787
6409,.77856711
6410,.57987643
6411,-.73666919
6412,.08314971
6415,.28184039
6416,.18249505
6417,
6423,.57987643
6425,-1.2434262
6430,-.39370787
6432,.48053108
6433,.13007975
6434,-.11554098
6435,.48053108
6438,.77856711
6439,1.3178702
6441,.67922177
6442,.6880109
6443,1.9721885
6445,-.11554098
6446,
6449,.28184039
6450,
6452,
6453,.38118574
6454,-.21488633
6455,-.6122677
6459,
6460,-.39370787
6461,-1.8861363
6462,-2.5991746
6464,-2.4663357
6466,-2.5991746
6471,-1.0857157
6472,.38118574
6476,.27138303
6478,1.3178702
6479,-1.7232079
6480,-.51292236
6481,-.51732867
6485,-.01619564
6486,.08314971
6488,.08314971
6494,.18249505
6495,.57987643
6496,-1.3076851
6497,-1.3076851
6502,.91711753
6503,1.1983177
6504,.82065086
6505,
6507,
6510,1.2752938
6512,1.0278677
6517,-.39370787
6522,
6525,-.21488633
6526,
6529,1.1121041
6530,-1.6417375
6531,-.11554098
6532,
6533,
6534,
6537,-1.3076851
6538,.5294731
6539,-1.1422042
6543,-1.1422042
6545,
6547,-2.5991746
6551,1.1983177
6552,.38118574
6553,.57987643
6554,-.11554098
6555,-.11554098
6556,-2.5991746
6559,-2.1973244
6562,
6563,-2.5991746
6565,1.5733299
6569,-.31423167
6570,-1.3076851
6571,-.6122677
6576,-1.1422042
6577,.38118574
6578,-.41357702
6583,-1.4743947
6585,-1.3076851
6587,.38118574
6593,
6595,
6596,.28184039
6597,
6600,
6602,
6604,.57987643
6606,
6607,-.92546491
6608,-.41357702
6609,-1.4743947
6610,
6611,
6612,
6613,
6614,
6619,
6620,.6880109
6621,
6622,-.01619564
6623,
6625,
6630,
6634,.57987643
6637,
6640,
6641,
6642,.13007975
6643,-.41357702
6644,-1.7232079
6647,-.11554098
6654,
6655,.13007975
6656,-1.7232079
6657,
6658,
6661,
6662,
6664,.28184039
6668,
6669,
6670,
6672,
6674,-.31423167
6675,
6676,-.39370787
6677,
6679,
6680,-1.7232079
6681,-1.7232079
6683,.38118574
6684,
6685,
6686,
6690,
6693,
6694,
6695,
6697,
6699,
6701,-.73666919
6702,-1.4743947
6703,
6704,
6705,
6708,
6709,.38118574
6710,.08314971
6715,
6717,
6719,
6720,
6723,
6724,
6726,
6728,-2.5991746
6729,-.51292236
6732,
6733,
6734,-.39370787
6738,.28184039
6739,
6740,-1.8861363
6742,.18249505
6743,
6744,.08314971
6745,-1.3076851
6747,1.0278677
6755,
6758,-1.4743947
6759,-.11554098
6761,-1.6417375
6762,.87791246
6764,
6767,.08314971
6768,-2.5991746
6770,.18249505
6772,-1.0857157
6773,.28184039
6778,-.01619564
6779,-1.1422042
6780,
6783,-.51732867
6784,-2.5991746
6787,-.92546491
6789,-2.5991746
6790,.6880109
6792,-2.1973244
6796,-1.8861363
6797,-1.7232079
6798,-.82756004
6800,
6802,
6804,-.11554098
6806,.57987643
6812,-.11554098
6814,
6816,-2.4663357
6819,-.21488633
6824,-.21488633
6826,-.08211183
6827,-.31423167
6828,-.6122677
6830,
6833,
6836,
6837,
6841,.08314971
6843,
6844,-2.5991746
6845,-1.0096491
6846,.08314971
6847,-1.3076851
6848,
6850,-.01619564
6853,
6854,
6856,-1.8861363
6859,.43153904
6860,.48053108
6861,1.0278677
6862,1.2752938
6863,.28184039
6865,-2.5991746
6867,-.01619564
6870,-.81095839
6871,-1.1422042
6872,-2.5991746
6873,-.31423167
6875,.28184039
6876,-.08211183
6877,
6878,
6879,-.29396309
6886,.18249505
6887,-2.5991746
6888,.43153904
6892,
6894,-2.4663357
6899,-1.1422042
6901,-1.0096491
6904,-.21488633
6907,
6910,1.9721885
6911,.57987643
6912,.18249505
6915,-.82756004
6918,-1.3076851
6922,-.81095839
6926,
6927,
6928,-2.4663357
6929,-.11554098
6932,
6934,-.11554098
6939,.48053108
6940,.91711753
6941,.29911775
6942,.48053108
6943,.18249505
6950,.57987643
6954,-2.5991746
6957,.77856711
6958,
6959,
6960,
6961,-1.1422042
6963,
6966,.48053108
6968,
6969,-1.2434262
6970,
6973,-.92546491
6974,-.21488633
6975,-2.5991746
6977,-1.7232079
6979,
6982,.77856711
6983,
6984,
6988,-2.5991746
6990,-.73666919
6992,-.73666919
6993,.48053108
6994,-1.2434262
6995,.18249505
6997,-2.5991746
6999,
7001,
7002,.28184039
7005,
7008,
7009,-1.0857157
7015,-1.8861363
7016,-1.4743947
7019,-1.8861363
7020,
7022,-2.5991746
7023,-.81095839
7025,
7027,-.51732867
7028,-.6122677
7029,-2.1973244
7030,.77856711
7031,
7033,
7039,-.11554098
7040,-1.0857157
7043,-1.6417375
7044,.9772578
7045,
7046,1.2752938
7047,-1.0096491
7049,-.6122677
7051,.29911775
7052,-1.2434262
7055,-.73666919
7056,-1.6417375
7061,-.21488633
7062,1.1983177
7065,-1.8861363
7067,-1.7232079
7068,-1.6417375
7071,
7074,-.29396309
7076,.18249505
7077,-.51732867
7078,1.3746392
7080,.28184039
7085,-.11554098
7087,
7092,-.6122677
7093,
7095,-.82756004
7097,1.3178702
7100,
7101,.38118574
7102,1.3178702
7103,-.82756004
7104,
7108,.38118574
7109,-.73666919
7113,-.01619564
7114,-1.3076851
7115,.57987643
7116,-1.3076851
7119,
7126,-.51292236
7127,-2.5991746
7128,-.31423167
7129,
7130,
7131,
7134,-.01619564
7135,.6880109
7138,.08314971
7141,-1.1422042
7143,.38118574
7146,.18249505
7149,-.31423167
7150,-2.5991746
7153,-.73666919
7155,1.9721885
7156,
7157,
7159,-.01619564
7160,
7163,.87791246
7165,
7167,-.31423167
7168,1.2752938
7170,.18249505
7171,-.6122677
7174,.18249505
7179,-1.3076851
7181,
7184,-.41357702
7186,1.484966
7190,.48053108
7191,.28184039
7193,.48053108
7195,-.92546491
7196,1.9721885
7197,1.1121041
7201,.82065086
7202,-1.8861363
7203,
7205,
7206,1.484966
7207,
7209,.38118574
7210,.18249505
7212,
7214,
7216,
7219,-.6122677
7220,-1.4743947
7221,
7222,1.3746392
7223,-.11554098
7224,-.21488633
7225,
7227,-.92546491
7228,
7229,-.08211183
7231,
7233,-1.4743947
7234,-1.3076851
7238,
7239,
7242,.6880109
7245,
7246,.38118574
7247,-1.4743947
7248,-.51732867
7249,-2.1973244
7250,
7251,-2.5991746
7252,1.2752938
7253,
7254,.82065086
7255,-1.1422042
7256,
7257,-.01619564
7259,1.1121041
7260,.29911775
7261,-1.4743947
7265,
7266,-.11554098
7267,-.81095839
7271,.57987643
7272,-1.7232079
7274,-1.6417375
7276,-.31423167
7277,.77856711
7278,.18249505
7280,
7282,.08314971
7283,
7285,.6880109
7287,
7288,-1.2434262
7289,-.31423167
7290,-.39370787
7292,-1.0857157
7297,
7298,
7299,
7300,
7307,-.73666919
7308,.57987643
7309,1.0278677
7310,.27138303
7311,
7312,
7314,-.29396309
7315,
7316,-2.5991746
7320,
7322,-.11554098
7323,-.6122677
7325,.38118574
7326,
7331,-2.1973244
7332,.28184039
7334,.18249505
7335,.18249505
7336,.28184039
7337,-.01619564
7338,-.11554098
7339,2.2718329
7342,.67922177
7343,-1.4743947
7345,-.81095839
7346,-1.0857157
7347,.48053108
7349,-.29396309
7350,-.6122677
7352,-.11554098
7353,-1.6417375
7354,-.11554098
7355,-.29396309
7356,-.51292236
7358,.18249505
7360,.38118574
7361,-1.3076851
7362,1.484966
7363,
7364,-2.5991746
7369,-.11554098
7372,-2.1973244
7375,.08314971
7376,.18249505
7377,.28184039
7383,1.5733299
7386,-.21488633
7387,-2.5991746
7389,.38118574
7393,
7394,1.9721885
7396,.18249505
7397,-1.7232079
7398,
7402,-.01619564
7403,-.01619564
7405,
7412,-1.1422042
7413,
7415,-.92546491
7416,
7417,-2.1973244
7418,
7421,.57987643
7423,
7424,.18249505
7425,-2.4663357
7426,-2.1973244
7427,-1.2434262
7428,-1.0096491
7430,-1.8861363
7431,
7433,-.31423167
7435,.57987643
7436,-.51732867
7439,-1.8861363
7441,.6880109
7442,.9772578
7447,
7448,-.82756004
7449,-1.6417375
7451,
7453,
7455,-1.0857157
7457,.38118574
7458,-.6122677
7459,-2.4663357
7461,-2.1973244
7462,-1.0857157
7463,.18249505
7464,-.6122677
7465,-.29396309
7466,
7471,-.29396309
7472,.18249505
7473,-.11554098
7474,.48053108
7475,
7476,-.11554098
7481,.28184039
7483,-.11554098
7484,-.39370787
7485,-.01619564
7488,
7490,
7497,-.01619564
7498,-2.4663357
7500,-.39370787
7502,-.11554098
7503,.28184039
7505,
7506,.18249505
7507,.57987643
7510,.9772578
7515,.38118574
7516,1.1121041
7518,.13007975
7522,-.92546491
7523,-.01619564
7524,-1.7232079
7526,
7529,
7532,-1.1422042
7537,-.51292236
7538,-.01619564
7540,-.51292236
7542,
7544,
7547,-.6122677
7548,.48053108
7549,-.31423167
7550,1.3746392
7552,.28184039
7553,.67922177
7554,-.31423167
7558,-2.5991746
7560,-.6122677
7561,-.92546491
7562,-2.5991746
7564,-.01619564
7565,-.31423167
7566,.18249505
7567,-1.0857157
7568,.27138303
7569,.13007975
7570,.08314971
7572,
7573,
7578,.38118574
7581,.38118574
7583,
7585,-.31423167
7589,.28184039
7594,-.73666919
7595,.77856711
7596,-.29396309
7597,-1.3076851
7599,.18249505
7600,-1.4743947
7602,.18249505
7604,-1.4743947
7607,-.39370787
7615,.38118574
7620,
7621,-.01619564
7624,
7627,-2.1973244
7629,
7630,-1.1422042
7631,-1.8861363
7638,
7640,
7641,-2.5991746
7642,-.11554098
7643,-.21488633
7645,-.11554098
7648,-1.6417375
7649,-.82756004
7651,.77856711
7656,-.11554098
7658,
7660,.57987643
7661,-1.0096491
7663,
7664,
7667,-1.0096491
7669,
7670,
7672,
7673,
7674,
7675,-.39370787
7676,-.01619564
7677,-.6122677
7678,-2.1973244
7680,
7691,
7693,-.73666919
7696,
7699,
7700,
7703,
7704,.77856711
7706,1.0278677
7710,-1.7232079
7712,
7714,
7718,
7721,
7722,-.51292236
7723,.57987643
7725,
7726,
7727,-.51292236
7729,-2.4663357
7731,-.29396309
7733,-2.5991746
7735,-2.4663357
7737,-.11554098
7739,-1.0096491
7742,-.08211183
7744,.18249505
7745,-.51292236
7746,-.73666919
7747,-1.7232079
7748,.87791246
7749,-2.4663357
7750,-2.1973244
7751,-2.4663357
7752,-.41357702
7753,
7755,
7757,.57987643
7759,-.51292236
7760,-.51292236
7761,-.82756004
7763,-.6122677
7768,-.11554098
7771,-.92546491
7772,-.08211183
7775,
7776,
7778,
7779,.67922177
7783,-1.6417375
7784,-.11554098
7785,
7786,
7788,
7789,
7790,-.11554098
7791,
7796,-2.1973244
7797,-1.4743947
7799,.29911775
7800,-.21488633
7802,-1.0096491
7803,.29911775
7805,-.41357702
7806,.57987643
7807,-1.6417375
7808,
7810,.48053108
7812,
7818,.57987643
7820,.28184039
7821,.43153904
7822,-.51732867
7825,.57987643
7827,
7831,-.82756004
7832,-1.0096491
7833,
7834,.9772578
7835,-1.6417375
7838,
7839,-.11554098
7845,.48053108
7847,-.73666919
7848,-2.5991746
7849,.57987643
7850,.18249505
7854,-.01619564
7855,-.21488633
7859,-.41357702
7860,
7861,1.5733299
7862,-1.8861363
7864,
7865,-1.8861363
7866,-.11554098
7867,
7869,-.31423167
7875,-.6122677
7876,-2.5991746
7879,
7881,-2.5991746
7882,
7883,-.01619564
7884,-.31423167
7885,-1.3076851
7889,-2.5991746
7890,-1.7232079
7891,-2.5991746
7893,.43153904
7894,-.6122677
7897,
7898,.9772578
7900,
7902,-1.2434262
7905,-1.4743947
7910,-1.4743947
7912,.6880109
7913,
7914,
7915,.67922177
7916,
7917,
7919,-2.1973244
7921,
7928,-2.5991746
7929,-1.4743947
7930,-.6122677
7933,.28184039
7934,.38118574
7935,1.3178702
7936,.87791246
7940,
7943,
7944,
7948,.9772578
7949,
7952,-.6122677
7953,-1.6417375
7955,-.08211183
7956,-2.1973244
7963,-1.0857157
7965,-1.7232079
7967,.28184039
7968,.38118574
7969,
7970,
7971,
7972,-1.0096491
7973,.08314971
7974,
7975,
7981,-.11554098
7982,
7983,.28184039
7984,-.11554098
7988,-.6122677
7990,
7991,
7993,-.31423167
7994,-.51292236
7997,-1.2434262
7998,-1.7232079
8001,-.01619564
8002,
8003,-2.4663357
8004,-.51292236
8005,
8015,
8016,-2.4663357
8025,-1.4743947
8026,-.11554098
8028,.28184039
8029,-.01619564
8031,-2.5991746
8032,-.6122677
8034,-.82756004
8035,
8036,
8038,-1.0857157
8040,
8041,
8042,1.0278677
8043,
8045,
8046,-2.5991746
8047,-1.7232079
8049,
8050,-.31423167
8051,-.21488633
8052,
8053,.28184039
8055,-.6122677
8057,-.51292236
8058,
8059,-.31423167
8062,-1.6417375
8063,
8065,
8071,-1.8861363
8072,.18249505
8073,-.92546491
8076,
8077,1.3746392
8078,.91711753
8087,.91711753
8088,-1.4743947
8090,
8094,
8099,-1.2434262
8100,
8101,
8102,1.0766031
8104,
8105,-.31423167
8108,-.73666919
8109,-.81095839
8110,-2.4663357
8124,-.01619564
8126,
8129,-.51292236
8130,.67922177
8132,-.73666919
8135,.18249505
8136,-.31423167
8137,-2.5991746
8138,-.6122677
8142,-2.1973244
8145,-1.7232079
8148,.18249505
8149,.77856711
8150,-2.5991746
8151,1.2752938
8152,.57987643
8153,-.81095839
8154,-.31423167
8156,-1.4743947
8157,-2.5991746
8158,-.01619564
8159,
8160,-.29396309
8161,-.92546491
8162,-.11554098
8164,-2.5991746
8165,.57987643
8166,-2.5991746
8168,.57987643
8169,-.82756004
8171,.57987643
8172,-.6122677
8173,
8174,-1.6417375
8177,1.2752938
8179,.28184039
8180,-.73666919
8181,.38118574
8186,.48053108
8187,-.11554098
8190,.87791246
8191,.18249505
8192,
8193,
8194,.27138303
8196,
8197,-.01619564
8198,-.82756004
8199,-2.1973244
8200,-1.0857157
8206,-.81095839
8209,.28184039
8213,.08314971
8214,-.6122677
8216,.48053108
8220,-.6122677
8221,
8222,-1.8861363
8223,.77856711
8224,.82065086
8227,-.11554098
8228,.48053108
8229,.28184039
8231,
8234,.08314971
8236,-2.5991746
8238,-.01619564
8241,-.21488633
8243,-1.3076851
8246,
8247,-.82756004
8250,1.2752938
8252,-2.5991746
8253,.57987643
8260,.28184039
8261,.48053108
8262,-.92546491
8263,
8266,.57987643
8267,-.39370787
8268,-1.1422042
8269,-1.2434262
8270,-2.5991746
8274,
8275,.08314971
8278,.77856711
8279,-2.5991746
8280,-.31423167
8282,.77856711
8284,.9772578
8285,.48053108
8287,-.82756004
8291,-.51292236
8294,-2.4663357
8295,
8298,-.08211183
8302,
8305,
8306,-1.7232079
8310,-.31423167
8312,-.11554098
8313,-1.2434262
8316,-2.1973244
8317,-.73666919
8321,-1.3076851
8322,
8324,.57987643
8326,-1.3076851
8328,
8330,1.2752938
8332,.08314971
8333,-.81095839
8338,-.51732867
8339,-.31423167
8340,-2.4663357
8344,-.01619564
8346,.28184039
8347,-1.8861363
8348,-2.1973244
8349,
8350,1.0278677
8352,-1.7232079
8353,-.73666919
8354,1.3746392
8355,-.6122677
8359,-.6122677
8360,-.51732867
8361,-1.0857157
8371,1.0278677
8375,
8376,-.11554098
8379,.08314971
8380,
8381,
8383,.08314971
8384,-.73666919
8387,-.08211183
8388,-.01619564
8389,.87791246
8395,.57987643
8398,-.6122677
8399,-1.1422042
8404,-1.6417375
8407,
8409,
8410,.28184039
8412,
8416,.18249505
8417,-2.1973244
8419,-.6122677
8420,1.3746392
8421,.77856711
8423,1.4306339
8425,-.08211183
8426,-.31423167
8428,-.21488633
8429,-1.3076851
8430,
8432,-.01619564
8433,1.6350448
8434,.08314971
8436,
8437,
8441,-.11554098
8442,
8443,
8445,
8446,-.21488633
8447,-2.5991746
8448,
8449,-1.0857157
8452,-.51292236
8453,.18249505
8454,-.31423167
8455,-.11554098
8457,.08314971
8460,-1.3076851
8462,-2.4663357
8463,-1.3076851
8464,-2.5991746
8465,
8466,
8473,.08314971
8474,.38118574
8475,-1.2434262
8477,-1.8861363
8481,1.3746392
8482,-2.5991746
8483,-.51292236
8484,
8485,
8486,
8487,.57987643
8488,
8489,-2.4663357
8500,-.6122677
8501,1.0766031
8503,-1.8861363
8504,-.92546491
8507,-.81095839
8511,
8514,-.6122677
8516,
8517,
8518,
8519,-.81095839
8521,.28184039
8523,.18249505
8527,-.08211183
8528,.18249505
8529,-.6122677
8530,-2.1973244
8533,-.11554098
8536,-1.1422042
8537,.28184039
8538,-.01619564
8539,
8541,
8542,-1.0096491
8543,-.51732867
8544,-.01619564
8547,
8548,.28184039
8550,.18249505
8551,1.2752938
8553,-.92546491
8554,
8557,-.11554098
8558,
8559,-.81095839
8560,-.31423167
8563,.48053108
8565,-.51292236
8566,-.92546491
8567,-.11554098
8568,-.21488633
8570,.48053108
8571,-1.4743947
8572,
8574,.18249505
8576,
8581,
8585,-.92546491
8587,.18249505
8591,-.21488633
8592,-1.1422042
8593,.08314971
8594,
8595,
8597,1.1121041
8598,-.21488633
8599,.28184039
8602,.57987643
8604,-.6122677
8605,-.31423167
8606,.77856711
8607,1.3746392
8612,-.01619564
8613,
8614,.5294731
8615,
8617,-1.6417375
8618,-1.8861363
8619,.18249505
8621,
8623,-.6122677
8625,
8631,-.6122677
8635,
8636,
8637,
8639,-.6122677
8642,-.01619564
8643,-1.4743947
8647,-.6122677
8654,
8655,
8656,1.3746392
8657,-.21488633
8658,
8660,-.41357702
8662,
8665,.18249505
8666,
8667,-.31423167
8674,-1.0857157
8675,.18249505
8676,.28184039
8677,.77856711
8683,-1.1422042
8684,.48053108
8686,
8690,.91711753
8691,-.11554098
8692,-2.1973244
8694,-2.5991746
8702,
8704,
8706,-.6122677
8707,.5294731
8708,-2.4663357
8709,1.4306339
8710,-.01619564
8714,.91711753
8718,-1.7232079
8719,-1.8861363
8721,.28184039
8724,.48053108
8734,
8736,
8738,
8739,-1.0857157
8741,
8742,
8746,-.82756004
8747,-.11554098
8750,.43153904
8753,.18249505
8754,-2.5991746
8755,-1.7232079
8756,-1.0857157
8757,-.01619564
8758,.08314971
8759,-1.1422042
8760,1.1121041
8761,-1.0857157
8763,.08314971
8764,1.2752938
8770,-2.1973244
8771,-1.3076851
8772,-1.7232079
8773,.18249505
8776,-1.8861363
8777,
8779,
8783,
8786,.08314971
8788,-.11554098
8789,-.31423167
8794,-1.2434262
8795,-.39370787
8798,-.01619564
8799,.38118574
8800,-.21488633
8801,-.82756004
8802,
8803,-.41357702
8804,-1.0096491
8807,.18249505
8811,.38118574
8816,.48053108
8817,
8819,
8820,
8823,-.11554098
8824,.57987643
8825,.29911775
8828,
8833,
8834,
8835,1.5733299
8836,.67922177
8838,-1.3076851
8839,-2.5991746
8841,-.51732867
8842,-.51732867
8843,.18249505
8846,-.6122677
8847,.38118574
8849,.28184039
8852,-.11554098
8854,
8855,1.3746392
8857,
8858,
8862,-.11554098
8864,-1.7232079
8868,-1.0096491
8869,
8872,
8877,.48053108
8878,1.9721885
8879,.38118574
8880,
8885,-.11554098
8886,-2.5991746
8890,
8892,-2.5991746
8893,-.6122677
8895,-.82756004
8900,.38118574
8901,-.01619564
8903,.48053108
8907,-1.8861363
8908,-.6122677
8909,-.21488633
8910,-.82756004
8911,.08314971
8913,
8914,.28184039
8918,1.5733299
8921,-1.0857157
8928,.57987643
8930,
8932,-1.7232079
8933,-2.5991746
8934,.6880109
8939,-1.8861363
8940,.28184039
8942,-.29396309
8943,-.82756004
8945,
8948,-.51732867
8949,1.0766031
8952,-.11554098
8955,1.1983177
8956,1.2752938
8957,.67922177
8958,
8959,
8960,-.21488633
8963,.08314971
8965,
8967,
8970,-1.3076851
8971,.18249505
8977,
8978,1.484966
8979,.18249505
8982,-1.7232079
8983,-1.1422042
8984,.08314971
8985,.28184039
8986,.57987643
8990,-1.7232079
8992,-.01619564
8995,-.82756004
8996,-.01619564
8999,-.6122677
9000,-1.4743947
9005,-.11554098
9006,.18249505
9007,
9009,.77856711
9010,-.6122677
9013,
9017,-.11554098
9019,.48053108
9020,-.6122677
9021,.08314971
