-0.45396,0.031389
-0.50978,0.03428
0.0401,0.024341
0.10189,0.023574
0.17646,0.023406
0.098485,0.02336
0.032962,0.029735
0.25609,0.040615
-0.0038711,0.0021452
-0.056272,0.029895
0.13327,0.032985
0.16069,0.038834
0.04297,0.04249
0.7894,0.11982
2.0238,0.15136
-1.1796,0.11513
1.4434,0.14482
0.10928,0.0692
-0.044878,0.086561
0.026318,0.014574
-0.013815,0.0059093
0.063715,0.095034
0.075656,0.013849
-0.028474,0.0054916
0.46232,0.088506
0.023063,0.0087709
-0.02553,0.0059368
-0.012489,0.024593
-0.034848,0.01987
0.13848,0.026373
-0.020736,0.022192
-0.0096088,0.0021239
0.0012676,0.0037495
1.0403,0.03675
0.2904,0.035062
-0.034334,0.034777
0,0
-0.26462,0.05205
-0.40618,0.13405
-1.3088,0.47713
-1.6968,1.0367
-2.2045,0.024761
-0.425,0.02938
0,0
0.2296,0.036867
0.29508,0.040387
0.45343,0.03999
0.70273,0.056141
0.72536,0.055537
0.63843,0.051571
0.43711,0.22254
0.53499,0.22966
-0.39681,0.24155
0,0
-0.94649,0.31187
0.7406,0.33945
0.7406,0.33945
0.7406,0.33945
0.7406,0.33945
0.29659,0.19439
-0.45953,0.2263
0,0
-0.14792,0.56821
2.8282,0.75359
2.2716,0.69
2.2716,0.69
2.2716,0.69
2.2716,0.69
-0.52159,0.12794
-0.55494,0.12686
-0.48172,0.12741
0,0
-1.0421,0.23367
0.73714,0.34336
0.080128,0.28813
-1.3262,0.47426
-1.3262,0.47426
-0.76588,0.33513
-0.37361,0.040249
-0.56819,0.044586
0.13241,0.030551
0.10005,0.030068
0.068869,0.030407
0.083038,0.030296
-0.16509,0.039443
0.46978,0.052782
-0.017993,0.0028051
-0.16698,0.033176
0.069299,0.037486
-0.1636,0.046423
-0.081816,0.04972
0.79316,0.10271
1.4662,0.14637
-0.19422,0.062553
2.3883,0.13532
0.070634,0.043899
-0.018896,0.062163
0.029608,0.018295
-0.024584,0.0078468
-0.01468,0.11333
0.026591,0.017099
-0.010139,0.0072106
0.20194,0.10352
-0.064603,0.011744
0.026311,0.0082639
-0.19466,0.029737
0.032327,0.024299
0.090619,0.032249
0.015874,0.028143
-0.018365,0.0026071
-0.00083054,0.0048115
0.94338,0.04542
0.42874,0.042704
0.094083,0.041283
0,0
0.038947,0.052298
-0.47599,0.13443
0.47639,0.23599
-0.70774,0.49073
-1.0951,0.033723
-0.25491,0.042294
0,0
0.21434,0.051642
0.60493,0.053423
0.42276,0.053536
0.42636,0.074981
0.40234,0.075157
0.20809,0.066996
-3.2647,0.17057
-1.2779,0.1789
-1.3957,0.18523
0,0
-2.3474,0.21769
-0.43123,0.27795
-0.43123,0.27795
-0.43123,0.27795
-0.43123,0.27795
-1.4392,0.14004
-0.0261,0.15792
0,0
1.415,0.3742
2.5419,0.71561
3.5369,0.63417
3.5369,0.63417
3.5369,0.63417
3.5369,0.63417
-3.2217,0.090249
-2.788,0.090929
-1.6582,0.089894
0,0
-0.094153,0.12603
1.9406,0.26057
0.54645,0.19222
0.29161,0.24397
1.336,0.32254
5.9143,0.26951
-0.6837,0.042369
-0.31069,0.043103
0.18012,0.030179
0.10261,0.030016
0.17085,0.030044
0.18226,0.030048
-0.061374,0.03667
0.32957,0.052376
-0.013614,0.0028154
-0.10313,0.032748
-0.031656,0.035658
-0.21167,0.044982
-0.18815,0.048535
0.54763,0.10293
1.2207,0.1464
-0.055114,0.06211
2.3802,0.13527
0.14853,0.043944
0.04621,0.062111
0.091864,0.017905
-0.064573,0.0080021
0.1828,0.10691
0.015527,0.016685
-0.024008,0.0073677
0.025356,0.097062
-0.064028,0.011921
0.024875,0.0087038
-0.23624,0.028931
0.12066,0.023752
-0.1219,0.030619
-0.050808,0.028009
-0.0082995,0.0022251
-0.035488,0.0048336
0.6705,0.043013
0.2208,0.04011
-0.066335,0.038488
0,0
-0.23168,0.049692
-0.69246,0.12582
-0.83011,0.29968
-2.7683,1.0512
-0.9341,0.034186
-0.26534,0.042985
0,0
0.17794,0.053013
0.77032,0.054087
0.58107,0.053672
0.70269,0.074325
0.59625,0.075229
0.566,0.065732
-2.3859,0.17114
-0.94641,0.17952
-1.1855,0.18574
0,0
-2.5672,0.21799
-1.1115,0.2782
-1.1115,0.2782
-1.1115,0.2782
-1.1115,0.2782
-3.4613,0.13743
-0.31784,0.15496
0,0
1.8039,0.37214
2.9486,0.71438
4.5002,0.63316
4.5002,0.63316
4.5002,0.63316
4.5002,0.63316
-3.7967,0.088512
-2.9406,0.088253
-1.7453,0.087207
0,0
-0.41878,0.12386
1.602,0.25962
-0.028129,0.19107
-0.31082,0.24265
0.3478,0.32226
8.068,0.26566
2.2968,0.18789
-0.8364,0.41357
-2.3929,0.43725
0.31367,0.16646
-3.0325,0.57193
0.36756,0.16896
0,0
0,0
0,0
0,0
0,0
0,0
0,0
0,0
0,0
0,0
0,0
0,0
0,0
0,0
0,0
0,0
0,0
0,0
0,0
0,0
0,0
0,0
0,0
0,0
0,0
0,0
0,0
0,0
0,0
0,0
0,0
0,0
0,0
0,0
0,0
0,0
0,0
0,0
0,0
0,0
0,0
0,0
0,0
0,0
0,0
0,0
0,0
0,0
0,0
0,0
0,0
0,0
0,0
0,0
0,0
0,0
0,0
0,0
0,0
0,0
0,0
0,0
0,0
0,0
0,0
0,0
0,0
0,0
0,0
0,0
0,0
-6.4721,0.20607
0.17997,0.035253
-0.18206,0.040107
0.15212,0.027575
0.13538,0.027194
0.11938,0.027449
0.053989,0.027675
0.0081086,0.033756
0.10856,0.047403
-0.010403,0.0025548
-0.2325,0.029365
-0.093861,0.034012
-0.071861,0.044021
-0.078289,0.049168
0.45089,0.10249
1.1275,0.1464
-0.20285,0.062198
2.3517,0.13526
0.16805,0.043642
0.11785,0.06187
0.032329,0.016536
-0.028702,0.0072163
-0.13714,0.10102
0.022838,0.015448
-0.018,0.0067038
0.13346,0.091415
-0.093298,0.010904
0.032803,0.008044
-0.18515,0.026243
0.043159,0.021807
-0.07848,0.028476
-0.063056,0.025832
0.0010943,0.0019587
-0.0083714,0.0044149
0.85363,0.040803
0.57036,0.03732
0.13345,0.035376
0,0
-0.021156,0.045797
-0.098401,0.10754
-0.51801,0.21334
0.85337,0.33743
-0.71164,0.031991
-0.20969,0.040024
0,0
0.085179,0.050343
0.30175,0.05394
0.3288,0.052733
0.43606,0.073996
0.43339,0.074566
0.16906,0.067897
-2.1192,0.17106
-1.0009,0.17938
-1.3008,0.18572
0,0
-2.4412,0.21797
-0.78728,0.27819
-0.78728,0.27819
-0.78728,0.27819
-0.78728,0.27819
-1.6315,0.13885
-0.22348,0.15666
0,0
1.59,0.37324
2.6136,0.71511
3.7152,0.63375
3.7152,0.63375
3.7152,0.63375
3.7152,0.63375
-4.5947,0.086165
-3.2936,0.085129
-1.9286,0.084123
0,0
-0.077139,0.1208
2.1944,0.25829
0.78513,0.18881
0.86185,0.2401
2.0819,0.32046
6.6417,0.26107
0.42133,0.096831
0.57305,0.10314
0.021804,0.058158
0.044304,0.056377
0.049762,0.056236
0.004775,0.056191
-0.19271,0.075166
-0.068856,0.097788
0.012336,0.0050736
-0.46874,0.056284
-0.34581,0.063904
-0.44488,0.064809
-0.5722,0.070284
0.53413,0.14304
1.5706,0.18132
-0.0074436,0.076506
2.2967,0.14285
0.014821,0.060207
-0.26584,0.087597
0.12825,0.037303
-0.025956,0.01466
1.09,0.24912
0.0074976,0.033544
0.0049847,0.013151
0.055538,0.21639
0.12806,0.020984
-0.070915,0.014007
0.25019,0.059567
0.0063906,0.047872
0.16968,0.065699
0.18921,0.052522
0.0093817,0.0044128
0.00056519,0.0088125
-1.6539,0.070038
-1.436,0.066184
-0.92139,0.060836
0,0
0.4277,0.071329
0.50481,0.18118
1.115,0.43634
1.1188,0.6895
-1.5579,0.066878
-0.60586,0.08489
0,0
0.67237,0.089689
1.015,0.090374
1.3143,0.08684
1.8938,0.10472
2.5285,0.094922
3.0255,0.087682
-1.3566,0.22765
-0.80525,0.24015
-1.2321,0.25499
0,0
-2.2664,0.3485
-0.79238,0.35069
-0.79238,0.35069
-0.79238,0.35069
-0.79238,0.35069
-0.038226,0.21803
0.15593,0.24656
0,0
1.426,0.45101
2.245,0.78507
3.5296,0.67859
3.5296,0.67859
3.5296,0.67859
3.5296,0.67859
-2.0381,0.15016
-1.6513,0.15044
-1.5106,0.15732
0,0
-0.15229,0.22297
2.3543,0.3105
0.82206,0.28348
0.90232,0.35015
1.7011,0.4254
-0.13229,0.43814
-0.3352,0.05709
0.31364,0.057873
0.21502,0.023868
0.12821,0.023064
0.14726,0.023504
0.024377,0.022871
0.061972,0.030853
0.14307,0.042847
-0.0040768,0.0018803
-0.046443,0.016007
-0.075194,0.01648
0.030437,0.031185
-0.057517,0.031525
0.092948,0.017155
-0.11634,0.013307
0.1074,0.025532
0.14282,0.027372
0.081614,0.013016
0.14342,0.013792
0.026656,0.013952
0.0016357,0.013513
0.11462,0.014989
-0.10924,0.017952
-0.037503,0.017161
0.0042601,0.0063868
-0.38141,0.1184
0.061303,0.015104
-0.027892,0.0055239
0.2684,0.10362
-0.057207,0.0085831
0.02116,0.005267
-0.11214,0.02702
-0.009314,0.020821
0.02906,0.028918
-0.040284,0.022442
-0.003351,0.0020432
-0.017025,0.0038815
1.8643,0.036571
0.88987,0.030647
0.34832,0.027719
0,0
-0.67822,0.024416
-1.2537,0.030122
-1.7556,0.041132
-1.7342,0.058431
-2.3886,0.081623
0.29621,0.027661
0.316,0.03558
0,0
0.027698,0.036011
-0.063233,0.036595
-0.094508,0.034777
-0.48133,0.040987
-0.44018,0.035917
-0.73616,0.034213
-1.9804,0.026994
-0.44206,0.029439
0,0
0.034612,0.034817
0.19776,0.037727
0.66156,0.046493
0.7178,0.045731
0.75774,0.062215
0.95037,0.073872
-0.077993,0.035412
-0.12099,0.038072
0.25444,0.042197
0,0
0.16244,0.063413
-0.11073,0.057517
-0.21118,0.058591
0.32086,0.087784
-0.027907,0.055911
-0.023011,0.039163
0.09721,0.045656
0,0
0.18013,0.05655
-0.06941,0.060945
-0.12018,0.069557
-0.08499,0.089135
-0.44562,0.091123
0.37249,0.092335
0.82724,0.071471
0.23916,0.10359
0,0
1.0095,0.096981
0.093085,0.078559
0.014506,0.035055
0.07954,0.035564
0.024918,0.036602
0,0
0.028755,0.054641
0.059193,0.050792
-0.18271,0.072178
-0.18545,0.093618
-1.0558,0.092488
1.1357,0.16333
0.064295,0.054411
0.37496,0.060435
0.15476,0.025255
0.045704,0.024391
0.25609,0.024823
0.006426,0.024304
-0.17182,0.034668
0.084058,0.045628
0.001096,0.0020347
0.0022105,0.015579
-0.029738,0.018047
0.045134,0.029604
-0.12013,0.032664
-0.10452,0.019622
-0.24044,0.016632
0.19341,0.022878
0.22234,0.025484
0.018242,0.012224
0.076999,0.01364
-0.15381,0.017126
-0.14627,0.019112
0.042086,0.011818
-0.18761,0.014128
-0.10941,0.017607
0.016809,0.0067307
-1.2163,0.11927
0.096563,0.015758
-0.061697,0.0059864
0.23199,0.10473
-0.092282,0.0091656
0.041501,0.0060312
-0.33613,0.027256
-0.01988,0.021221
-0.17537,0.028906
0.017359,0.023292
0.0014238,0.0021634
-0.0064642,0.0040593
2.0461,0.037665
1.0138,0.031888
0.49553,0.02863
0,0
-0.63695,0.025673
-1.3504,0.034406
-1.6373,0.049674
-1.6079,0.067631
-1.6615,0.087401
0.26387,0.028289
0.39857,0.036327
0,0
-0.097993,0.037912
-0.077808,0.038446
-0.19845,0.036248
-0.43964,0.042707
-0.58185,0.038566
-0.85845,0.036251
0.23558,0.031991
-0.14097,0.036792
0,0
0.068161,0.043387
-0.066566,0.048539
-0.00074356,0.060807
0.23523,0.056747
0.38889,0.07333
0.27773,0.089757
-1.935,0.035193
-0.93934,0.03747
-0.15543,0.040635
0,0
0.28299,0.058738
-0.01522,0.052561
-0.069951,0.053022
0.47212,0.08154
0.80416,0.050286
-0.80802,0.037472
0.017776,0.043401
0,0
0.010796,0.053815
-0.21799,0.057719
0.15681,0.064598
0.46792,0.082051
-0.041907,0.082416
0.80933,0.087116
1.7087,0.095305
1.4729,0.12063
0,0
1.4932,0.11636
0.71665,0.10211
-0.52383,0.03377
-0.14458,0.034482
0.052764,0.03441
0,0
0.39389,0.048297
0.17341,0.045812
0.36763,0.058965
0.14396,0.07627
-0.37448,0.067495
1.5487,0.17678
0.037469,0.049923
0.50779,0.053886
0.15692,0.022688
0.040927,0.021882
0.19496,0.022379
0.027947,0.021796
-0.16077,0.030241
0.13167,0.040775
0.0051285,0.0018258
0.001498,0.013974
0.0075906,0.015327
-0.024995,0.027472
-0.13855,0.029573
-0.061943,0.017203
-0.23108,0.013644
0.13185,0.022756
0.10651,0.025468
0.047566,0.011736
0.08438,0.01315
-0.13662,0.012756
-0.072396,0.012654
0.081518,0.011475
-0.15233,0.013084
0.0054551,0.016234
-0.028851,0.0061421
-0.47504,0.11036
0.067545,0.014193
-0.056188,0.0053374
-0.071689,0.095089
-0.088032,0.0082134
0.03908,0.0052438
-0.28274,0.024907
-0.063399,0.019408
-0.065002,0.026374
0.072848,0.020975
0.0062761,0.0019324
-0.020383,0.0037004
2.1126,0.035378
1.093,0.029445
0.58395,0.026253
0,0
-0.59448,0.022981
-1.3066,0.029841
-1.4874,0.040177
-1.5553,0.054657
-1.7825,0.074803
0.20531,0.025422
0.41135,0.032779
0,0
-0.18246,0.034014
-0.15669,0.034831
-0.27025,0.032819
-0.57274,0.038569
-0.61865,0.034589
-0.79156,0.032305
0.092739,0.027888
-0.17878,0.031819
0,0
-0.079564,0.037991
0.06139,0.041026
0.2976,0.050657
0.45782,0.048368
0.43601,0.06461
0.39171,0.076515
-0.65539,0.032692
-0.31412,0.035105
0.045445,0.038889
0,0
0.047413,0.057192
-0.40587,0.051031
-0.72949,0.051791
-0.1527,0.080182
-0.38563,0.049579
-2.7669,0.034994
-0.35656,0.04046
0,0
0.29774,0.050568
0.34958,0.053981
0.73716,0.060933
1.267,0.078238
1.003,0.077097
2.1606,0.083542
1.4168,0.065732
0.91753,0.091617
0,0
1.2041,0.087789
0.43221,0.071386
-0.33093,0.030898
-0.081102,0.031388
0.051857,0.031699
0,0
0.17487,0.045923
0.003355,0.043394
-0.094021,0.057011
-0.2292,0.073874
-0.92545,0.06534
2.8199,0.15214
0.35425,0.084975
0.15882,0.087464
0.32753,0.03872
0.35129,0.036349
0.24349,0.038378
0.20364,0.038824
-0.08461,0.050821
0.33017,0.069699
-0.032828,0.0035118
-0.1827,0.024378
0.08832,0.025799
-0.010792,0.044672
-0.052415,0.04875
-0.1125,0.038841
-0.2415,0.036383
0.02319,0.055522
0.32868,0.037194
-0.15845,0.02495
-0.10978,0.02146
0.076001,0.011529
0.075488,0.011528
-0.30255,0.047963
-0.12891,0.038591
-0.11648,0.025668
0.013426,0.01005
-1.5155,0.16966
0.17084,0.025463
-0.072769,0.0098079
0.77933,0.16597
-0.048089,0.014221
0.010435,0.0099665
-0.16135,0.041746
0.080494,0.031797
-0.55948,0.039458
-0.055437,0.034459
-0.02213,0.0058865
-0.043489,0.0061288
2.1114,0.048617
1.0032,0.045138
0.32293,0.04135
0,0
-0.94166,0.039378
-2.0437,0.058598
-3.1655,0.093754
-1.4156,0.084838
-2.3008,0.115
0.18256,0.044785
0.57343,0.057172
0,0
-0.41483,0.059706
-0.40751,0.062991
-0.46489,0.055734
-0.40426,0.060177
-0.60388,0.055909
-0.8498,0.053005
0.46746,0.054717
0.094549,0.062185
0,0
-0.10092,0.076345
-1.019,0.098918
-1.1385,0.15229
-0.83085,0.11737
-0.57758,0.12991
-0.57758,0.12991
-0.22886,0.049903
-0.29671,0.054116
0.032197,0.057329
0,0
-0.247,0.086765
-0.52101,0.088486
-0.96485,0.075214
-0.96485,0.075214
-0.96485,0.075214
-0.62628,0.051072
0.37158,0.057261
0,0
-0.42118,0.075234
-0.56228,0.086346
-0.32475,0.078073
-0.32475,0.078073
-0.32475,0.078073
-0.32475,0.078073
-3.1671,0.062225
0.55026,0.085498
0,0
0.67661,0.082701
-0.20574,0.066044
-0.59409,0.047809
-0.41914,0.048653
-0.073808,0.047385
0,0
-0.83364,0.080594
-0.91602,0.083508
-1.4238,0.12675
-2.8724,0.23828
-2.8724,0.23828
3.8918,0.23635
0.52484,0.052521
0.43682,0.058932
-0.057554,0.024913
-0.04175,0.02397
0.15346,0.024383
-0.050596,0.023978
-0.23115,0.033928
-0.18092,0.04493
-0.00083071,0.0020348
-0.0018093,0.014407
-0.022257,0.016536
-0.055841,0.028974
-0.20389,0.03223
-0.10677,0.02005
-0.15415,0.016443
0.083288,0.023091
0.090351,0.026017
-0.041242,0.012051
0.050225,0.013473
-0.12895,0.014406
-0.027333,0.014692
0.054184,0.011039
-0.13221,0.012179
-0.081305,0.017356
0.0047285,0.0066845
-1.0046,0.11663
0.10448,0.015488
-0.065089,0.0059586
0.31133,0.102
-0.070257,0.0090665
0.039189,0.0060184
-0.24443,0.026466
-0.14008,0.020943
-0.11873,0.027959
-0.08938,0.023057
-0.0050269,0.0021405
-0.01651,0.0040591
2.0814,0.037685
0.94328,0.032046
0.43817,0.028416
0,0
-0.69427,0.024968
-1.3359,0.032287
-1.5531,0.044993
-1.2661,0.056655
-1.4211,0.071933
0.096831,0.027274
0.32119,0.035381
0,0
0.012485,0.037479
0.15907,0.037867
0.054646,0.035719
-0.079899,0.04259
-0.34686,0.039049
-0.4848,0.036102
0.048561,0.031746
-0.40238,0.036697
0,0
-0.14265,0.044014
-0.20999,0.050004
-0.074488,0.063113
0.22074,0.057432
0.24893,0.077496
0.39537,0.093963
-0.45699,0.034736
-0.21136,0.037341
0.0071111,0.040718
0,0
-0.019781,0.059305
-0.3838,0.052688
-0.69318,0.053547
-0.22359,0.082602
-0.22514,0.051109
-0.88154,0.037317
0.071,0.043015
0,0
0.059421,0.053577
0.061279,0.057094
0.60091,0.063936
0.81651,0.081605
0.71685,0.080736
1.8545,0.085914
2.0855,0.091003
1.4456,0.1178
0,0
1.8388,0.11067
1.4495,0.097107
-3.0131,0.035754
-1.4755,0.033833
-0.52358,0.032722
0,0
0.55563,0.046155
0.75315,0.043257
1.2503,0.056286
1.5173,0.072392
1.5203,0.062844
1.5027,0.1723
-1.7227,0.40175
-0.20997,0.33254
0.329,0.1155
0.11977,0.11356
0.045911,0.1174
0.10327,0.1095
0.034922,0.15472
0.26152,0.20538
0.0094808,0.0081668
0.31389,0.067473
-0.10061,0.067588
0.21796,0.17512
0.11279,0.15772
0.12866,0.059734
-0.19924,0.050435
-0.27228,0.2507
0.27247,0.12011
0.20542,0.068372
0.10213,0.077555
0,0
0,0
-0.15755,0.1986
0.089172,0.15701
0.027804,0.1031
-0.002124,0.036249
0.17983,0.74437
0.019655,0.087222
-0.0081393,0.030236
0.28719,0.6254
0.013707,0.042229
-0.017501,0.024763
0.14346,0.14378
-0.13016,0.1092
0.078594,0.1597
-0.1375,0.10973
0.0010026,0.0091402
-0.022174,0.018274
0.35048,0.17118
-0.15679,0.15941
0.0015705,0.14578
0,0
-0.16703,0.13093
-0.0010564,0.14331
0.196,0.15601
0.78207,0.18974
0.43627,0.23889
-0.014164,0.14651
0.15465,0.1834
0,0
0.24682,0.18428
-0.22291,0.18396
-0.056377,0.17442
0.058399,0.20518
0.28374,0.16876
0.23558,0.16511
-2.2774,0.1872
-0.8553,0.17959
0,0
0.16335,0.17794
0.83065,0.16245
1.6846,0.1621
2.5602,0.14678
3.0411,0.16455
3.1423,0.18898
0.54572,0.17277
0.4049,0.18397
0.28863,0.20898
0,0
-0.24544,0.40978
-0.13969,0.32303
0.0062119,0.34155
0.80497,0.38334
-0.013655,0.31229
0.49512,0.19219
-0.30952,0.23248
0,0
-0.54284,0.2522
-0.54284,0.2522
-0.54284,0.2522
-0.54284,0.2522
-0.54284,0.2522
-0.54284,0.2522
0,0
0,0
0,0
0,0
0,0
0.2032,0.21003
0.10839,0.21194
0.0024188,0.2175
0,0
0.1857,0.3338
0.045386,0.29937
-1.4352,0.59415
-1.4352,0.59415
-1.4352,0.59415
-5.6097,0.81233
1.1219,0.32106
1.1946,0.3009
0.066761,0.081153
0.040323,0.083749
-0.45797,0.084775
-0.35864,0.079521
-0.076923,0.090861
-0.51747,0.10925
0.042562,0.0046691
-0.25918,0.041455
-0.051925,0.044362
0.6882,0.1193
-0.54402,0.10852
0.00057988,0.044724
0.012621,0.036662
-0.32925,0.12448
-0.039591,0.090948
0.045955,0.046158
-0.44228,0.040345
0,0
0,0
0.33849,0.081739
0.26602,0.12114
0.24234,0.064238
-0.034131,0.022099
4.0133,0.4692
-0.37134,0.053228
0.10037,0.018011
-4.0376,0.38964
0.076286,0.026202
-0.070325,0.014447
-0.023883,0.096058
0.61391,0.076812
0.15544,0.095279
0.45033,0.069135
0.026248,0.011487
0.065246,0.011159
1.8397,0.26553
-0.11382,0.1303
0.027697,0.12091
0,0
-0.50746,0.098907
-1.0821,0.10362
-0.91006,0.10807
-1.526,0.1203
-1.7559,0.13215
-0.10425,0.085345
-0.17687,0.11845
0,0
0.32318,0.11385
-0.93254,0.10295
-1.2716,0.10326
-0.18765,0.12504
-0.56075,0.10093
-0.81203,0.097837
-1.2815,0.15162
0.35128,0.12859
0,0
0.42858,0.10745
0.88877,0.1085
0.39433,0.10219
1.0749,0.098459
1.6443,0.10994
2.2707,0.11517
0.7572,0.084235
0.56589,0.087765
0.67258,0.092347
0,0
-0.26539,0.15347
1.1471,0.14835
0.045297,0.16439
0.53061,0.1722
0.24203,0.13772
-1.1938,0.063818
-0.55893,0.075483
0,0
0.70806,0.12397
0.55246,0.090119
0.55246,0.090119
0.55246,0.090119
0.55246,0.090119
0.55246,0.090119
0,0
0,0
0,0
0,0
0,0
1.0254,0.084562
0.77755,0.083354
0.7558,0.080874
0,0
0.062988,0.13237
0.93053,0.1134
0.93053,0.1134
0.93053,0.1134
0.93053,0.1134
-0.34698,0.44772
1.5146,0.29661
0.83554,0.31101
-0.51622,0.078882
-0.55692,0.081341
-0.85112,0.083042
-0.67663,0.076835
0.1343,0.090061
-0.17026,0.10983
0.032689,0.0047119
-0.33877,0.037465
-0.18853,0.04465
0.39778,0.10961
-0.83368,0.10785
-0.023019,0.046077
-0.024416,0.040153
0.30402,0.093833
0.34645,0.078588
-0.037058,0.04685
-0.11312,0.035748
0,0
0,0
0.53988,0.06662
0.63417,0.10667
0.29001,0.066404
-0.085783,0.023045
3.3286,0.47847
-0.27114,0.055276
0.075868,0.01873
-2.723,0.40344
0.090326,0.026045
-0.082085,0.014536
-0.0082029,0.094704
0.70219,0.074892
0.26432,0.094555
0.10323,0.071791
0.052603,0.01011
-0.0056187,0.011445
1.7747,0.26798
-0.057541,0.13545
0.25463,0.12301
0,0
-0.62434,0.10116
-1.1074,0.10389
-1.6359,0.10984
-2.1192,0.11991
-2.3843,0.12854
0.10114,0.087809
-0.028074,0.11837
0,0
0.18414,0.11607
-1.072,0.10652
-0.71606,0.10361
-0.58931,0.13086
-0.81351,0.10445
-0.92294,0.10036
-0.28708,0.097399
0.56363,0.10071
0,0
-0.25367,0.097155
0.37123,0.095954
-0.43801,0.090021
-0.15704,0.089241
-0.066629,0.10455
-0.46437,0.11278
-1.4208,0.080186
-0.91681,0.082538
-0.4473,0.085811
0,0
0.23354,0.12616
0.82283,0.13574
0.60976,0.13406
0.17274,0.15872
1.3273,0.11605
-0.26234,0.067118
0.17371,0.077709
0,0
1.3952,0.12507
1.1244,0.10188
0.89585,0.10914
0.83941,0.10083
0.83941,0.10083
0.83941,0.10083
0,0
0,0
0,0
0,0
0,0
1.1369,0.080729
0.78859,0.080541
0.74966,0.076388
0,0
0.72535,0.09601
0.72535,0.09601
0.72535,0.09601
0.72535,0.09601
0.72535,0.09601
1.5116,0.47706
1.4949,0.26098
2.1651,0.26185
-0.46994,0.070867
-0.48705,0.073414
-0.67652,0.073776
-0.78472,0.069027
-0.11393,0.077107
-0.32887,0.094155
0.034843,0.0041122
-0.3405,0.031406
-0.38387,0.037491
0.20105,0.10052
-1.1477,0.089207
-0.044215,0.040692
-0.12408,0.03367
0.23067,0.092381
0.1527,0.076429
0.1106,0.043287
-0.062203,0.030655
0,0
0,0
0.33461,0.065596
0.67099,0.10113
0.10902,0.056552
-0.024958,0.019551
2.2185,0.40952
-0.082344,0.048464
0.0016107,0.016344
-1.9784,0.35444
-0.018531,0.022252
-0.027497,0.012115
-0.41898,0.082358
0.66828,0.067279
0.28959,0.078426
0.19726,0.060903
0.055399,0.0099693
0.013158,0.0097207
1.7723,0.26071
-0.1376,0.12283
0.1886,0.11344
0,0
-0.56321,0.09169
-1.1182,0.093358
-1.4293,0.096681
-1.8114,0.10237
-1.7228,0.1071
-0.12793,0.072052
0.25241,0.099716
0,0
0.39164,0.09821
-0.98303,0.087972
-0.92364,0.085429
-0.4817,0.11117
-0.70939,0.087699
-0.71059,0.083428
-0.45198,0.075419
0.69574,0.083639
0,0
-0.079222,0.075794
0.59973,0.079656
-0.11036,0.073056
0.26868,0.07386
0.28073,0.08762
0.16366,0.094657
0.39417,0.070237
0.23463,0.07301
0.10775,0.07772
0,0
0.11569,0.11947
0.55934,0.12957
-0.38386,0.13028
-0.23101,0.15125
-0.20911,0.11335
-2.024,0.055962
-0.12414,0.065214
0,0
1.6159,0.11551
1.851,0.082407
1.851,0.082407
1.851,0.082407
1.851,0.082407
1.851,0.082407
0,0
0,0
0,0
0,0
0,0
1.4188,0.067966
0.91293,0.066399
0.95039,0.063271
0,0
0.75112,0.094006
0.74497,0.090078
0.74497,0.090078
0.74497,0.090078
0.74497,0.090078
3.2243,0.38528
-0.010777,0.094482
0,0
-0.24861,0.10692
0.34657,0.10241
-0.45314,0.11568
-0.085046,0.10063
0,0
0,0
0,0
0,0
0,0
0,0
0,0
0,0
0,0
0,0
0,0
0,0
0,0
0,0
0,0
0,0
0,0
0,0
0,0
0,0
0,0
0,0
0,0
0,0
0,0
0,0
0,0
0,0
0,0
0,0
0,0
0,0
0,0
0,0
0,0
0,0
0,0
0,0
0,0
0,0
0,0
0,0
0,0
0,0
0,0
0,0
0,0
0,0
0,0
0,0
0,0
0,0
0,0
0,0
0,0
0,0
0,0
0,0
0,0
0,0
0,0
0,0
0,0
0,0
0,0
0,0
0,0
0,0
0,0
0,0
0,0
0,0
0,0
0,0
0,0
0,0
0,0
0,0
0,0
0,0
0,0
0,0
0,0
0,0
0,0
0,0
0,0
0,0
0,0
0,0
-0.64058,0.082188
1.816,0.33439
2.1893,0.33842
-1.0719,0.081383
-1.0801,0.085768
-0.82011,0.084366
-0.86246,0.079617
-0.1512,0.097408
-0.046874,0.1167
0.03464,0.0049924
-0.49842,0.043476
-0.44395,0.048478
0.58346,0.11346
-0.69568,0.11525
-0.06872,0.049024
-0.082588,0.043701
0.39493,0.099286
0.41973,0.081513
0.026975,0.046258
-0.32183,0.038536
0,0
0,0
0.38326,0.066237
0.36542,0.10682
0.034288,0.070879
0.016856,0.024375
1.9579,0.5144
-0.056739,0.057223
-0.033441,0.019523
-2.1961,0.41519
-0.0057239,0.026645
0.011958,0.014607
-0.2566,0.097096
0.75595,0.078215
-0.33992,0.090703
0.54513,0.072399
0.08025,0.010125
0.050613,0.011841
1.9516,0.27171
-0.075256,0.14029
0.14847,0.12935
0,0
-0.86001,0.10637
-1.2221,0.11046
-1.8186,0.11654
-1.9965,0.1234
-1.9736,0.12878
0.28601,0.093732
0.71966,0.12196
0,0
0.83997,0.12049
-0.56105,0.11496
-0.31296,0.11408
-0.7773,0.15661
0.23275,0.11084
0.1715,0.10708
-0.043995,0.094746
0.26792,0.10561
0,0
-0.40642,0.10042
0.31421,0.099478
-0.7228,0.096518
-0.27436,0.094182
0.33157,0.10543
-0.18145,0.11578
0.48647,0.085938
0.34492,0.089265
0.40635,0.093054
0,0
-0.73487,0.15938
0.42964,0.14844
0.090857,0.14768
-0.41926,0.18094
-0.1508,0.13282
-0.34131,0.071562
0.0075274,0.084246
0,0
1.7727,0.12796
1.7234,0.095225
1.7234,0.095225
1.7234,0.095225
1.7234,0.095225
1.7234,0.095225
0,0
0,0
0,0
0,0
0,0
-1.7145,0.08717
-0.7287,0.079702
-0.0072416,0.073217
0,0
1.1359,0.10064
2.5157,0.093839
2.5157,0.093839
2.5157,0.093839
2.5157,0.093839
2.0254,0.49604
-0.093636,0.0015041
-0.025726,0.0015086
0.017888,0.0019088
0.017176,0.0018389
0.0069805,0.0018178
-0.0071897,0.0018002
0.01264,0.0024155
-0.19197,0.003328
0.016968,0.00014135
-0.0022947,0.0021952
0.043829,0.0046245
-0.0079649,0.0030101
0.014464,0.0033624
0.0057053,0.018064
-0.049348,0.0036664
0.036705,0.027677
0.089383,0.0024601
-0.045087,0.0076393
-0.078883,0.0063435
0.049473,0.0047556
-0.043789,0.0023162
0.086562,0.0067723
-0.068205,0.0025716
-0.0072174,0.0055165
0.10425,0.0012039
-0.081179,0.0021365
0.0033178,0.000914
0.027237,0.0010948
0.039096,0.0039219
0.063664,0.01376
-0.082009,0.010682
-0.061385,0.0016755
0.097264,0.0045496
-0.041058,0.0030365
0.049304,0.0019708
0.22656,0.0023066
-0.11481,0.0018255
-0.059182,0.0021263
1.3738,0.0040152
-0.97285,0.038202
-0.65696,0.042191
0.057616,0.051627
0.095213,0.049507
0.057822,0.049593
0.032163,0.049389
0.046135,0.065458
0.34249,0.03773
-0.55583,0.042586
-0.32636,0.04699
0.0068606,0.057667
0.048738,0.055249
-0.060217,0.055334
0.0051077,0.055157
-0.011442,0.072842
0.41109,0.042225
-0.85044,0.037923
-0.56761,0.041871
0.056437,0.051222
0.067355,0.049157
0.032405,0.049225
0.051326,0.049056
0.14527,0.064909
0.42195,0.03746
-0.45938,0.038875
-0.39745,0.042894
0.053573,0.052637
0.025788,0.05043
-0.013862,0.050508
0.0087424,0.050364
0.085373,0.066489
0.40741,0.038543
-0.85988,0.039758
-0.54565,0.043908
0.031597,0.053721
0.090968,0.051552
-0.031287,0.051605
0.053276,0.051392
-0.025696,0.068115
0.2892,0.039262
-0.89345,0.035143
-0.62023,0.038813
0.062207,0.047489
0.066688,0.045555
0.048666,0.045619
0.074696,0.045431
-0.1167,0.060213
0.44969,0.034707
0.33967,0.00082761
0.43742,0.0013008
0.36782,0.00049254
0.93718,0.01119
1.0356,0.012475
0.92924,0.011109
0.94525,0.011392
0.9752,0.01165
0.86207,0.010298
-9.8969e+05,NaN
