ID,asvabAR_std
2,-.12273698
5,
7,-1.6124805
9,
10,
12,
13,1.1683741
14,
16,-.02342074
18,-.35643723
19,-1.1440476
20,-.12273698
21,-1.1013499
22,-.81795062
24,-1.413848
26,-.71345686
27,-1.0165831
30,.47316043
31,1.4663228
35,.07589549
39,-1.2152156
42,1.1683741
44,.07589549
46,
51,-.12273698
52,-.35643723
57,
58,-.81795062
60,-1.1158993
62,.47316043
64,-.42068568
65,-.53378451
66,
67,
68,
70,.21475424
71,
73,
74,
75,-.71863438
76,.37384419
79,-.71863438
80,-.53378451
82,.77110913
83,-1.1158993
85,.6717929
87,1.4663228
88,-1.1158993
89,.07589549
90,
92,-1.811113
93,-1.1440476
95,-.32136945
96,
97,.77110913
98,.37384419
99,
105,1.1683741
106,-.12273698
108,.07589549
113,1.2676903
116,
117,
118,
119,-.02342074
120,
121,.99719503
122,.07589549
123,
124,
126,.47316043
131,1.951823
132,1.4663228
133,1.8635877
134,
135,1.565639
138,.77110913
140,.07589549
143,1.1683741
144,.27452796
145,-.02342074
146,-.71863438
150,-1.3372104
152,-1.0165831
154,1.8635877
155,1.9629039
156,1.565639
158,.52350807
161,-1.1440476
163,
165,.07589549
167,
168,.52350807
172,1.9629039
174,
176,1.565639
180,1.9629039
184,.77110913
185,-1.1158993
187,1.2676903
190,.77110913
191,1.2052718
195,1.2052718
196,
199,1.1683741
200,
202,-.02342074
206,
209,
210,
212,.72365258
215,
218,
219,.77110913
220,1.2052718
222,.37384419
223,.87042536
225,.07589549
228,-.61931815
230,.27452796
231,
232,-.53378451
233,
237,.47316043
239,
242,-.02342074
244,-1.9425941
246,1.7642715
247,1.7642715
249,.47316043
250,-1.4917599
251,-.1064448
254,.6717929
256,
257,
258,.37384419
259,.37384419
260,-.71345686
261,-.71863438
262,-1.8617764
263,-.61931815
264,-.53378451
265,-.71345686
268,-.32136945
275,
277,
278,.77110913
279,
280,
281,.47316043
282,-.61931815
283,.87042536
285,-.12273698
287,-.42068568
294,.37384419
297,-1.1158993
299,-.02342074
304,.77110913
308,-.21346177
311,1.0690578
314,1.9629039
316,1.4663228
318,-.96667302
321,-.32136945
323,.87042536
324,
325,-1.413848
328,.37384419
329,-.1064448
330,-1.0165831
332,1.0690578
336,.6717929
337,1.565639
340,-.61931815
341,.6717929
342,
343,
344,
345,
346,.27452796
347,
348,
349,
350,
357,
358,
360,
361,
367,.4149624
369,-1.8617764
370,
372,-.61931815
375,1.4663228
376,
378,
380,-.71863438
381,
384,
385,-1.811113
386,-.02342074
391,
392,1.7642715
393,-.42068568
394,1.4663228
395,
396,.37384419
397,
398,
399,1.0690578
401,.27452796
404,-.53378451
405,1.2052718
408,-.71863438
410,-.61931815
412,-.21346177
413,
418,
419,1.7642715
420,
421,
422,
427,-1.0165831
429,.27452796
430,
432,-.71863438
434,.07589549
438,-.32136945
440,-.32136945
441,-1.2152156
443,
445,
446,
451,
454,.6717929
455,
456,.6717929
457,
458,
463,
466,-1.3372104
471,-1.2152156
475,-1.1440476
476,
481,
482,-1.5131643
483,1.5902404
485,
487,-1.2152156
490,1.8635877
491,.37384419
493,
495,
496,
500,.27452796
501,-1.1158993
502,.87042536
503,-.02342074
505,.07589549
506,.4149624
508,-1.1158993
510,
511,.07589549
513,
516,-1.1158993
517,
520,
521,
522,-1.0165831
524,.37384419
525,
526,
527,1.5902404
536,-.02342074
537,-1.8617764
539,
543,.87042536
544,1.9629039
545,-.81795062
546,1.8635877
547,1.8206574
549,
550,1.9629039
551,1.2052718
552,1.2052718
553,-.32136945
554,.21475424
555,1.0690578
558,
561,-.02342074
563,-1.413848
564,1.2052718
565,1.565639
567,.07589549
568,-.02342074
569,.27452796
571,-1.3372104
572,1.0690578
575,
576,-.71863438
577,-.1064448
578,-.96667302
580,-.42068568
581,-.02342074
586,-.42068568
588,-1.5131643
589,-.71863438
590,1.9629039
598,-.96667302
600,-.71863438
603,-1.1440476
606,.47316043
608,.21475424
611,.47316043
612,1.2676903
613,.85581192
616,1.2676903
618,.07589549
619,-.61931815
620,
621,
623,
625,
627,1.8635877
628,.87042536
630,1.565639
631,1.8635877
636,
638,1.7642715
640,-.02342074
642,.07589549
643,.77110913
644,
645,
646,
647,-.61931815
648,-.21346177
649,.87042536
653,1.8635877
656,
657,
659,1.4663228
661,-.71345686
662,-1.811113
663,
664,-.32136945
665,
669,1.1683741
670,
671,
673,.37384419
678,-.61931815
680,.27452796
683,-.71345686
685,-.81795062
687,-.42068568
688,-.81795062
690,
691,
692,
694,.6717929
695,
696,
697,
699,
701,-1.811113
702,
706,.6717929
711,.47316043
712,-.42068568
714,
716,-.02342074
717,-1.6124805
718,
719,.85581192
720,.37384419
722,1.565639
723,.07589549
724,1.8635877
726,1.8635877
729,.47316043
731,1.8635877
737,.85581192
738,1.0690578
743,1.8635877
744,1.0690578
745,1.7642715
746,1.7642715
747,
750,-1.6124805
752,-1.8617764
753,
754,.77110913
758,1.9629039
759,1.565639
761,-.71345686
763,1.7642715
764,-.81795062
765,.47316043
766,.07589549
768,-.32136945
773,.2851016
775,
776,
779,
780,
781,
783,
784,
785,.85581192
786,
787,
788,1.2052718
789,-.61931815
790,
792,
793,
794,1.7642715
798,1.9629039
799,
800,1.565639
803,
804,
805,.77110913
806,-.32136945
808,.07589549
810,-.02342074
817,-.71863438
819,-.42068568
820,-.61931815
823,
826,
827,1.7642715
830,
831,1.1683741
834,
836,
837,-.42068568
842,-.02342074
843,.6717929
845,1.951823
847,.37384419
852,.37384419
856,-.42068568
859,-.71863438
860,.72365258
861,-.02342074
865,1.951823
866,
867,
870,-.35643723
872,.47316043
874,-1.1158993
877,
882,
884,-.71863438
885,-.1064448
886,1.4663228
889,
890,.27452796
891,-.71863438
893,-.02342074
894,-.02342074
895,-.12273698
898,1.7642715
900,-.32136945
903,-.53378451
909,-1.4917599
911,-.21346177
914,-.61931815
917,
918,1.7642715
921,
926,
927,
929,1.5902404
936,-.71863438
937,.37384419
938,.37384419
940,1.8206574
942,1.2676903
943,-.02342074
946,.37384419
953,.07589549
956,1.0690578
957,1.7642715
958,.6717929
959,-1.1013499
960,-.02342074
962,.2851016
963,1.9629039
968,
970,1.4663228
972,1.7642715
973,1.565639
974,1.9629039
975,.21475424
976,-.53378451
977,-.35643723
978,1.9629039
980,.6717929
981,-1.6124805
982,1.565639
987,.6717929
990,.72365258
991,
994,1.1074217
997,1.1074217
998,-1.0165831
999,.52350807
1000,-.61931815
1001,.37384419
1002,-.61931815
1004,.37384419
1005,-.32136945
1006,-1.811113
1007,-.71345686
1009,1.2676903
1011,1.8635877
1012,1.1683741
1013,.77110913
1014,.47316043
1015,1.1074217
1016,.6717929
1018,1.4663228
1019,1.7642715
1020,-.42068568
1025,.99719503
1026,.27452796
1027,-1.1158993
1028,1.1683741
1030,.27452796
1031,-.12273698
1032,-.61931815
1034,-.96667302
1036,
1037,-1.5131643
1038,
1041,-1.8617764
1044,-1.413848
1046,-1.1158993
1049,-.96667302
1051,-1.9425941
1053,.6717929
1058,
1059,
1062,-.81795062
1063,-.42068568
1065,-.81795062
1068,-.21346177
1069,
1071,.6717929
1072,
1074,1.565639
1078,-.35643723
1079,
1081,1.8635877
1085,-1.1013499
1086,1.8635877
1089,1.2676903
1090,1.4663228
1093,-.71863438
1094,-.81795062
1095,.37384419
1097,-.96667302
1106,
1108,.07589549
1110,
1111,
1112,
1113,1.7642715
1115,.27452796
1117,.21475424
1122,1.7642715
1124,.21475424
1125,
1126,1.2676903
1129,1.7642715
1130,1.0690578
1131,-.02342074
1135,1.0690578
1136,
1137,
1140,1.8635877
1141,
1142,.37384419
1147,
1150,-.12273698
1155,.21475424
1157,-.32136945
1158,
1159,
1161,-.71345686
1162,1.0690578
1163,.6717929
1164,1.1074217
1167,.85581192
1168,-.42068568
1170,1.5902404
1171,1.0690578
1172,
1174,
1176,-1.2152156
1178,1.9629039
1179,.27452796
1180,.77110913
1183,1.0690578
1184,.27452796
1185,1.5902404
1186,1.9629039
1189,1.1683741
1191,.47316043
1192,-.21346177
1193,1.565639
1195,
1196,
1198,-1.811113
1199,1.4663228
1201,-1.3372104
1202,.2851016
1204,-1.1158993
1207,
1208,-.02342074
1210,-1.4917599
1211,-.32136945
1213,-1.3372104
1214,-1.8617764
1215,
1217,-.42068568
1218,-1.1158993
1219,-1.1158993
1221,
1222,-1.3372104
1224,
1226,.47316043
1228,-.21346177
1230,1.7642715
1231,1.8635877
1232,-.61931815
1233,.6717929
1234,1.4663228
1235,1.9629039
1236,
1237,-.12273698
1239,1.951823
1240,-.32136945
1244,
1247,1.8635877
1250,1.4663228
1251,1.9629039
1252,.6717929
1255,
1259,-.61931815
1260,
1261,-.61931815
1262,-.35643723
1263,
1264,-.02342074
1267,1.951823
1270,-.02342074
1272,
1273,.99719503
1277,-.71863438
1278,1.565639
1279,1.1683741
1280,-.21346177
1281,1.5902404
1283,1.1683741
1284,
1286,1.1683741
1287,-.02342074
1288,1.2676903
1289,
1291,
1293,.21475424
1294,.52350807
1297,-.02342074
1298,-1.1158993
1299,-.12273698
1300,1.7642715
1301,.2851016
1304,1.565639
1305,1.1683741
1310,
1318,-1.4917599
1320,-.02342074
1321,-1.0165831
1323,1.4663228
1326,-.12273698
1332,.99719503
1335,1.7642715
1336,1.5902404
1339,1.4663228
1341,1.1683741
1342,.37384419
1343,
1346,
1348,-.12273698
1349,-.71863438
1351,-.53378451
1352,-1.1158993
1353,-1.1013499
1359,
1360,1.8206574
1361,1.7642715
1363,
1364,-.61931815
1365,
1366,
1367,1.7642715
1371,1.7642715
1373,1.7642715
1374,
1376,
1377,-1.3372104
1378,-.81795062
1381,
1382,.72365258
1383,
1390,-.02342074
1394,-.32136945
1395,-1.1158993
1396,-1.6124805
1397,-.71863438
1400,-.12273698
1401,.07589549
1402,
1404,-.61931815
1405,
1406,.6717929
1407,-.32136945
1408,
1409,
1417,
1418,.07589549
1421,1.951823
1425,-.32136945
1426,-1.1013499
1431,.07589549
1434,
1435,-.61931815
1439,-.81795062
1441,-.02342074
1443,-.02342074
1446,-.71863438
1447,1.7642715
1449,-.42068568
1452,-.12273698
1455,1.7642715
1456,.47316043
1457,1.7642715
1458,
1460,1.951823
1461,-.42068568
1463,1.565639
1465,-.02342074
1468,.4149624
1469,-1.2152156
1471,-.21346177
1473,.99719503
1474,
1478,-.81795062
1481,1.2052718
1482,
1483,
1484,-.02342074
1485,-.12273698
1486,1.2676903
1488,1.4663228
1491,1.7642715
1493,1.951823
1503,.47316043
1505,-.21346177
1507,
1508,-.71345686
1510,-.35643723
1514,-.32136945
1515,-.53378451
1518,1.951823
1519,1.9629039
1520,-1.1158993
1522,1.9629039
1525,-.71863438
1529,
1530,.27452796
1532,-.42068568
1535,.07589549
1536,
1538,
1545,1.951823
1547,.21475424
1548,.6717929
1549,1.7642715
1552,.6717929
1553,
1554,
1555,
1556,.27452796
1558,
1559,-.02342074
1560,-.61931815
1561,
1562,-.71345686
1563,-1.0165831
1564,
1569,
1570,1.1683741
1572,.77110913
1573,1.4663228
1578,1.0690578
1579,
1580,-.81795062
1581,
1583,
1586,-1.6124805
1589,-.02342074
1591,
1596,-.81795062
1597,
1607,
1609,
1613,
1615,
1617,
1618,1.4663228
1619,1.7642715
1620,1.2676903
1621,
1623,1.9629039
1625,
1626,
1627,.72365258
1628,1.2676903
1631,
1632,-.02342074
1635,
1636,
1637,.6717929
1638,.47316043
1640,.37384419
1643,.52350807
1645,.27452796
1646,.2851016
1648,1.4663228
1649,.07589549
1650,
1652,1.8635877
1653,
1654,.87042536
1655,
1656,
1659,-.71863438
1661,
1662,
1664,.27452796
1665,1.0690578
1666,-.02342074
1667,.21475424
1668,.07589549
1675,.99719503
1676,.37384419
1678,.72365258
1681,1.565639
1683,1.4663228
1685,
1687,
1688,
1692,1.7642715
1693,-.02342074
1694,1.7642715
1695,1.951823
1696,-.02342074
1699,
1700,-.61931815
1701,-.32136945
1702,-1.4917599
1704,-.32136945
1707,
1708,
1710,.6717929
1711,.47316043
1714,
1715,-1.811113
1720,-1.2152156
1721,
1722,
1724,
1725,
1726,
1727,
1729,
1732,
1734,-.53378451
1735,1.2676903
1737,-.32136945
1738,.87042536
1740,
1741,
1744,-.02342074
1746,-1.3372104
1748,1.1683741
1753,.72365258
1755,1.8635877
1757,.47316043
1758,.37384419
1759,
1762,
1763,
1764,
1765,.6717929
1766,.37384419
1767,
1768,-.61931815
1770,-.53378451
1771,
1775,
1777,-1.6124805
1778,.37384419
1779,-.96667302
1787,-1.2152156
1788,-1.1158993
1790,-1.3372104
1791,.27452796
1794,-1.413848
1795,
1797,.99719503
1799,1.8206574
1802,-1.1440476
1803,
1805,1.2676903
1807,.6717929
1808,
1809,1.4663228
1810,1.5902404
1811,-.35643723
1813,-.61931815
1815,.37384419
1816,-.61931815
1817,1.1074217
1819,.27452796
1820,1.4663228
1823,.37384419
1825,1.2676903
1826,.47316043
1827,-.71345686
1828,1.7642715
1830,1.1074217
1831,-.71863438
1832,
1834,-.81795062
1836,1.8635877
1838,1.8635877
1842,-1.6124805
1843,
1845,-.02342074
1847,1.5902404
1849,-.1064448
1851,-.12273698
1852,
1853,1.2052718
1854,-.61931815
1857,1.4663228
1859,-.32136945
1861,1.8635877
1867,-.61931815
1868,-1.2152156
1869,.6717929
1871,-1.0165831
1872,-1.1158993
1873,.4149624
1878,
1879,-.71345686
1881,
1882,1.2052718
1885,
1886,.07589549
1887,-.02342074
1888,.47316043
1890,.37384419
1891,.07589549
1892,-.53378451
1895,-.61931815
1896,1.2052718
1902,-.81795062
1904,.87042536
1905,.6717929
1907,-.96667302
1910,-.81795062
1911,-.32136945
1914,1.0690578
1915,
1918,.85581192
1919,1.0690578
1920,-1.1158993
1922,.77110913
1925,-.81795062
1927,
1929,.07589549
1931,
1933,1.951823
1935,-1.1158993
1936,-1.0165831
1937,.6717929
1938,-.71863438
1943,1.4663228
1944,-.02342074
1945,
1948,
1949,-.71863438
1951,
1952,-1.4917599
1955,-1.1013499
1957,-.21346177
1958,-.81795062
1960,
1961,
1963,.27452796
1965,.6717929
1966,-1.3372104
1967,-.81795062
1968,-1.1158993
1970,1.5902404
1973,.47316043
1974,.27452796
1975,1.4663228
1976,-.32136945
1979,-.02342074
1981,
1982,.99719503
1985,1.4663228
1990,.52350807
1993,
1994,1.8635877
1996,1.2676903
1999,-.12273698
2000,-1.2152156
2003,.07589549
2005,
2006,1.8206574
2009,-1.3372104
2010,-.12273698
2013,-1.1158993
2014,
2018,-.32136945
2019,-1.811113
2024,-.78495293
2029,.21475424
2030,.77110913
2032,-1.1158993
2035,.87042536
2037,-.61931815
2041,1.2676903
2042,1.8635877
2043,.6717929
2045,
2046,-1.4917599
2047,-1.413848
2048,1.8635877
2049,-.61931815
2050,.87042536
2051,1.7642715
2054,-.53378451
2057,.99719503
2058,1.565639
2060,.37384419
2062,1.9629039
2064,
2065,-.42068568
2068,1.2052718
2070,1.7642715
2071,.87042536
2072,1.9629039
2073,.47316043
2074,.07589549
2076,1.2676903
2081,1.4663228
2082,-.42068568
2086,1.7642715
2087,
2088,.47316043
2089,1.2676903
2092,1.2676903
2093,-1.5131643
2095,-.02342074
2096,.87042536
2099,.07589549
2100,-1.1158993
2108,-.71345686
2110,
2111,-.32136945
2113,.47316043
2114,
2116,
2118,-.96667302
2119,-.61931815
2120,.6717929
2121,.47316043
2122,-.71863438
2123,1.1683741
2128,-.71863438
2129,1.4663228
2130,1.8635877
2131,.07589549
2134,-.78495293
2136,-.02342074
2137,-.61931815
2138,.6717929
2139,
2141,.37384419
2144,-.78495293
2145,
2147,1.565639
2149,
2150,-.81795062
2151,1.1683741
2154,-1.1013499
2158,-1.3372104
2159,-.81795062
2161,
2162,1.8635877
2164,.77110913
2165,-.42068568
2166,-1.4917599
2167,.47316043
2168,1.9629039
2172,-.42068568
2173,.77110913
2175,
2178,-1.413848
2181,
2182,1.4663228
2183,1.8635877
2185,-.42068568
2186,
2187,1.1683741
2188,1.1074217
2189,.47316043
2190,1.4663228
2193,1.9629039
2197,-.32136945
2199,.37384419
2200,1.1683741
2205,1.8206574
2206,1.7642715
2207,-.32136945
2208,1.8635877
2209,1.1074217
2210,1.5902404
2211,.47316043
2212,1.2676903
2213,1.0690578
2214,-1.5131643
2215,1.4663228
2218,-1.1440476
2220,
2221,.87042536
2224,
2225,-.32136945
2226,1.8635877
2227,-1.413848
2228,
2229,-.81795062
2230,.2851016
2233,-.12273698
2234,.6717929
2235,-.21346177
2237,-.61931815
2238,-1.1440476
2241,-.42068568
2242,-.71863438
2246,
2250,1.2676903
2251,-.02342074
2252,1.9629039
2253,1.9629039
2254,-.32136945
2255,.2851016
2256,-.02342074
2257,.47316043
2261,-.71345686
2262,-.02342074
2264,-1.1158993
2266,1.2676903
2267,-.35643723
2269,.99719503
2272,.47316043
2273,.37384419
2274,
2275,1.1074217
2276,
2278,.37384419
2279,.6717929
2281,
2282,
2285,-.81795062
2288,
2289,1.4663228
2290,1.4663228
2291,1.2052718
2292,.6717929
2294,
2295,-.02342074
2296,.2851016
2297,-.71863438
2300,.07589549
2301,-.96667302
2302,-.12273698
2303,-.81795062
2305,1.7642715
2306,.37384419
2308,1.5902404
2309,1.2052718
2310,.07589549
2312,1.1683741
2313,1.9629039
2314,-.71863438
2315,-1.1158993
2316,-.42068568
2319,.6717929
2325,.47316043
2326,-.61931815
2327,-.42068568
2328,1.9629039
2329,1.8635877
2330,1.9629039
2331,1.565639
2333,.47316043
2338,1.2676903
2341,1.2052718
2342,1.7642715
2346,1.7642715
2349,.07589549
2350,1.565639
2352,1.565639
2355,
2357,
2358,
2360,.07589549
2361,
2362,-.02342074
2363,1.1683741
2365,-1.3372104
2367,.2851016
2369,-.12273698
2370,
2371,.6717929
2372,-.02342074
2373,.99719503
2374,.37384419
2375,.6717929
2376,1.9629039
2377,1.9629039
2379,-.78495293
2381,-.32136945
2382,1.565639
2383,1.7642715
2384,.37384419
2385,-.35643723
2387,
2388,
2389,
2393,.37384419
2394,1.565639
2395,1.4663228
2397,.47316043
2398,-.02342074
2402,-.35643723
2404,-1.0165831
2407,.72365258
2408,.2851016
2409,-.81795062
2410,-1.0165831
2411,-.32136945
2414,.52350807
2417,
2418,-.12273698
2419,-.71863438
2421,.07589549
2422,1.2676903
2423,1.2052718
2425,.87042536
2428,
2429,
2431,1.1683741
2434,1.5902404
2436,.27452796
2439,1.8635877
2441,-.42068568
2442,-.61931815
2447,-.42068568
2449,
2451,
2453,
2455,-1.0165831
2458,1.4663228
2459,1.565639
2460,1.8206574
2461,1.9629039
2463,.47316043
2466,1.8206574
2467,
2468,1.2676903
2469,
2470,1.8206574
2477,.6717929
2479,1.0690578
2480,1.9629039
2481,-.02342074
2483,.87042536
2484,-.81795062
2485,1.7642715
2487,.27452796
2490,1.5902404
2492,1.5902404
2496,1.7642715
2497,.77110913
2498,
2499,
2500,-1.1440476
2503,.6717929
2506,-1.0165831
2507,-.21346177
2508,.87042536
2511,
2513,.77110913
2514,1.7642715
2515,1.4663228
2516,
2517,
2519,
2520,-.81795062
2522,1.9629039
2523,.27452796
2524,.6717929
2525,.07589549
2526,1.565639
2527,1.9629039
2530,-.02342074
2533,
2534,
2535,-1.8617764
2536,.6717929
2537,
2541,
2542,.2851016
2545,-.96667302
2546,
2548,
2552,1.1683741
2558,1.5902404
2560,-.02342074
2562,1.4663228
2563,-.32136945
2564,1.2052718
2566,
2568,-.12273698
2569,1.4663228
2573,.07589549
2574,-1.0165831
2575,1.0690578
2576,.37384419
2578,1.565639
2581,1.7642715
2584,.77110913
2585,
2589,.37384419
2591,.37384419
2593,.37384419
2594,1.1074217
2595,1.2676903
2596,1.2676903
2597,.87042536
2598,-.02342074
2602,-1.8617764
2603,1.1074217
2604,
2605,-.71863438
2606,1.4663228
2608,-.32136945
2609,.52350807
2611,1.2676903
2613,.87042536
2614,1.8635877
2615,.07589549
2616,1.9629039
2618,1.565639
2622,-.02342074
2623,-.02342074
2624,1.7642715
2627,-1.2152156
2628,1.2052718
2629,-.32136945
2630,-.32136945
2631,.21475424
2633,
2637,1.951823
2641,-1.0165831
2643,-.61931815
2644,-.71863438
2648,-1.1158993
2649,-1.413848
2651,-.71345686
2652,1.565639
2658,1.565639
2660,-.35643723
2661,.6717929
2662,.6717929
2665,.37384419
2666,-.12273698
2668,1.0690578
2673,.99719503
2676,.37384419
2677,.6717929
2678,.27452796
2682,.87042536
2683,-.02342074
2688,.47316043
2689,-.12273698
2690,-.61931815
2692,-1.0165831
2693,.47316043
2694,
2695,-1.1158993
2696,-.81795062
2697,-.61931815
2700,1.0690578
2701,.87042536
2702,1.2052718
2703,.27452796
2704,-1.0165831
2706,.6717929
2710,1.951823
2711,1.7642715
2713,-1.1158993
2714,1.8635877
2715,-1.1013499
2716,.77110913
2719,-.71863438
2721,-.71863438
2727,.99719503
2728,
2730,1.7642715
2731,1.9629039
2732,.6717929
2733,1.1074217
2735,-.81795062
2736,-.35643723
2737,.27452796
2738,1.0690578
2741,.6717929
2742,.37384419
2743,-.42068568
2747,-.32136945
2752,.07589549
2753,-.12273698
2755,1.4663228
2756,1.4663228
2758,.6717929
2759,-1.1158993
2761,.6717929
2762,-.42068568
2765,.77110913
2766,-1.5131643
2773,
2774,
2775,.87042536
2776,1.2676903
2778,1.9629039
2779,1.1683741
2786,
2788,1.0690578
2789,
2790,
2791,1.565639
2794,
2795,
2798,.07589549
2799,.27452796
2800,-1.0165831
2807,1.4663228
2808,
2810,-.32136945
2813,.47316043
2814,-1.811113
2819,-.02342074
2822,
2823,
2825,-1.8617764
2829,.6717929
2830,
2831,
2833,1.4663228
2835,.27452796
2846,
2850,
2851,.87042536
2854,-.71863438
2857,
2858,.07589549
2860,-1.2152156
2862,.87042536
2863,-.02342074
2866,-.02342074
2867,-1.5131643
2868,
2871,.37384419
2872,.07589549
2873,1.951823
2874,1.9629039
2875,.72365258
2876,1.8635877
2880,.72365258
2881,1.7642715
2882,
2883,.6717929
2884,.21475424
2886,.27452796
2888,1.7642715
2890,.37384419
2891,-.12273698
2893,
2895,-1.9425941
2896,-.12273698
2897,-.81795062
2898,.77110913
2899,-1.5131643
2900,1.7642715
2901,-.42068568
2904,-.32136945
2906,-.42068568
2907,.4149624
2908,.72365258
2910,1.8635877
2911,.87042536
2915,.85581192
2916,.07589549
2917,.6717929
2918,1.951823
2919,1.2052718
2920,
2921,-.02342074
2923,-.71345686
2925,-.81795062
2926,.4149624
2930,.52350807
2931,
2938,1.951823
2939,1.8635877
2941,.77110913
2945,1.8206574
2947,-.35643723
2949,-1.1158993
2950,.37384419
2951,1.1683741
2954,-.42068568
2955,-1.1440476
2957,1.1074217
2959,-1.811113
2960,
2963,-.42068568
2964,
2965,.6717929
2967,-1.1158993
2968,-.81795062
2969,1.2676903
2971,-.81795062
2972,-.35643723
2973,
2975,1.1683741
2976,1.1074217
2977,.6717929
2978,.77110913
2979,1.7642715
2980,1.2052718
2981,1.7642715
2983,-.81795062
2984,-.02342074
2988,.99719503
2990,.77110913
2992,1.7642715
2993,1.7642715
2994,-1.1013499
2995,1.7642715
2996,-1.1013499
2999,
3001,.72365258
3003,-.21346177
3004,1.9629039
3008,-.81795062
3011,
3015,-.02342074
3016,1.1074217
3019,1.7642715
3020,-.42068568
3024,-.61931815
3027,1.1683741
3032,.2851016
3033,-1.8617764
3034,.37384419
3035,-.71345686
3036,
3038,1.5902404
3042,1.1683741
3043,.47316043
3044,
3048,-.61931815
3053,.21475424
3055,-.12273698
3056,.07589549
3057,.07589549
3058,
3059,1.8206574
3061,-.02342074
3063,-.32136945
3064,1.1683741
3065,-.96667302
3068,.47316043
3069,
3072,.72365258
3074,.37384419
3075,.07589549
3076,1.7642715
3077,.77110913
3080,-1.0165831
3082,.72365258
3084,1.7642715
3088,
3089,.47316043
3090,.47316043
3091,.77110913
3092,1.4663228
3094,
3095,
3097,-1.0165831
3098,-1.413848
3101,
3102,-1.413848
3103,-.96667302
3104,
3106,
3107,-.71345686
3108,-1.811113
3109,-1.811113
3110,-.81795062
3111,
3113,-.32136945
3114,
3119,
3120,1.2052718
3121,.27452796
3122,-.96667302
3127,-.21346177
3128,-.02342074
3130,.27452796
3131,.47316043
3135,-.02342074
3136,.52350807
3137,.07589549
3138,.6717929
3139,-1.5131643
3141,1.7642715
3142,1.8635877
3143,1.1683741
3145,1.565639
3146,1.8206574
3147,1.7642715
3149,.99719503
3150,.21475424
3152,
3154,1.2676903
3156,1.2676903
3157,
3158,
3163,1.1683741
3167,1.2676903
3171,1.7642715
3172,-1.2152156
3173,-.21346177
3174,.37384419
3176,1.1074217
3181,1.4663228
3184,.37384419
3187,.6717929
3191,-.61931815
3193,.47316043
3194,1.8635877
3197,1.565639
3198,1.2676903
3201,-.02342074
3202,-1.1158993
3205,-1.3372104
3207,
3208,
3209,
3212,1.2676903
3215,.52350807
3216,1.4663228
3217,
3219,.07589549
3220,.27452796
3222,1.8635877
3224,.47316043
3226,-.32136945
3231,1.2676903
3234,-1.8617764
3244,1.9629039
3245,
3246,.4149624
3247,-.1064448
3253,-.71863438
3256,.99719503
3258,-.02342074
3259,.6717929
3260,-1.5131643
3262,
3263,.07589549
3266,.72365258
3269,-1.8617764
3270,.87042536
3271,-.71345686
3273,1.565639
3274,-.02342074
3275,
3281,1.1074217
3283,.07589549
3285,-.71863438
3286,
3287,1.4663228
3289,-1.811113
3290,-.81795062
3293,1.0690578
3294,
3299,-1.9425941
3300,.6717929
3301,
3304,
3305,-.71863438
3309,
3310,.6717929
3311,.27452796
3314,
3315,1.2052718
3321,-.02342074
3322,-.61931815
3325,.37384419
3327,
3328,-1.6124805
3330,
3332,.21475424
3333,-.32136945
3335,-.12273698
3336,
3338,
3340,-1.0165831
3341,1.4663228
3343,-.71863438
3344,-.71863438
3347,1.8635877
3350,-.12273698
3351,-.02342074
3352,-.35643723
3354,-.32136945
3356,
3359,
3362,
3366,.37384419
3367,-.81795062
3369,1.9629039
3370,-.61931815
3372,-.42068568
3373,-.81795062
3374,1.4663228
3378,-.02342074
3379,1.2676903
3382,-1.413848
3384,-1.2152156
3385,-.42068568
3386,.37384419
3387,-.02342074
3388,.37384419
3389,-.32136945
3390,.6717929
3392,-1.413848
3394,
3395,
3396,-.02342074
3399,.47316043
3400,-.71345686
3407,-1.0165831
3409,-.02342074
3412,
3418,.47316043
3419,1.1074217
3421,
3424,.37384419
3425,-.71863438
3433,
3434,.27452796
3435,1.565639
3436,-1.413848
3439,.37384419
3440,-1.5131643
3446,-.02342074
3447,-.71863438
3448,1.565639
3449,-.71863438
3450,-.96667302
3451,-.12273698
3454,1.8635877
3456,1.5902404
3457,1.2676903
3458,1.9629039
3459,-.81795062
3464,.07589549
3465,-.32136945
3466,-.61931815
3467,.77110913
3468,1.7642715
3469,-1.413848
3471,1.4663228
3472,1.565639
3473,-1.6124805
3474,.37384419
3476,.37384419
3482,1.1683741
3485,.07589549
3486,1.4663228
3487,.6717929
3491,
3493,-1.1440476
3495,-.61931815
3496,.37384419
3499,-.32136945
3500,-1.6124805
3502,-.78495293
3505,-.81795062
3508,-1.2152156
3509,-1.8617764
3511,-.32136945
3513,-.81795062
3514,
3515,1.4663228
3516,-.02342074
3518,-.81795062
3520,.47316043
3523,.6717929
3525,
3528,-.71863438
3530,.72365258
3533,.47316043
3538,.6717929
3539,1.1074217
3543,-1.811113
3544,.47316043
3545,-.32136945
3546,-.32136945
3547,-.32136945
3549,.47316043
3551,-.21346177
3554,1.7642715
3556,1.7642715
3557,1.2676903
3558,1.7642715
3559,.37384419
3560,.37384419
3563,.85581192
3564,-.32136945
3565,-.96667302
3568,.07589549
3569,-.02342074
3570,.37384419
3571,-.96667302
3572,
3573,-1.4917599
3574,1.951823
3580,-1.0165831
3582,.52350807
3584,.87042536
3587,1.7642715
3589,-.02342074
3591,-1.1440476
3592,.27452796
3599,1.0690578
3602,-1.1013499
3603,-1.1440476
3605,.27452796
3606,1.2676903
3609,-.42068568
3610,
3616,.07589549
3618,
3620,-.78495293
3621,
3622,
3623,-1.1440476
3625,1.8635877
3626,.47316043
3629,
3630,-.71863438
3632,.2851016
3635,-1.3372104
3636,-.61931815
3640,.87042536
3642,.37384419
3643,.6717929
3645,1.2052718
3646,-.71345686
3647,1.1683741
3649,-.96667302
3650,
3651,
3652,
3653,-1.413848
3654,
3656,-.61931815
3657,
3658,
3659,
3660,.77110913
3663,1.5902404
3664,-.42068568
3665,-1.2152156
3666,.27452796
3668,
3669,
3671,
3672,
3674,
3675,
3676,
3679,.07589549
3680,
3683,-1.2152156
3684,.77110913
3685,
3686,
3687,-.32136945
3690,-1.2152156
3692,-.71863438
3693,.37384419
3695,-.71863438
3698,
3701,-.61931815
3702,
3706,.72365258
3707,-1.9425941
3709,-1.1158993
3714,1.565639
3715,-1.9425941
3719,-.96667302
3721,
3723,.47316043
3724,
3725,1.8206574
3728,.37384419
3731,1.2052718
3732,-.35643723
3733,-.12273698
3734,-1.1013499
3737,-1.2152156
3738,.87042536
3743,
3746,.37384419
3749,-1.1013499
3750,-1.8617764
3755,-.53378451
3757,
3759,-.71863438
3760,-1.0165831
3762,1.4663228
3763,-.81795062
3768,1.565639
3769,1.8206574
3770,1.8635877
3772,.21475424
3773,.47316043
3777,1.1074217
3780,-.02342074
3781,.87042536
3783,-.81795062
3785,-.78495293
3787,1.7642715
3788,.2851016
3790,-1.2152156
3792,.07589549
3793,-.61931815
3794,
3795,-1.1440476
3796,-.61931815
3797,-1.5131643
3800,.2851016
3802,.27452796
3805,.72365258
3808,-1.6124805
3809,.72365258
3811,-.42068568
3813,
3814,-.42068568
3816,1.4663228
3817,
3826,
3827,-1.6124805
3829,-.81795062
3831,-1.3372104
3834,
3835,
3836,
3839,.6717929
3840,-1.413848
3844,-1.2152156
3845,-.81795062
3848,.6717929
3849,.27452796
3850,1.951823
3851,-.61931815
3852,1.8635877
3854,.47316043
3857,-1.1440476
3858,
3859,-1.1158993
3860,-.78495293
3863,-.35643723
3871,-.53378451
3872,-1.9425941
3876,-.78495293
3877,
3878,1.565639
3880,
3881,-.21346177
3882,.07589549
3884,.47316043
3886,-1.811113
3888,-.81795062
3889,
3892,-1.1440476
3893,
3895,1.9629039
3896,1.8635877
3898,
3902,-.53378451
3903,.6717929
3904,-.42068568
3908,-.12273698
3910,
3914,
3915,.21475424
3917,-1.2152156
3918,-1.9425941
3921,-1.2152156
3923,-.32136945
3929,-.81795062
3931,
3936,.72365258
3938,1.1074217
3942,
3944,1.9629039
3946,
3947,.37384419
3949,-1.1440476
3950,
3951,-.71345686
3953,.07589549
3956,.99719503
3957,.47316043
3958,.21475424
3959,.37384419
3960,.47316043
3961,.87042536
3962,1.1683741
3967,1.565639
3969,
3974,-.61931815
3980,1.565639
3981,.07589549
3986,
3987,.72365258
3988,1.8635877
3991,-.81795062
3993,1.0690578
3994,.85581192
3995,-1.8617764
3996,-1.1158993
3997,-.32136945
3998,-.35643723
4001,
4002,1.565639
4003,1.7642715
4004,1.565639
4005,-.21346177
4006,-.61931815
4007,
4008,1.4663228
4009,.99719503
4011,1.9629039
4013,1.4663228
4014,.2851016
4016,1.1683741
4021,1.0690578
4025,.6717929
4029,-.32136945
4030,.85581192
4031,.47316043
4033,.37384419
4037,.87042536
4038,-.12273698
4041,1.1683741
4043,-.96667302
4044,-.78495293
4045,
4048,-1.9425941
4050,.52350807
4051,-.21346177
4054,-.1064448
4056,
4057,.07589549
4059,-.21346177
4063,-.32136945
4064,1.4663228
4065,.37384419
4066,-1.1158993
4068,
4070,.77110913
4072,1.4663228
4073,-.61931815
4077,-.81795062
4079,-.96667302
4080,.21475424
4084,1.1683741
4085,
4086,
4087,.47316043
4095,
4096,
4097,.37384419
4100,1.7642715
4101,.72365258
4106,-1.8617764
4107,
4108,-.53378451
4109,1.0690578
4110,-.02342074
4112,.85581192
4113,1.8635877
4119,-1.413848
4120,.27452796
4121,-.61931815
4123,-.42068568
4125,1.2676903
4126,.47316043
4128,1.5902404
4129,1.2052718
4131,1.951823
4133,1.4663228
4134,-.02342074
4139,1.565639
4142,-.81795062
4144,-.12273698
4149,1.565639
4150,.6717929
4152,-.21346177
4153,.6717929
4154,
4155,
4156,.47316043
4158,1.565639
4160,1.8635877
4161,-.35643723
4162,.07589549
4165,1.7642715
4166,-.32136945
4168,-.71863438
4171,-1.1440476
4172,-1.1158993
4173,.27452796
4176,-1.6124805
4179,-.81795062
4180,-.02342074
4181,.47316043
4184,-1.0165831
4187,1.0690578
4188,.47316043
4189,
4190,1.5902404
4192,.37384419
4193,1.9629039
4196,-1.3372104
4198,1.565639
4199,1.0690578
4202,1.1683741
4204,.2851016
4205,.07589549
4208,1.8635877
4209,-1.8617764
4211,.6717929
4214,1.8635877
4217,1.0690578
4221,-.21346177
4222,
4225,
4226,
4228,
4230,
4232,
4233,
4237,.37384419
4239,.47316043
4240,-.81795062
4243,
4244,
4245,-1.1158993
4247,-.61931815
4251,-1.1440476
4252,-.02342074
4256,1.8206574
4258,-1.6124805
4259,.47316043
4261,-1.413848
4263,.72365258
4265,1.8635877
4266,.37384419
4267,.99719503
4268,-.78495293
4269,-.78495293
4270,-.71863438
4274,.21475424
4275,.21475424
4277,1.4663228
4278,.99719503
4279,1.7642715
4280,-.42068568
4284,-.78495293
4285,-1.1013499
4286,.47316043
4288,1.5902404
4289,
4291,-.71863438
4292,
4294,.85581192
4295,1.9629039
4296,1.8635877
4299,.87042536
4300,1.0690578
4302,
4305,.37384419
4307,-.81795062
4310,-.61931815
4311,.6717929
4312,1.8206574
4313,-.42068568
4317,.07589549
4320,-1.0165831
4321,-1.8617764
4322,.87042536
4323,
4326,-.61931815
4328,.6717929
4329,-.71863438
4331,.07589549
4332,-.71863438
4334,-.96667302
4337,-1.8617764
4339,-.78495293
4341,-.32136945
4342,-1.9425941
4344,-.96667302
4347,.6717929
4349,.47316043
4352,-.81795062
4354,-1.1013499
4356,-1.8617764
4359,.6717929
4360,
4362,.37384419
4363,-.02342074
4364,-.61931815
4374,-1.2152156
4378,-.32136945
4379,-.61931815
4381,.27452796
4383,.27452796
4385,-1.1440476
4386,-.61931815
4387,-1.0165831
4389,-1.413848
4390,-1.8617764
4396,-.81795062
4397,-.42068568
4401,-1.5131643
4402,-.81795062
4403,-1.1158993
4405,1.9629039
4407,1.4663228
4411,-.42068568
4413,1.4663228
4415,.07589549
4416,.27452796
4420,
4421,
4422,
4424,-.42068568
4425,-1.9425941
4426,.37384419
4432,-.81795062
4436,-.12273698
4437,-.02342074
4440,
4441,1.565639
4444,.52350807
4445,1.7642715
4446,.27452796
4448,1.9629039
4450,1.565639
4451,1.2052718
4453,-.21346177
4454,-1.1158993
4455,1.2052718
4456,-.32136945
4457,.77110913
4458,1.951823
4460,.2851016
4463,-.78495293
4464,-.71863438
4466,-1.2152156
4468,.47316043
4472,-.42068568
4475,-.71863438
4477,.77110913
4479,-.21346177
4481,.2851016
4482,.27452796
4483,-.78495293
4484,-.02342074
4485,
4486,
4489,-.81795062
4491,-.81795062
4492,-1.1440476
4494,-.61931815
4497,-.81795062
4498,-.32136945
4500,-1.0165831
4502,-1.5131643
4503,-1.1158993
4505,
4506,.37384419
4507,-.53378451
4509,
4511,-.02342074
4513,.27452796
4514,-.02342074
4515,.6717929
4516,.77110913
4518,
4519,-1.0165831
4520,-.32136945
4522,1.7642715
4525,1.9629039
4526,-.21346177
4527,-1.0165831
4528,1.7642715
4530,-.81795062
4533,1.4663228
4535,-.02342074
4537,1.8635877
4540,1.565639
4543,-.35643723
4544,-.71863438
4545,-.42068568
4546,-.81795062
4547,1.8635877
4551,-.61931815
4555,.6717929
4562,-1.811113
4564,1.2052718
4567,-1.1158993
4569,.52350807
4570,-.02342074
4571,-.42068568
4572,
4573,-.12273698
4574,1.2052718
4576,
4577,
4580,1.1683741
4582,.77110913
4585,
4586,.07589549
4587,.37384419
4589,-.32136945
4591,.37384419
4592,.87042536
4596,.6717929
4600,.87042536
4602,.47316043
4604,
4606,-.61931815
4609,.37384419
4613,-.42068568
4614,1.2052718
4615,.77110913
4616,
4617,.4149624
4622,1.1683741
4623,.37384419
4624,-.32136945
4625,-1.811113
4627,-1.811113
4629,1.8206574
4631,1.0690578
4632,-.32136945
4636,1.1683741
4637,
4638,.07589549
4639,-.81795062
4640,-1.3372104
4641,-.32136945
4642,.37384419
4643,1.9629039
4644,1.565639
4645,1.4663228
4646,
4653,-.61931815
4654,-.61931815
4659,.6717929
4660,1.8206574
4661,-.1064448
4663,1.5902404
4665,
4666,.37384419
4668,-.1064448
4669,-.21346177
4679,.47316043
4680,.07589549
4681,-1.811113
4682,-1.5131643
4690,1.565639
4691,-.42068568
4692,
4693,.6717929
4701,-1.0165831
4702,1.1074217
4703,-.71863438
4705,
4709,.47316043
4710,.6717929
4712,-1.811113
4713,-1.811113
4717,-1.1440476
4724,.2851016
4727,-1.413848
4731,1.951823
4734,-1.8617764
4735,
4736,1.4663228
4737,.37384419
4740,-.71863438
4743,-.71345686
4744,-.42068568
4745,.27452796
4746,-.32136945
4749,.27452796
4750,.2851016
4751,1.1683741
4752,-1.0165831
4759,1.8635877
4762,-.71345686
4763,1.7642715
4764,
4765,-.02342074
4766,
4769,
4774,-.78495293
4776,.72365258
4780,
4781,-1.6124805
4782,
4787,.85581192
4788,1.9629039
4790,.6717929
4791,
4793,
4794,
4798,-.42068568
4799,.77110913
4800,.47316043
4803,-.32136945
4805,.37384419
4808,
4810,-1.1013499
4813,.6717929
4814,1.7642715
4817,1.7642715
4818,1.565639
4819,1.5902404
4820,1.8635877
4824,.37384419
4826,1.8635877
4827,.87042536
4830,1.9629039
4831,
4832,1.4663228
4833,1.9629039
4835,-.61931815
4836,.85581192
4839,-.71863438
4840,-.71863438
4844,-.35643723
4845,.37384419
4847,-.21346177
4848,1.7642715
4849,-.02342074
4851,1.7642715
4853,.77110913
4861,-.61931815
4863,1.4663228
4864,1.1683741
4866,1.565639
4869,-.81795062
4870,1.951823
4872,.2851016
4874,-1.413848
4883,.37384419
4884,.47316043
4886,-.21346177
4887,1.4663228
4889,-1.1158993
4890,.27452796
4891,
4892,-1.3372104
4894,.77110913
4896,-.42068568
4897,.72365258
4900,-.32136945
4902,-1.3372104
4906,1.2676903
4907,-1.0165831
4908,1.2676903
4909,.87042536
4910,-1.3372104
4911,.72365258
4912,-.12273698
4913,1.565639
4914,
4916,1.2676903
4918,1.7642715
4919,.37384419
4920,-.71345686
4921,.47316043
4922,.72365258
4927,.77110913
4928,.47316043
4929,
4930,
4931,-.81795062
4932,.37384419
4934,1.565639
4936,-1.8617764
4937,-.02342074
4939,.21475424
4940,.37384419
4942,1.4663228
4943,.6717929
4945,
4946,-1.5131643
4947,.37384419
4948,.37384419
4950,-1.8617764
4951,
4953,.47316043
4954,-.81795062
4957,
4965,-1.1440476
4970,-1.1158993
4971,.47316043
4972,-.02342074
4975,-1.4917599
4977,-1.413848
4980,
4981,-.53378451
4983,1.2676903
4984,-.35643723
4986,.37384419
4987,.47316043
4989,
4992,1.4663228
4997,-.42068568
5000,
5002,
5004,
5006,
5010,.77110913
5012,1.4663228
5013,.52350807
5014,.37384419
5019,1.1683741
5020,.77110913
5023,-.71345686
5026,.47316043
5028,.37384419
5029,.47316043
5030,1.8635877
5031,1.4663228
5033,-1.1440476
5034,
5036,
5037,
5038,.99719503
5041,-.02342074
5042,1.9629039
5044,
5045,1.9629039
5047,.27452796
5050,
5052,.2851016
5053,1.1683741
5055,-1.811113
5056,
5058,
5059,
5061,
5062,
5063,
5064,
5065,
5066,
5067,
5070,-1.9425941
5071,-.42068568
5074,
5076,
5077,.6717929
5080,-.42068568
5081,-.42068568
5084,1.1683741
5088,.4149624
5090,1.7642715
5093,-1.5131643
5094,-.71863438
5100,1.0690578
5102,-1.1013499
5103,
5105,.37384419
5106,.99719503
5107,
5108,.47316043
5109,.72365258
5110,.4149624
5112,-.71863438
5116,.47316043
5117,.47316043
5119,
5120,.6717929
5121,
5122,-1.413848
5124,.87042536
5127,-.12273698
5132,1.2676903
5133,.21475424
5134,-1.5131643
5135,-.32136945
5136,.07589549
5139,.6717929
5142,1.7642715
5144,.99719503
5145,-1.5131643
5147,
5148,
5150,.77110913
5153,.6717929
5155,1.5902404
5156,.87042536
5157,-.21346177
5159,1.7642715
5161,-.71863438
5162,.99719503
5164,-.42068568
5165,1.4663228
5166,1.1074217
5170,.37384419
5172,-.12273698
5174,1.565639
5178,.77110913
5180,.77110913
5181,-1.1440476
5183,1.8635877
5184,1.565639
5188,1.951823
5191,1.2676903
5197,1.8635877
5199,
5201,.6717929
5209,1.4663228
5211,-.02342074
5213,-1.1158993
5214,-.35643723
5218,-.61931815
5220,.6717929
5222,.07589549
5223,.07589549
5224,-.32136945
5226,
5229,-.32136945
5231,1.2052718
5234,1.7642715
5235,
5238,1.0690578
5240,-1.3372104
5244,.47316043
5245,.07589549
5246,.87042536
5248,-1.5131643
5249,.07589549
5250,.52350807
5252,.47316043
5254,
5255,
5258,.37384419
5259,1.565639
5260,.21475424
5262,1.0690578
5266,
5268,.6717929
5271,-.42068568
5273,.6717929
5275,
5277,
5278,.37384419
5279,1.565639
5282,1.2052718
5283,-.02342074
5284,-.61931815
5286,-1.2152156
5287,-.71863438
5288,-1.8617764
5292,
5301,.47316043
5305,
5306,.37384419
5308,.27452796
5309,1.8635877
5312,1.8635877
5313,.2851016
5314,-.35643723
5316,-.71863438
5321,.52350807
5322,-.21346177
5323,-.61931815
5325,
5327,-.42068568
5329,-.1064448
5330,.37384419
5331,
5332,.47316043
5336,.27452796
5337,-.02342074
5339,.77110913
5341,-.81795062
5342,1.4663228
5345,1.8635877
5347,1.565639
5348,-.02342074
5349,-.96667302
5350,.07589549
5352,.27452796
5353,.47316043
5354,1.7642715
5355,.99719503
5356,1.8206574
5357,.77110913
5360,1.565639
5362,1.4663228
5363,1.1074217
5364,-1.5131643
5366,-.32136945
5368,-.71345686
5370,
5371,
5373,
5374,
5375,.2851016
5376,-1.811113
5377,-.42068568
5379,.87042536
5380,1.565639
5383,1.1074217
5384,-.61931815
5385,.52350807
5391,.6717929
5393,.6717929
5395,
5396,-1.6124805
5400,-.02342074
5406,.87042536
5407,.6717929
5408,1.1683741
5409,1.1074217
5415,.21475424
5417,
5420,.99719503
5423,.27452796
5426,-.81795062
5427,-.71863438
5428,.87042536
5429,.37384419
5431,.6717929
5433,1.4663228
5434,
5435,
5436,1.1683741
5437,1.8635877
5438,1.5902404
5439,.07589549
5440,.07589549
5441,-.1064448
5442,.4149624
5443,
5445,1.2676903
5447,.27452796
5449,
5450,.4149624
5453,.47316043
5455,-1.9425941
5458,-.32136945
5459,-.81795062
5461,.21475424
5462,-.32136945
5464,1.2676903
5471,.6717929
5474,1.8206574
5481,1.4663228
5483,-.02342074
5484,-.1064448
5486,
5488,-.42068568
5491,.72365258
5492,.77110913
5494,.07589549
5497,.27452796
5499,-1.0165831
5500,.21475424
5502,-.71863438
5509,.47316043
5510,-.61931815
5511,-1.4917599
5512,1.1683741
5515,-.71863438
5516,1.565639
5517,1.1074217
5518,-.81795062
5519,-.42068568
5520,.87042536
5521,-.02342074
5522,-.12273698
5523,1.2676903
5524,.37384419
5525,-.32136945
5529,-.61931815
5532,-.42068568
5533,.21475424
5536,1.7642715
5537,.21475424
5538,-.02342074
5539,-.32136945
5541,1.9629039
5542,1.7642715
5545,-.81795062
5546,1.7642715
5547,-1.1440476
5549,-1.8617764
5550,-.96667302
5552,1.7642715
5553,.37384419
5554,.37384419
5555,-1.2152156
5556,1.2052718
5557,-.02342074
5561,.47316043
5566,.52350807
5568,-1.1013499
5569,-.81795062
5574,-1.8617764
5577,-.81795062
5579,.07589549
5581,.99719503
5582,
5586,-.02342074
5588,
5591,-.61931815
5592,-1.6124805
5593,-1.3372104
5595,1.1683741
5596,-1.6124805
5598,-1.8617764
5599,-1.811113
5600,-.81795062
5602,-1.0165831
5604,-.42068568
5605,
5607,-.71863438
5609,-.61931815
5611,.37384419
5612,.07589549
5614,-.02342074
5617,
5619,.85581192
5626,-.02342074
5627,
5629,-.81795062
5630,-1.5131643
5631,-1.1158993
5635,-1.1013499
5636,1.1074217
5639,.37384419
5640,-.81795062
5643,
5650,
5651,-.61931815
5652,.87042536
5654,
5657,-1.1158993
5658,
5660,-1.3372104
5666,
5669,-.61931815
5670,1.5902404
5671,-.32136945
5673,
5675,
5676,
5678,
5680,-.32136945
5682,
5687,.27452796
5689,.4149624
5692,-1.8617764
5693,-1.1440476
5696,-1.8617764
5698,-.35643723
5699,-.53378451
5701,-.61931815
5703,.37384419
5704,-.42068568
5709,-1.4917599
5713,-.02342074
5715,-.81795062
5716,.47316043
5721,-.61931815
5723,
5724,-.32136945
5726,-1.5131643
5729,-1.0165831
5730,-1.1440476
5731,.6717929
5734,-1.5131643
5736,-.21346177
5737,-.61931815
5742,-.1064448
5743,1.7642715
5744,.77110913
5746,-.53378451
5747,
5749,-.02342074
5750,
5751,-.81795062
5754,
5755,-1.5131643
5756,
5758,
5759,.37384419
5760,
5765,-.02342074
5766,-.78495293
5769,-.02342074
5771,.99719503
5774,
5776,-.42068568
5777,-.78495293
5779,
5780,
5781,-1.811113
5782,-1.6124805
5784,
5786,.2851016
5789,-1.6124805
5790,.52350807
5791,-1.9425941
5793,-.02342074
5794,-.02342074
5795,
5798,1.8635877
5802,.37384419
5804,-1.811113
5805,
5806,-.78495293
5809,-1.413848
5813,
5815,-1.5131643
5816,-1.6124805
5817,-1.811113
5821,-.71863438
5823,-.61931815
5825,
5828,-.71863438
5829,
5831,-1.3372104
5833,-1.5131643
5835,-1.6124805
5837,-.21346177
5838,-.32136945
5841,-1.9425941
5842,1.2052718
5847,-1.9425941
5848,
5849,-.81795062
5850,-1.3372104
5852,-1.413848
5857,
5861,1.951823
5862,-1.6124805
5866,.87042536
5867,.47316043
5868,.77110913
5869,-.81795062
5872,
5874,-1.8617764
5876,
5882,
5883,1.8635877
5887,
5894,-1.1013499
5896,-1.2152156
5899,-.81795062
5903,
5906,.99719503
5907,.27452796
5908,.77110913
5913,
5918,
5920,-1.811113
5921,
5922,.2851016
5923,-.81795062
5924,-.53378451
5926,
5927,-.71863438
5931,-.02342074
5932,
5935,-.21346177
5936,-1.0165831
5940,
5941,1.7642715
5947,1.565639
5948,-.61931815
5950,-.32136945
5952,.37384419
5953,-.12273698
5954,-.42068568
5956,
5959,-.81795062
5961,.27452796
5962,-.42068568
5963,-1.0165831
5964,.07589549
5967,
5969,.77110913
5970,-.61931815
5976,
5977,-.71863438
5982,-.81795062
5983,-.71863438
5984,-1.0165831
5986,.07589549
5989,1.0690578
5990,.07589549
5995,-.71863438
5997,-1.9425941
5998,1.1074217
5999,-.81795062
6000,.47316043
6001,.47316043
6002,.6717929
6003,.27452796
6004,.6717929
6009,-1.9425941
6011,-1.811113
6015,-1.1158993
6017,-1.1158993
6018,-.61931815
6020,-.71863438
6021,1.2676903
6022,.37384419
6023,1.5902404
6025,-1.1013499
6026,-.32136945
6031,
6037,.07589549
6038,.47316043
6040,-1.1158993
6041,-1.3372104
6042,.47316043
6045,
6046,-1.5131643
6049,1.0690578
6050,
6052,
6054,.07589549
6059,-1.1013499
6060,-.61931815
6061,-.78495293
6062,-.78495293
6064,-1.3372104
6066,
6068,-.02342074
6069,-.71863438
6070,-.32136945
6072,
6073,1.5902404
6074,1.7642715
6075,.07589549
6078,.87042536
6082,.37384419
6083,-.78495293
6084,
6085,.37384419
6088,.72365258
6089,-.02342074
6091,-.81795062
6094,
6096,.4149624
6097,.37384419
6098,-.12273698
6100,
6101,
6103,
6104,
6106,-.81795062
6108,1.9629039
6111,.77110913
6113,-.12273698
6116,-.02342074
6118,-.61931815
6119,-.71863438
6120,-.61931815
6121,.21475424
6123,-.53378451
6125,-1.811113
6129,
6130,
6131,
6133,1.565639
6134,1.951823
6143,-1.0165831
6145,
6149,-.42068568
6151,.77110913
6153,-.02342074
6154,
6158,1.565639
6163,-1.5131643
6165,-1.1158993
6172,
6174,1.0690578
6176,
6181,.6717929
6182,-.96667302
6184,-.32136945
6185,.37384419
6187,.2851016
6191,1.565639
6192,.87042536
6193,-1.0165831
6195,-1.1158993
6196,-1.8617764
6200,-.32136945
6204,1.2052718
6205,-1.0165831
6206,-.81795062
6207,-.78495293
6210,.6717929
6213,-.12273698
6214,-.61931815
6215,.47316043
6216,-1.0165831
6218,-1.1158993
6219,-1.1013499
6220,-.02342074
6222,
6223,.37384419
6224,-.12273698
6229,-.42068568
6230,.87042536
6231,-.32136945
6234,1.7642715
6236,-.02342074
6237,.07589549
6238,1.0690578
6240,.47316043
6245,1.4663228
6247,-.12273698
6248,1.1683741
6250,.85581192
6251,-.42068568
6252,.4149624
6254,-1.4917599
6256,.6717929
6257,-1.1013499
6261,.77110913
6263,1.951823
6264,
6267,
6272,.27452796
6273,
6274,1.1074217
6276,-.96667302
6282,-.78495293
6283,.47316043
6285,
6286,.77110913
6288,
6292,-1.0165831
6293,.37384419
6296,-.21346177
6297,-.35643723
6298,-1.1158993
6302,-.32136945
6303,-1.1013499
6307,
6309,1.1683741
6311,-.61931815
6314,.07589549
6316,1.4663228
6317,-.02342074
6318,.85581192
6320,-1.1158993
6321,-.02342074
6324,.77110913
6325,.87042536
6326,.52350807
6327,.07589549
6331,.6717929
6332,1.2676903
6334,
6337,
6338,-.81795062
6340,.37384419
6342,
6343,
6344,.47316043
6347,.77110913
6348,-.42068568
6352,.77110913
6353,-.61931815
6354,1.7642715
6357,-.71863438
6361,-.61931815
6362,-.32136945
6363,
6364,-.61931815
6366,.47316043
6371,
6377,.07589549
6381,.47316043
6383,1.5902404
6384,1.8635877
6385,-.81795062
6387,.07589549
6388,-1.6124805
6389,.6717929
6391,1.565639
6392,.37384419
6393,.07589549
6396,-.42068568
6397,.6717929
6398,
6402,.6717929
6403,1.7642715
6404,
6405,.07589549
6406,.47316043
6409,1.2676903
6410,.85581192
6411,-.96667302
6412,1.565639
6415,1.565639
6416,.37384419
6417,
6423,.6717929
6425,-1.1013499
6430,1.8206574
6432,-.1064448
6433,1.7642715
6434,-.02342074
6435,1.0690578
6438,.72365258
6439,1.7642715
6441,1.2676903
6442,.37384419
6443,.27452796
6445,-1.0165831
6446,
6449,1.2676903
6450,
6452,
6453,1.9629039
6454,1.7642715
6455,.77110913
6459,
6460,-.53378451
6461,-1.4917599
6462,-1.4917599
6464,-.78495293
6466,-1.1158993
6471,1.4663228
6472,-.32136945
6476,-.35643723
6478,1.7642715
6479,-1.413848
6480,-1.1013499
6481,-.1064448
6485,.37384419
6486,-.32136945
6488,1.8206574
6494,.37384419
6495,-.02342074
6496,.37384419
6497,-1.8617764
6502,.37384419
6503,.27452796
6504,-.42068568
6505,
6507,
6510,1.8635877
6512,1.9629039
6517,1.1683741
6522,.6717929
6525,.37384419
6526,.47316043
6529,.07589549
6530,.52350807
6531,-.42068568
6532,
6533,-.02342074
6534,.47316043
6537,-.12273698
6538,1.7642715
6539,-.42068568
6543,-1.413848
6545,
6547,-.35643723
6551,1.2052718
6552,1.8635877
6553,.87042536
6554,.77110913
6555,1.1683741
6556,-1.413848
6559,-.21346177
6562,1.1683741
6563,1.565639
6565,1.9629039
6569,-.02342074
6570,-1.0165831
6571,.47316043
6576,-.96667302
6577,.37384419
6578,1.1074217
6583,-.53378451
6585,-.21346177
6587,.2851016
6593,-1.6124805
6595,
6596,-.81795062
6597,
6600,
6602,
6604,.21475424
6606,-.42068568
6607,-.53378451
6608,-.78495293
6609,-.32136945
6610,
6611,
6612,
6613,
6614,
6619,
6620,-.81795062
6621,.07589549
6622,-.81795062
6623,
6625,
6630,
6634,.47316043
6637,
6640,
6641,
6642,-.21346177
6643,-1.1440476
6644,-.1064448
6647,-.35643723
6654,
6655,-1.2152156
6656,-1.9425941
6657,
6658,
6661,
6662,
6664,1.4663228
6668,
6669,
6670,
6672,
6674,-1.811113
6675,
6676,-.35643723
6677,
6679,
6680,-1.2152156
6681,-1.1440476
6683,1.565639
6684,
6685,
6686,
6690,
6693,
6694,
6695,
6697,
6699,
6701,-.78495293
6702,1.1074217
6703,
6704,
6705,
6708,
6709,-.96667302
6710,.37384419
6715,
6717,
6719,
6720,
6723,
6724,
6726,
6728,-1.3372104
6729,-.61931815
6732,
6733,
6734,-.81795062
6738,.87042536
6739,
6740,-1.0165831
6742,-.42068568
6743,
6744,.6717929
6745,-.32136945
6747,.27452796
6755,
6758,-.42068568
6759,1.2676903
6761,-1.6124805
6762,-.32136945
6764,
6767,-1.0165831
6768,-1.1158993
6770,.77110913
6772,-.71863438
6773,-.32136945
6778,-.21346177
6779,.07589549
6780,-1.0165831
6783,-1.1013499
6784,-.71863438
6787,-1.1158993
6789,-.71345686
6790,-1.9425941
6792,-.71863438
6796,-.81795062
6797,-1.413848
6798,-1.1158993
6800,
6802,
6804,-1.3372104
6806,1.2676903
6812,-.78495293
6814,
6816,-.81795062
6819,.87042536
6824,.4149624
6826,.07589549
6827,-.81795062
6828,.6717929
6830,
6833,
6836,
6837,
6841,1.565639
6843,
6844,-1.413848
6845,-.61931815
6846,-1.9425941
6847,-1.6124805
6848,
6850,-.61931815
6853,
6854,
6856,-.61931815
6859,1.2676903
6860,-.02342074
6861,.87042536
6862,.21475424
6863,-1.1440476
6865,-.32136945
6867,-.42068568
6870,-1.1440476
6871,-.78495293
6872,-1.811113
6873,-.71863438
6875,-.81795062
6876,-.02342074
6877,
6878,
6879,.6717929
6886,.37384419
6887,-.61931815
6888,.07589549
6892,
6894,-.02342074
6899,-.81795062
6901,.27452796
6904,-.42068568
6907,
6910,.07589549
6911,.37384419
6912,-.12273698
6915,-.21346177
6918,-1.4917599
6922,-1.4917599
6926,
6927,
6928,-1.3372104
6929,-1.1013499
6932,
6934,-1.5131643
6939,1.1683741
6940,.37384419
6941,-.42068568
6942,-.53378451
6943,-1.1440476
6950,-.12273698
6954,-1.4917599
6957,-1.1158993
6958,
6959,
6960,
6961,-1.811113
6963,
6966,.6717929
6968,
6969,-1.3372104
6970,
6973,.52350807
6974,.47316043
6975,-.32136945
6977,-1.1013499
6979,
6982,-1.4917599
6983,
6984,
6988,-.32136945
6990,-.1064448
6992,-.02342074
6993,.37384419
6994,-.81795062
6995,-1.8617764
6997,-1.811113
6999,
7001,
7002,-.32136945
7005,
7008,
7009,-1.6124805
7015,-1.6124805
7016,-1.5131643
7019,-.12273698
7020,
7022,-1.1013499
7023,-1.6124805
7025,
7027,-1.4917599
7028,-.1064448
7029,-.78495293
7030,.27452796
7031,-1.9425941
7033,
7039,-.53378451
7040,-1.4917599
7043,-1.0165831
7044,-.02342074
7045,
7046,-.81795062
7047,-.12273698
7049,-1.0165831
7051,1.1074217
7052,1.2052718
7055,-.81795062
7056,-.81795062
7061,-.02342074
7062,1.2676903
7065,-1.8617764
7067,-1.811113
7068,-1.1440476
7071,
7074,-1.0165831
7076,-.71863438
7077,-.53378451
7078,.27452796
7080,1.2676903
7085,-.1064448
7087,
7092,-.02342074
7093,
7095,1.8635877
7097,1.1074217
7100,
7101,.37384419
7102,-.42068568
7103,.87042536
7104,
7108,.87042536
7109,-1.1013499
7113,-1.811113
7114,-1.8617764
7115,-.96667302
7116,-.42068568
7119,
7126,-1.413848
7127,-.81795062
7128,-1.1158993
7129,
7130,
7131,
7134,-.35643723
7135,.37384419
7138,.2851016
7141,-1.1158993
7143,-.1064448
7146,-.81795062
7149,-1.2152156
7150,-.02342074
7153,.07589549
7155,1.5902404
7156,
7157,
7159,-.71863438
7160,
7163,1.2676903
7165,
7167,-.61931815
7168,.37384419
7170,-.02342074
7171,-.02342074
7174,1.1683741
7179,-1.4917599
7181,
7184,-.32136945
7186,1.565639
7190,.77110913
7191,.37384419
7193,.77110913
7195,-.96667302
7196,-.32136945
7197,.87042536
7201,.52350807
7202,-.02342074
7203,
7205,
7206,1.7642715
7207,
7209,.27452796
7210,-.53378451
7212,
7214,
7216,
7219,.72365258
7220,-.02342074
7221,
7222,1.2676903
7223,.37384419
7224,.27452796
7225,1.565639
7227,-1.2152156
7228,
7229,-.42068568
7231,
7233,-1.4917599
7234,.2851016
7238,
7239,
7242,-.1064448
7245,
7246,-.61931815
7247,-1.413848
7248,-1.811113
7249,-1.2152156
7250,
7251,-1.413848
7252,1.565639
7253,
7254,-.53378451
7255,-.53378451
7256,
7257,1.4663228
7259,.27452796
7260,-.71863438
7261,-.42068568
7265,
7266,-1.0165831
7267,-1.6124805
7271,-.96667302
7272,-1.9425941
7274,-.78495293
7276,-1.2152156
7277,-.42068568
7278,-.32136945
7280,
7282,-1.811113
7283,-1.8617764
7285,-.02342074
7287,
7288,.77110913
7289,1.5902404
7290,.07589549
7292,-.96667302
7297,
7298,
7299,
7300,
7307,-.81795062
7308,-.12273698
7309,-.61931815
7310,-1.3372104
7311,
7312,
7314,-.61931815
7315,
7316,-1.4917599
7320,
7322,.6717929
7323,-.02342074
7325,-.1064448
7326,
7331,-1.413848
7332,-.42068568
7334,-.35643723
7335,-1.3372104
7336,.47316043
7337,-.71863438
7338,-.02342074
7339,.77110913
7342,-1.1013499
7343,-.96667302
7345,-.81795062
7346,-.42068568
7347,-.21346177
7349,-.61931815
7350,-.71863438
7352,-.02342074
7353,-.81795062
7354,-.02342074
7355,-1.0165831
7356,-.81795062
7358,-1.1158993
7360,.87042536
7361,-.96667302
7362,.27452796
7363,-.71863438
7364,-1.0165831
7369,-1.9425941
7372,-1.4917599
7375,-1.1013499
7376,-1.5131643
7377,-1.4917599
7383,1.1683741
7386,-.61931815
7387,-1.9425941
7389,-.12273698
7393,
7394,1.5902404
7396,-.32136945
7397,-1.413848
7398,
7402,.6717929
7403,-.96667302
7405,
7412,-1.0165831
7413,
7415,-.71863438
7416,
7417,-1.811113
7418,
7421,1.4663228
7423,
7424,-1.1013499
7425,-1.2152156
7426,-.96667302
7427,-.32136945
7428,-.21346177
7430,-1.0165831
7431,
7433,-.71863438
7435,.37384419
7436,-1.6124805
7439,-1.1440476
7441,-.32136945
7442,-.53378451
7447,
7448,-1.2152156
7449,-1.5131643
7451,
7453,
7455,-.71345686
7457,-.12273698
7458,-1.5131643
7459,-1.5131643
7461,-1.1013499
7462,-1.9425941
7463,-.71863438
7464,.07589549
7465,-.32136945
7466,
7471,-1.1440476
7472,-.02342074
7473,-.81795062
7474,-.78495293
7475,
7476,-.32136945
7481,-.32136945
7483,-1.413848
7484,-.71863438
7485,-1.3372104
7488,
7490,
7497,.77110913
7498,-1.3372104
7500,-.42068568
7502,-1.8617764
7503,-.81795062
7505,
7506,-.42068568
7507,-1.1013499
7510,.21475424
7515,-.32136945
7516,1.4663228
7518,-1.4917599
7522,-.42068568
7523,.2851016
7524,-1.8617764
7526,
7529,
7532,-.61931815
7537,-.42068568
7538,1.7642715
7540,-.61931815
7542,
7544,
7547,.4149624
7548,.52350807
7549,.27452796
7550,.77110913
7552,-1.1440476
7553,-.61931815
7554,-.1064448
7558,-.81795062
7560,-1.0165831
7561,-1.1158993
7562,-1.1440476
7564,.52350807
7565,-.02342074
7566,-.02342074
7567,-.96667302
7568,-.61931815
7569,.47316043
7570,-.61931815
7572,
7573,
7578,.37384419
7581,-.02342074
7583,
7585,-.1064448
7589,.47316043
7594,1.5902404
7595,.52350807
7596,-.42068568
7597,-.21346177
7599,-1.3372104
7600,-.71863438
7602,-1.1158993
7604,1.2052718
7607,-.81795062
7615,-.02342074
7620,
7621,1.8635877
7624,
7627,-1.8617764
7629,
7630,-1.8617764
7631,-1.6124805
7638,
7640,
7641,.77110913
7642,.37384419
7643,-.32136945
7645,-1.2152156
7648,-1.4917599
7649,-1.1013499
7651,.99719503
7656,-.81795062
7658,
7660,-.71863438
7661,-1.8617764
7663,
7664,
7667,.37384419
7669,
7670,
7672,
7673,
7674,
7675,-1.8617764
7676,-1.6124805
7677,-1.1013499
7678,-1.0165831
7680,
7691,
7693,-.53378451
7696,
7699,
7700,
7703,
7704,-.21346177
7706,1.1683741
7710,-.71345686
7712,
7714,
7718,
7721,
7722,.77110913
7723,.47316043
7725,
7726,
7727,-1.2152156
7729,-1.8617764
7731,-.21346177
7733,-.78495293
7735,-1.1013499
7737,-1.4917599
7739,-1.6124805
7742,-1.0165831
7744,-1.0165831
7745,.37384419
7746,-1.0165831
7747,-1.8617764
7748,-1.2152156
7749,-.81795062
7750,-1.9425941
7751,-1.413848
7752,.27452796
7753,
7755,
7757,-.96667302
7759,-.81795062
7760,-.61931815
7761,.4149624
7763,-1.4917599
7768,-1.1440476
7771,-.42068568
7772,-1.1440476
7775,
7776,
7778,
7779,-.32136945
7783,-.61931815
7784,-.78495293
7785,
7786,
7788,
7789,
7790,-.32136945
7791,
7796,-1.5131643
7797,-.81795062
7799,.77110913
7800,-.02342074
7802,-.42068568
7803,-.42068568
7805,.37384419
7806,-.32136945
7807,-.12273698
7808,
7810,-.61931815
7812,
7818,-.78495293
7820,.07589549
7821,-.61931815
7822,-1.1013499
7825,1.2676903
7827,
7831,-1.811113
7832,-.32136945
7833,
7834,-.53378451
7835,-.42068568
7838,
7839,-1.0165831
7845,-.71863438
7847,-.42068568
7848,-1.1158993
7849,-.02342074
7850,-.71863438
7854,1.565639
7855,1.565639
7859,-.02342074
7860,
7861,.37384419
7862,.27452796
7864,
7865,-.32136945
7866,-1.811113
7867,
7869,-1.6124805
7875,.07589549
7876,-1.9425941
7879,
7881,-1.8617764
7882,
7883,-1.413848
7884,-1.8617764
7885,-1.6124805
7889,-1.811113
7890,-1.1158993
7891,-1.8617764
7893,-1.6124805
7894,-1.5131643
7897,
7898,.2851016
7900,-.61931815
7902,-1.1013499
7905,-1.6124805
7910,-1.811113
7912,-.71863438
7913,
7914,
7915,1.7642715
7916,
7917,
7919,-1.4917599
7921,
7928,-1.6124805
7929,-.42068568
7930,-1.2152156
7933,-.61931815
7934,-.96667302
7935,-1.0165831
7936,.85581192
7940,
7943,
7944,
7948,-1.1158993
7949,
7952,.07589549
7953,-.42068568
7955,-1.3372104
7956,-.02342074
7963,.07589549
7965,-.61931815
7967,-1.1158993
7968,-.81795062
7969,
7970,
7971,
7972,-1.1013499
7973,.6717929
7974,
7975,
7981,-.42068568
7982,
7983,-1.8617764
7984,.07589549
7988,-.61931815
7990,
7991,
7993,-.96667302
7994,-.81795062
7997,-.81795062
7998,-1.811113
8001,-1.2152156
8002,
8003,-.71345686
8004,-1.1158993
8005,
8015,
8016,-1.3372104
8025,-.71863438
8026,-1.3372104
8028,-1.0165831
8029,-1.811113
8031,-.42068568
8032,-.12273698
8034,.2851016
8035,
8036,
8038,.07589549
8040,
8041,
8042,-.81795062
8043,
8045,
8046,-1.1158993
8047,-1.1158993
8049,
8050,-.53378451
8051,.2851016
8052,
8053,-1.2152156
8055,-1.1158993
8057,-1.413848
8058,
8059,.27452796
8062,-1.5131643
8063,
8065,
8071,-.12273698
8072,.27452796
8073,-.61931815
8076,
8077,.47316043
8078,.07589549
8087,1.951823
8088,-1.811113
8090,-1.1440476
8094,
8099,-1.0165831
8100,
8101,-1.1158993
8102,.07589549
8104,
8105,.6717929
8108,.47316043
8109,-.78495293
8110,-1.2152156
8124,-1.6124805
8126,
8129,.37384419
8130,.27452796
8132,-.71863438
8135,-.71863438
8136,-.35643723
8137,-.81795062
8138,-.71863438
8142,-1.6124805
8145,-1.8617764
8148,.27452796
8149,-.71863438
8150,-1.413848
8151,.27452796
8152,-.53378451
8153,-.42068568
8154,-.81795062
8156,-.78495293
8157,-1.4917599
8158,-1.811113
8159,
8160,-.32136945
8161,-.12273698
8162,-.78495293
8164,-.81795062
8165,-1.1158993
8166,-1.2152156
8168,-.71863438
8169,.77110913
8171,-.12273698
8172,.47316043
8173,
8174,-1.8617764
8177,-.32136945
8179,1.7642715
8180,1.2676903
8181,-.81795062
8186,-.02342074
8187,-.1064448
8190,1.565639
8191,.07589549
8192,
8193,
8194,.72365258
8196,
8197,1.4663228
8198,.37384419
8199,-1.5131643
8200,.47316043
8206,-1.1158993
8209,-.71863438
8213,-.71863438
8214,1.565639
8216,-.42068568
8220,-1.0165831
8221,
8222,-.71863438
8223,1.4663228
8224,.77110913
8227,-.42068568
8228,-.71863438
8229,-.02342074
8231,
8234,-.02342074
8236,-.12273698
8238,-.21346177
8241,.07589549
8243,-1.0165831
8246,
8247,-1.8617764
8250,1.8206574
8252,-1.8617764
8253,.27452796
8260,-.71345686
8261,.47316043
8262,-1.811113
8263,
8266,.07589549
8267,.27452796
8268,-1.1013499
8269,-1.6124805
8270,-1.8617764
8274,
8275,-.12273698
8278,-.42068568
8279,-1.1013499
8280,.37384419
8282,-.61931815
8284,1.5902404
8285,1.4663228
8287,-1.413848
8291,-1.8617764
8294,-.02342074
8295,
8298,-.32136945
8302,
8305,
8306,-.81795062
8310,-.61931815
8312,-.53378451
8313,.47316043
8316,-1.3372104
8317,-.78495293
8321,-1.0165831
8322,
8324,-.35643723
8326,-.71345686
8328,
8330,-.32136945
8332,.27452796
8333,-1.0165831
8338,-.42068568
8339,-.12273698
8340,-.61931815
8344,-1.0165831
8346,.85581192
8347,-.32136945
8348,-1.4917599
8349,1.2676903
8350,-.42068568
8352,-1.2152156
8353,-1.413848
8354,.37384419
8355,-1.413848
8359,-1.8617764
8360,-.71863438
8361,-.53378451
8371,.07589549
8375,
8376,.27452796
8379,-.02342074
8380,
8381,
8383,-.71863438
8384,-.71345686
8387,-1.6124805
8388,-1.0165831
8389,-1.5131643
8395,.21475424
8398,-.42068568
8399,-.02342074
8404,-1.1013499
8407,
8409,
8410,-1.1440476
8412,
8416,-.02342074
8417,-1.4917599
8419,-1.1158993
8420,-.35643723
8421,-1.3372104
8423,-.71345686
8425,-.96667302
8426,-1.0165831
8428,-.71863438
8429,-1.4917599
8430,
8432,.4149624
8433,1.1683741
8434,-.71863438
8436,
8437,
8441,-1.0165831
8442,
8443,
8445,
8446,-.53378451
8447,-.61931815
8448,
8449,-1.4917599
8452,-.71863438
8453,.47316043
8454,-1.2152156
8455,-.12273698
8457,-.71345686
8460,-.42068568
8462,.27452796
8463,-1.8617764
8464,-1.811113
8465,
8466,
8473,-1.811113
8474,.07589549
8475,-.71863438
8477,-1.811113
8481,.6717929
8482,-1.413848
8483,-1.811113
8484,
8485,
8486,
8487,-.81795062
8488,
8489,-1.0165831
8500,.52350807
8501,1.2676903
8503,-.32136945
8504,1.0690578
8507,-1.8617764
8511,
8514,-.02342074
8516,
8517,
8518,
8519,-.61931815
8521,.77110913
8523,-1.1440476
8527,-1.9425941
8528,1.0690578
8529,-1.0165831
8530,-.35643723
8533,-1.811113
8536,-.32136945
8537,-1.5131643
8538,.37384419
8539,
8541,
8542,-1.6124805
8543,-.42068568
8544,1.4663228
8547,
8548,-1.6124805
8550,-.96667302
8551,.37384419
8553,-.61931815
8554,
8557,-.32136945
8558,
8559,-1.0165831
8560,-1.3372104
8563,-.32136945
8565,.21475424
8566,-.21346177
8567,.07589549
8568,-.21346177
8570,.07589549
8571,-1.0165831
8572,
8574,.07589549
8576,
8581,
8585,.07589549
8587,-.81795062
8591,.27452796
8592,.27452796
8593,-.12273698
8594,
8595,
8597,-.32136945
8598,-.02342074
8599,-.02342074
8602,.21475424
8604,-1.413848
8605,.07589549
8606,1.0690578
8607,-.32136945
8612,-.42068568
8613,
8614,1.8635877
8615,
8617,-1.6124805
8618,.4149624
8619,.27452796
8621,
8623,-1.0165831
8625,
8631,-1.9425941
8635,
8636,
8637,
8639,-1.811113
8642,-1.811113
8643,-.96667302
8647,-1.0165831
8654,
8655,
8656,-1.8617764
8657,-.53378451
8658,
8660,-1.0165831
8662,
8665,-1.8617764
8666,
8667,-.42068568
8674,-1.9425941
8675,.2851016
8676,.77110913
8677,-.71345686
8683,-.71345686
8684,.2851016
8686,
8690,.77110913
8691,.37384419
8692,-1.1158993
8694,-.78495293
8702,
8704,
8706,.07589549
8707,-.12273698
8708,-.81795062
8709,1.565639
8710,-.42068568
8714,-.32136945
8718,-1.3372104
8719,-1.9425941
8721,.72365258
8724,1.0690578
8734,
8736,
8738,
8739,-.02342074
8741,
8742,
8746,-1.8617764
8747,-1.1158993
8750,.87042536
8753,-.78495293
8754,-1.0165831
8755,-1.6124805
8756,.77110913
8757,-.42068568
8758,-.81795062
8759,-1.1440476
8760,1.0690578
8761,-1.8617764
8763,.47316043
8764,1.7642715
8770,-.02342074
8771,-1.6124805
8772,-1.4917599
8773,1.565639
8776,-1.3372104
8777,
8779,
8783,
8786,-.81795062
8788,.99719503
8789,-.42068568
8794,-.61931815
8795,-.02342074
8798,.37384419
8799,.87042536
8800,-.42068568
8801,-.53378451
8802,
8803,-.81795062
8804,.6717929
8807,.21475424
8811,-.02342074
8816,-.02342074
8817,
8819,
8820,
8823,-1.811113
8824,-.1064448
8825,-1.413848
8828,
8833,
8834,
8835,1.7642715
8836,.47316043
8838,-.02342074
8839,-1.2152156
8841,-.02342074
8842,-1.2152156
8843,-.81795062
8846,-.32136945
8847,-.42068568
8849,-.12273698
8852,-.71345686
8854,
8855,-.35643723
8857,
8858,
8862,-1.2152156
8864,-1.811113
8868,-.61931815
8869,
8872,
8877,1.8635877
8878,.07589549
8879,.85581192
8880,
8885,-.81795062
8886,-1.0165831
8890,
8892,-.96667302
8893,1.565639
8895,-1.1440476
8900,-.32136945
8901,-.71863438
8903,.6717929
8907,-1.1158993
8908,-.61931815
8909,-.81795062
8910,-.35643723
8911,-.02342074
8913,
8914,-.71345686
8918,-.12273698
8921,-.81795062
8928,-.02342074
8930,
8932,.37384419
8933,-.32136945
8934,.6717929
8939,-1.5131643
8940,-.81795062
8942,-1.413848
8943,-1.0165831
8945,
8948,-.96667302
8949,1.7642715
8952,-.35643723
8955,-.81795062
8956,.47316043
8957,1.9629039
8958,
8959,
8960,-.32136945
8963,-1.4917599
8965,
8967,
8970,-.71863438
8971,-.61931815
8977,
8978,1.7642715
8979,.47316043
8982,.47316043
8983,-.12273698
8984,-.42068568
8985,.4149624
8986,.6717929
8990,-1.1158993
8992,1.8635877
8995,-1.0165831
8996,-1.413848
8999,-.1064448
9000,-1.2152156
9005,.47316043
9006,-.42068568
9007,
9009,1.2052718
9010,.6717929
9013,
9017,.07589549
9019,-.61931815
9020,1.7642715
9021,.27452796
