ID,asvabMK_std
2,.68236261
5,
7,-1.811843
9,
10,
12,
13,.98166728
14,
16,.68236261
18,-1.0136972
19,-1.3130019
20,-1.2132336
21,-1.3130019
22,-.91392897
24,-1.2132336
26,-.91392897
27,-1.0136972
30,.08375327
31,1.4805084
35,-.11578318
39,-1.5125383
42,.08375327
44,-.20314698
46,
51,.18352149
52,-.2155514
57,
58,-.91392897
60,-1.811843
62,.98166728
64,.68236261
65,-.01154764
66,
67,
68,
70,.78213084
71,
73,
74,
75,-1.0136972
76,.48282616
79,-1.7234345
80,-.71439252
82,.41759304
83,-.91392897
85,.38305794
87,1.1812037
88,-1.3130019
89,1.4805084
90,
92,-1.5125383
93,-1.3130019
95,-.71439252
96,
97,.78213084
98,.48282616
99,
105,.38305794
106,-.71439252
108,.98166728
113,.65541563
116,
117,
118,
119,-.91392897
120,
121,.48282616
122,.48282616
123,
124,
126,.48282616
131,1.4805084
132,1.2614837
133,1.4805084
134,
135,1.5802766
138,.48282616
140,1.1812037
143,1.280972
144,1.1812037
145,.18352149
146,-.11578318
150,-.2155514
152,-1.2132336
154,1.5802766
155,1.5802766
156,1.4805084
158,1.5802766
161,-1.2132336
163,
165,.78213084
167,
168,-.41508785
172,1.7798131
174,
176,1.7798131
180,1.7798131
184,.76017105
185,-.71439252
187,1.4805084
190,1.314038
191,.78213084
195,-.20314698
196,
199,.14627473
200,
202,.41759304
206,
209,
210,
212,.68236261
215,
218,
219,.76017105
220,1.4805084
222,.78213084
223,.98166728
225,-.91392897
228,.38305794
230,-.11578318
231,
232,-.11578318
233,
237,-.2155514
239,
242,1.1812037
244,-1.811843
246,1.4805084
247,1.5802766
249,.48282616
250,-.11578318
251,.98166728
254,.78213084
256,
257,
258,.78213084
259,.48282616
260,-.11578318
261,-.71439252
262,-.2155514
263,-.11578318
264,1.1812037
265,-1.2132336
268,-.2155514
275,
277,
278,.65541563
279,
280,
281,1.1812037
282,-1.0002096
283,.68236261
285,-.2155514
287,-.2155514
294,-.20314698
297,-.71439252
299,-.6146243
304,.48282616
308,-.2155514
311,.38305794
314,1.7798131
316,.68236261
318,-.41508785
321,.78213084
323,1.4805084
324,
325,.68236261
328,1.5802766
329,.08375327
330,-.41508785
332,1.7798131
336,.98166728
337,1.5802766
340,.14627473
341,1.5353363
342,
343,
344,
345,
346,-.71439252
347,
348,
349,
350,
357,
358,
360,
361,
367,.38305794
369,-1.2132336
370,
372,.38305794
375,1.5802766
376,
378,
380,-.2155514
381,
384,
385,-1.3241759
386,.98166728
391,
392,1.280972
393,-1.2132336
394,-.20314698
395,
396,.23722516
397,
398,
399,1.1812037
401,.98166728
404,-.71439252
405,1.5802766
408,.14627473
410,-1.2132336
412,-1.0136972
413,
418,
419,1.5802766
420,
421,
422,
427,-1.0136972
429,-1.5125383
430,
432,.14627473
434,-.56528823
438,-1.2132336
440,-.11578318
441,-1.811843
443,
445,
446,
451,
454,.18352149
455,
456,.14627473
457,
458,
463,
466,-1.3241759
471,-.41508785
475,-.91392897
476,
481,
482,-1.2132336
483,1.4805084
485,
487,-2.0113794
490,1.4805084
491,-.2155514
493,
495,
496,
500,.14627473
501,-.87188606
502,.18352149
503,-.2155514
505,.48282616
506,.68236261
508,-1.2132336
510,
511,-1.0002096
513,
516,-1.0002096
517,
520,
521,
522,-.91392897
524,.18352149
525,
526,
527,1.280972
536,-.71439252
537,-1.3130019
539,
543,1.314038
544,1.5802766
545,.08375327
546,1.7798131
547,1.5802766
549,
550,1.5802766
551,.78213084
552,.68236261
553,-.41508785
554,-.91392897
555,1.1108753
558,
561,1.1812037
563,-1.3241759
564,1.4805084
565,.78213084
567,.23722516
568,-.11578318
569,-.91392897
571,-1.5125383
572,.98166728
575,
576,.38305794
577,.98166728
578,.48282616
580,-.71439252
581,1.1812037
586,-.20314698
588,-1.6428478
589,-1.5125383
590,1.7798131
598,.48282616
600,-.87188606
603,-.91392897
606,.78213084
608,.41759304
611,1.314038
612,1.4805084
613,.78213084
616,1.5802766
618,.78213084
619,-.91392897
620,
621,
623,
625,
627,.98166728
628,.68236261
630,.98166728
631,1.1812037
636,
638,1.7798131
640,.18352149
642,1.5802766
643,1.1812037
644,
645,
646,
647,-.2155514
648,-.71439252
649,1.4805084
653,.48282616
656,
657,
659,.38305794
661,-1.2132336
662,-1.6428478
663,
664,.18352149
665,
669,.41759304
670,
671,
673,.68236261
678,
680,.48282616
683,-.6146243
685,-1.1042617
687,-.41508785
688,-.41508785
690,
691,
692,
694,.18352149
695,
696,
697,
699,
701,-1.7234345
702,
706,-.71439252
711,.48282616
712,-1.0002096
714,
716,-.11578318
717,-1.2132336
718,
719,.98166728
720,.78213084
722,1.5802766
723,-.6146243
724,1.7798131
726,1.5802766
729,.98166728
731,1.7798131
737,.98166728
738,1.5802766
743,1.5802766
744,1.4805084
745,1.4805084
746,1.5802766
747,
750,-1.2132336
752,-1.2132336
753,
754,.68236261
758,1.5802766
759,1.1812037
761,-.6146243
763,1.4805084
764,-1.1042617
765,-.2155514
766,.18352149
768,-1.3130019
773,-.71439252
775,
776,
779,
780,
781,
783,
784,
785,-.2155514
786,
787,
788,1.4805084
789,.08375327
790,
792,
793,
794,.98166728
798,1.7798131
799,
800,1.1812037
803,
804,
805,.48282616
806,-1.5125383
808,-.11578318
810,-.2155514
817,-.91392897
819,.48282616
820,-.87188606
823,
826,
827,.76017105
830,
831,.68236261
834,
836,
837,-.6146243
842,.48282616
843,.38305794
845,.98166728
847,.65541563
852,-.71439252
856,.08375327
859,-1.0136972
860,.78213084
861,.38305794
865,1.4805084
866,
867,
870,-.41508785
872,-.11578318
874,-1.3241759
877,
882,
884,.48282616
885,-1.0136972
886,.78213084
889,
890,-.41508785
891,-.2155514
893,-.71439252
894,.38305794
895,-.6146243
898,.78213084
900,-.91392897
903,-1.3241759
909,-1.2132336
911,-1.2132336
914,-.2155514
917,
918,1.7798131
921,
926,
927,
929,1.7798131
936,-.6146243
937,.76017105
938,.78213084
940,1.7798131
942,.48282616
943,.68236261
946,1.280972
953,.08375327
956,.23722516
957,1.1812037
958,.23722516
959,-.91392897
960,.18352149
962,.38305794
963,1.7798131
968,
970,.38305794
972,1.5802766
973,1.4805084
974,1.5802766
975,.18352149
976,-.71439252
977,-.91392897
978,1.7798131
980,1.4805084
981,-1.0002096
982,1.2614837
987,.78213084
990,.48282616
991,
994,.48282616
997,1.314038
998,-.91392897
999,-1.2132336
1000,-2.0113794
1001,-.6146243
1002,.08375327
1004,-.71439252
1005,-.6146243
1006,-.91392897
1007,-.01154764
1009,1.5802766
1011,1.5802766
1012,1.4805084
1013,.68236261
1014,.68236261
1015,1.280972
1016,.98166728
1018,.48282616
1019,1.5353363
1020,-.91392897
1025,.38305794
1026,.23722516
1027,-1.2132336
1028,.98166728
1030,.68236261
1031,-.91392897
1032,-.6146243
1034,-1.0002096
1036,
1037,-1.7234345
1038,
1041,-1.811843
1044,-1.0136972
1046,-1.811843
1049,-.2155514
1051,-1.3130019
1053,-.6146243
1058,
1059,
1062,-1.3130019
1063,-.91392897
1065,-1.0002096
1068,.08375327
1069,
1071,.68236261
1072,
1074,1.1812037
1078,-.6146243
1079,
1081,1.4805084
1085,-.2155514
1086,1.7798131
1089,1.4805084
1090,1.1812037
1093,-.2155514
1094,-.11578318
1095,.65541563
1097,-1.2132336
1106,
1108,-.71439252
1110,
1111,
1112,
1113,1.5802766
1115,.65541563
1117,.18352149
1122,1.5802766
1124,-.2155514
1125,
1126,.98166728
1129,1.7798131
1130,.38305794
1131,-.6146243
1135,.48282616
1136,
1137,
1140,1.4805084
1141,
1142,.38305794
1147,
1150,.78213084
1155,.48282616
1157,.68236261
1158,
1159,
1161,-2.0961033
1162,1.2614837
1163,1.1812037
1164,.98166728
1167,.76017105
1168,.68236261
1170,1.5802766
1171,.98166728
1172,
1174,
1176,-.91392897
1178,1.314038
1179,.78213084
1180,-.11578318
1183,.14627473
1184,-.41508785
1185,1.2614837
1186,1.5802766
1189,1.1812037
1191,1.314038
1192,-.56528823
1193,1.4805084
1195,
1196,
1198,-1.6428478
1199,1.1812037
1201,-1.1042617
1202,-.11578318
1204,-2.0961033
1207,
1208,-.41508785
1210,-1.1042617
1211,-.6146243
1213,-1.0002096
1214,-1.5125383
1215,
1217,-.71439252
1218,-.91392897
1219,-1.2132336
1221,
1222,-.71439252
1224,
1226,.08375327
1228,.78213084
1230,.08375327
1231,.98166728
1232,-.2155514
1233,.48282616
1234,1.280972
1235,1.4805084
1236,
1237,.18352149
1239,1.4805084
1240,.18352149
1244,
1247,1.7798131
1250,.68236261
1251,1.5802766
1252,.48282616
1255,
1259,-.91392897
1260,
1261,-1.811843
1262,-1.0136972
1263,
1264,-.01154764
1267,1.7798131
1270,.48282616
1272,
1273,-1.0002096
1277,.98166728
1278,1.1812037
1279,.76017105
1280,.68236261
1281,.98166728
1283,.48282616
1284,
1286,1.1108753
1287,.18352149
1288,1.5802766
1289,
1291,
1293,.98166728
1294,.48282616
1297,.48282616
1298,-1.5125383
1299,-.41508785
1300,1.1812037
1301,-.41508785
1304,1.1108753
1305,1.5802766
1310,
1318,-2.0961033
1320,-.91392897
1321,-.91392897
1323,1.4805084
1326,-.71439252
1332,1.5353363
1335,1.5353363
1336,1.5802766
1339,1.1108753
1341,.48282616
1342,.65541563
1343,
1346,
1348,1.280972
1349,-.11578318
1351,-1.3130019
1352,-1.7234345
1353,-1.0136972
1359,
1360,1.7798131
1361,1.7798131
1363,
1364,-.2155514
1365,
1366,
1367,1.1812037
1371,1.7798131
1373,1.1812037
1374,
1376,
1377,-1.811843
1378,-.11578318
1381,
1382,.68236261
1383,
1390,.08375327
1394,-.91392897
1395,-1.2132336
1396,-1.811843
1397,-.71439252
1400,-.41508785
1401,-.11578318
1402,
1404,-.11578318
1405,
1406,.65541563
1407,1.280972
1408,
1409,
1417,
1418,-.11578318
1421,1.7798131
1425,-1.811843
1426,-1.811843
1431,.18352149
1434,
1435,-1.0136972
1439,-1.2132336
1441,.38305794
1443,-.2155514
1446,.68236261
1447,1.7798131
1449,.65541563
1452,.78213084
1455,1.4805084
1456,1.1108753
1457,1.5802766
1458,
1460,1.5353363
1461,
1463,1.4805084
1465,.68236261
1468,-.2155514
1469,-1.0136972
1471,-2.0961033
1473,1.1812037
1474,
1478,.08375327
1481,-1.0136972
1482,
1483,
1484,-.71439252
1485,.98166728
1486,.48282616
1488,.65541563
1491,1.5802766
1493,1.5802766
1503,.98166728
1505,-.41508785
1507,
1508,
1510,-.11578318
1514,-.71439252
1515,.18352149
1518,1.4805084
1519,1.7798131
1520,-.2155514
1522,1.314038
1525,-.91392897
1529,
1530,.48282616
1532,.38305794
1535,-.91392897
1536,
1538,
1545,.48282616
1547,.38305794
1548,.68236261
1549,1.2614837
1552,1.1812037
1553,
1554,
1555,
1556,.98166728
1558,
1559,-.91392897
1560,1.4805084
1561,
1562,-1.0136972
1563,-.71439252
1564,
1569,
1570,1.4805084
1572,.68236261
1573,.78213084
1578,.68236261
1579,
1580,-1.3241759
1581,
1583,
1586,-1.3241759
1589,.78213084
1591,
1596,-1.6428478
1597,
1607,
1609,
1613,
1615,
1617,
1618,.76017105
1619,1.5802766
1620,.65541563
1621,
1623,1.7798131
1625,
1626,
1627,.78213084
1628,1.5802766
1631,
1632,.68236261
1635,
1636,
1637,1.1812037
1638,.65541563
1640,.98166728
1643,.48282616
1645,.68236261
1646,.08375327
1648,.48282616
1649,-.11578318
1650,
1652,1.7798131
1653,
1654,1.4805084
1655,
1656,
1659,-.2155514
1661,
1662,
1664,.38305794
1665,.48282616
1666,.14627473
1667,.08375327
1668,.18352149
1675,.48282616
1676,-.11578318
1678,1.314038
1681,1.1108753
1683,1.280972
1685,
1687,
1688,
1692,.68236261
1693,-.41508785
1694,1.4805084
1695,1.1812037
1696,-.11578318
1699,
1700,-1.0002096
1701,.38305794
1702,-1.1042617
1704,.98166728
1707,
1708,
1710,-.01154764
1711,.38305794
1714,
1715,-1.0136972
1720,-.91392897
1721,
1722,
1724,
1725,
1726,
1727,
1729,
1732,
1734,-1.7234345
1735,.98166728
1737,-.41508785
1738,.98166728
1740,
1741,
1744,.18352149
1746,-.91392897
1748,-.91392897
1753,.68236261
1755,1.5802766
1757,.68236261
1758,-.6146243
1759,
1762,
1763,
1764,
1765,-.20314698
1766,-.71439252
1767,
1768,-1.0136972
1770,.08375327
1771,
1775,
1777,-1.1042617
1778,.98166728
1779,.18352149
1787,-1.3130019
1788,-.71439252
1790,-1.6428478
1791,-.71439252
1794,-1.3241759
1795,
1797,.41759304
1799,1.5802766
1802,-.01154764
1803,
1805,.18352149
1807,1.5802766
1808,
1809,1.4805084
1810,1.5802766
1811,.14627473
1813,-.2155514
1815,.08375327
1816,-.6146243
1817,.68236261
1819,-.2155514
1820,1.5802766
1823,-.41508785
1825,.98166728
1826,1.1812037
1827,-.41508785
1828,.78213084
1830,.78213084
1831,-1.3130019
1832,
1834,-.87188606
1836,1.7798131
1838,1.1812037
1842,-1.3130019
1843,
1845,-.6146243
1847,1.4805084
1849,.38305794
1851,-.11578318
1852,
1853,1.280972
1854,-.91392897
1857,1.5802766
1859,.78213084
1861,1.7798131
1867,-.91392897
1868,-1.1042617
1869,.98166728
1871,-2.0961033
1872,-1.1042617
1873,.18352149
1878,
1879,-1.2132336
1881,
1882,.68236261
1885,
1886,.18352149
1887,.68236261
1888,1.280972
1890,.41759304
1891,-1.2132336
1892,-.71439252
1895,-.91392897
1896,.65541563
1902,-.91392897
1904,1.1812037
1905,.78213084
1907,-1.0136972
1910,-.41508785
1911,-.11578318
1914,.98166728
1915,
1918,1.5802766
1919,.48282616
1920,-2.0113794
1922,.23722516
1925,.08375327
1927,
1929,.14627473
1931,
1933,1.5802766
1935,-2.0113794
1936,-.91392897
1937,1.2614837
1938,-.41508785
1943,.68236261
1944,-.6146243
1945,
1948,
1949,-1.0136972
1951,
1952,-1.7234345
1955,-.91392897
1957,-.2155514
1958,-1.2132336
1960,
1961,
1963,-.41508785
1965,.18352149
1966,.18352149
1967,-.71439252
1968,-1.3130019
1970,1.4805084
1973,-.71439252
1974,.98166728
1975,1.1812037
1976,-.71439252
1979,-.11578318
1981,
1982,1.280972
1985,1.280972
1990,1.1812037
1993,
1994,1.5802766
1996,.68236261
1999,.08375327
2000,-1.2132336
2003,-.2155514
2005,
2006,1.7798131
2009,-1.2132336
2010,.08375327
2013,-.41508785
2014,
2018,-1.0136972
2019,-2.0113794
2024,-1.811843
2029,.08375327
2030,.78213084
2032,-1.2132336
2035,.65541563
2037,-.91392897
2041,.08375327
2042,1.1812037
2043,1.4805084
2045,
2046,.48282616
2047,-.41508785
2048,1.5802766
2049,.18352149
2050,.68236261
2051,1.5802766
2054,.38305794
2057,1.1812037
2058,1.2614837
2060,-.2155514
2062,1.7798131
2064,
2065,-.71439252
2068,1.280972
2070,.78213084
2071,1.1812037
2072,1.7798131
2073,.78213084
2074,-.01154764
2076,1.1812037
2081,1.5802766
2082,-1.2132336
2086,1.7798131
2087,
2088,.78213084
2089,.38305794
2092,1.5802766
2093,-1.3241759
2095,-.2155514
2096,.68236261
2099,-.6146243
2100,-1.0136972
2108,-1.2132336
2110,
2111,-.91392897
2113,-.2155514
2114,
2116,
2118,-.91392897
2119,-.11578318
2120,.48282616
2121,-1.0136972
2122,-.11578318
2123,.38305794
2128,-.91392897
2129,.98166728
2130,1.2614837
2131,.48282616
2134,-.6146243
2136,1.1812037
2137,.38305794
2138,.18352149
2139,
2141,-1.1042617
2144,.08375327
2145,
2147,1.1812037
2149,
2150,-1.0136972
2151,.18352149
2154,-1.3130019
2158,-2.0113794
2159,-1.0002096
2161,
2162,1.5802766
2164,1.314038
2165,.68236261
2166,-1.2132336
2167,1.2614837
2168,.76017105
2172,-.91392897
2173,-.11578318
2175,
2178,-1.6428478
2181,
2182,1.5802766
2183,1.5802766
2185,.38305794
2186,
2187,1.4805084
2188,.08375327
2189,.08375327
2190,.98166728
2193,1.7798131
2197,-.6146243
2199,.08375327
2200,1.4805084
2205,1.4805084
2206,.78213084
2207,.08375327
2208,1.5802766
2209,.48282616
2210,1.4805084
2211,.98166728
2212,.78213084
2213,.68236261
2214,-.71439252
2215,.78213084
2218,-.01154764
2220,
2221,.08375327
2224,
2225,-.2155514
2226,.78213084
2227,-1.2132336
2228,
2229,-.91392897
2230,-.71439252
2233,1.1812037
2234,.08375327
2235,-.11578318
2237,-.41508785
2238,-1.5125383
2241,-.11578318
2242,-1.3241759
2246,
2250,.76017105
2251,-.2155514
2252,1.7798131
2253,1.1812037
2254,-.11578318
2255,.48282616
2256,.48282616
2257,.68236261
2261,-.20314698
2262,.76017105
2264,-1.5125383
2266,.38305794
2267,.76017105
2269,.48282616
2272,1.1812037
2273,.18352149
2274,
2275,.98166728
2276,
2278,-.11578318
2279,-.41508785
2281,
2282,
2285,-.91392897
2288,
2289,1.280972
2290,.98166728
2291,.48282616
2292,.08375327
2294,
2295,-.71439252
2296,1.1108753
2297,-1.0136972
2300,-.11578318
2301,-.2155514
2302,.38305794
2303,-1.0002096
2305,1.4805084
2306,-.11578318
2308,.78213084
2309,1.4805084
2310,.14627473
2312,-.6146243
2313,1.7798131
2314,-.41508785
2315,-.71439252
2316,-.6146243
2319,.68236261
2325,.48282616
2326,.08375327
2327,-.41508785
2328,1.7798131
2329,1.280972
2330,1.314038
2331,.68236261
2333,.38305794
2338,1.4805084
2341,.38305794
2342,1.7798131
2346,1.4805084
2349,.48282616
2350,1.7798131
2352,.98166728
2355,
2357,
2358,
2360,-.56528823
2361,
2362,.41759304
2363,.65541563
2365,-1.7234345
2367,-.11578318
2369,-.6146243
2370,
2371,.18352149
2372,-.2155514
2373,.98166728
2374,.41759304
2375,1.4805084
2376,1.5802766
2377,1.7798131
2379,.08375327
2381,.08375327
2382,1.280972
2383,.78213084
2384,1.314038
2385,.78213084
2387,
2388,
2389,
2393,.48282616
2394,1.1812037
2395,1.4805084
2397,.76017105
2398,-1.0136972
2402,-.91392897
2404,.48282616
2407,.76017105
2408,-.41508785
2409,.08375327
2410,-.11578318
2411,-.91392897
2414,.78213084
2417,
2418,-.71439252
2419,-1.1042617
2421,-.91392897
2422,1.4805084
2423,1.2614837
2425,1.4805084
2428,
2429,
2431,.68236261
2434,1.4805084
2436,-.56528823
2439,1.280972
2441,-.2155514
2442,-1.0136972
2447,-.91392897
2449,
2451,
2453,
2455,-2.0961033
2458,1.280972
2459,1.4805084
2460,1.5802766
2461,1.5802766
2463,.48282616
2466,1.1812037
2467,
2468,1.5353363
2469,
2470,1.4805084
2477,1.4805084
2479,.98166728
2480,1.7798131
2481,.68236261
2483,1.5802766
2484,-1.3241759
2485,.68236261
2487,.48282616
2490,
2492,.98166728
2496,1.1812037
2497,.98166728
2498,
2499,
2500,-1.3241759
2503,1.280972
2506,-1.3130019
2507,-.91392897
2508,.78213084
2511,
2513,.65541563
2514,1.4805084
2515,1.5802766
2516,
2517,
2519,
2520,-1.1042617
2522,1.4805084
2523,1.4805084
2524,.41759304
2525,.48282616
2526,.98166728
2527,1.5802766
2530,.48282616
2533,
2534,
2535,-1.3130019
2536,1.1812037
2537,
2541,
2542,-.11578318
2545,-1.0136972
2546,
2548,
2552,1.1812037
2558,1.1812037
2560,-.20314698
2562,1.1812037
2563,.08375327
2564,.08375327
2566,
2568,-.41508785
2569,.48282616
2573,.48282616
2574,-1.0002096
2575,.98166728
2576,.38305794
2578,1.5802766
2581,1.4805084
2584,-.6146243
2585,
2589,.68236261
2591,.78213084
2593,1.1108753
2594,1.5802766
2595,.48282616
2596,.38305794
2597,.23722516
2598,.48282616
2602,-2.0961033
2603,1.2614837
2604,
2605,-.11578318
2606,-.41508785
2608,-.2155514
2609,.48282616
2611,1.1812037
2613,.76017105
2614,1.280972
2615,1.1812037
2616,1.7798131
2618,1.5802766
2622,-.01154764
2623,-.71439252
2624,1.4805084
2627,-1.6428478
2628,.08375327
2629,-.71439252
2630,-1.2132336
2631,-1.2132336
2633,
2637,1.5802766
2641,-2.0113794
2643,-.2155514
2644,-1.0136972
2648,-1.7234345
2649,-1.6428478
2651,-.2155514
2652,1.1812037
2658,.48282616
2660,-.71439252
2661,.78213084
2662,.48282616
2665,.08375327
2666,-.71439252
2668,.48282616
2673,.18352149
2676,1.1812037
2677,.41759304
2678,.18352149
2682,.41759304
2683,1.5353363
2688,-.20314698
2689,.78213084
2690,-1.7234345
2692,-.91392897
2693,.18352149
2694,
2695,-1.3130019
2696,1.1812037
2697,-1.0136972
2700,-.11578318
2701,.98166728
2702,-.71439252
2703,.98166728
2704,-.2155514
2706,-.91392897
2710,1.7798131
2711,1.4805084
2713,-1.2132336
2714,1.7798131
2715,-1.3130019
2716,.76017105
2719,-1.1042617
2721,-.71439252
2727,-.2155514
2728,
2730,1.4805084
2731,1.5802766
2732,.68236261
2733,.78213084
2735,-1.3130019
2736,-1.3130019
2737,1.1812037
2738,.48282616
2741,-.20314698
2742,-.2155514
2743,.38305794
2747,-1.2132336
2752,-.91392897
2753,-.01154764
2755,1.1812037
2756,1.2614837
2758,1.1812037
2759,-1.1042617
2761,.78213084
2762,.41759304
2765,1.1812037
2766,-1.2132336
2773,
2774,
2775,.98166728
2776,.65541563
2778,.98166728
2779,.98166728
2786,
2788,1.4805084
2789,
2790,
2791,1.1108753
2794,
2795,
2798,-1.0136972
2799,.68236261
2800,-.6146243
2807,.48282616
2808,
2810,-.71439252
2813,.38305794
2814,-1.811843
2819,.48282616
2822,
2823,
2825,-2.0113794
2829,1.1812037
2830,
2831,
2833,.48282616
2835,-.41508785
2846,
2850,
2851,.14627473
2854,-.91392897
2857,
2858,.48282616
2860,-1.2132336
2862,.18352149
2863,-.87188606
2866,-.6146243
2867,-1.7234345
2868,
2871,-.2155514
2872,.23722516
2873,1.7798131
2874,1.7798131
2875,1.1812037
2876,1.7798131
2880,.18352149
2881,1.5802766
2882,
2883,1.1812037
2884,-.2155514
2886,.38305794
2888,1.5802766
2890,-.2155514
2891,-1.2132336
2893,
2895,-1.3130019
2896,.08375327
2897,-.91392897
2898,.68236261
2899,.08375327
2900,.38305794
2901,-.2155514
2904,-1.0136972
2906,.78213084
2907,.76017105
2908,.38305794
2910,1.7798131
2911,-.71439252
2915,.38305794
2916,.18352149
2917,.38305794
2918,.78213084
2919,.14627473
2920,
2921,-.20314698
2923,-.41508785
2925,-.71439252
2926,-.2155514
2930,-.20314698
2931,
2938,1.7798131
2939,1.1812037
2941,.78213084
2945,1.280972
2947,-2.0961033
2949,-.41508785
2950,.78213084
2951,.68236261
2954,.14627473
2955,-1.0136972
2957,1.2614837
2959,-1.811843
2960,
2963,.48282616
2964,
2965,.68236261
2967,-1.0136972
2968,-.20314698
2969,-.2155514
2971,-.71439252
2972,-.41508785
2973,
2975,.08375327
2976,1.280972
2977,-.71439252
2978,.48282616
2979,1.4805084
2980,.65541563
2981,1.5802766
2983,.38305794
2984,.38305794
2988,1.1812037
2990,.98166728
2992,1.280972
2993,1.5802766
2994,-1.1042617
2995,1.4805084
2996,-1.7234345
2999,
3001,-.56528823
3003,-.11578318
3004,1.7798131
3008,-.71439252
3011,
3015,.98166728
3016,.18352149
3019,1.5802766
3020,-.41508785
3024,.48282616
3027,.78213084
3032,.48282616
3033,-2.0113794
3034,-1.3241759
3035,-1.0136972
3036,
3038,1.280972
3042,.08375327
3043,.98166728
3044,
3048,-.20314698
3053,.18352149
3055,.18352149
3056,-1.1042617
3057,-.6146243
3058,
3059,1.4805084
3061,-1.0136972
3063,-.41508785
3064,.18352149
3065,-1.811843
3068,.48282616
3069,
3072,.78213084
3074,1.2614837
3075,.41759304
3076,1.4805084
3077,.78213084
3080,-1.3241759
3082,-.11578318
3084,1.7798131
3088,
3089,-.2155514
3090,-.6146243
3091,-.11578318
3092,.48282616
3094,
3095,
3097,.08375327
3098,-1.5125383
3101,
3102,-.71439252
3103,-1.811843
3104,
3106,
3107,.14627473
3108,-1.811843
3109,
3110,-.41508785
3111,
3113,.98166728
3114,
3119,
3120,1.5353363
3121,1.7798131
3122,-1.0136972
3127,-.6146243
3128,.38305794
3130,-1.2132336
3131,.76017105
3135,-.91392897
3136,.08375327
3137,-.2155514
3138,.48282616
3139,-1.0002096
3141,1.1812037
3142,.98166728
3143,1.5802766
3145,1.280972
3146,1.280972
3147,1.5802766
3149,-.11578318
3150,-.91392897
3152,
3154,.98166728
3156,1.4805084
3157,
3158,
3163,.23722516
3167,.98166728
3171,1.5802766
3172,-1.3130019
3173,-.71439252
3174,-.91392897
3176,1.1812037
3181,1.4805084
3184,-.41508785
3187,.14627473
3191,-.41508785
3193,.68236261
3194,1.4805084
3197,1.5802766
3198,1.5802766
3201,.18352149
3202,-.11578318
3205,-1.3241759
3207,
3208,
3209,
3212,.98166728
3215,-.11578318
3216,1.4805084
3217,
3219,.48282616
3220,-.41508785
3222,1.2614837
3224,-.6146243
3226,-1.2132336
3231,1.5802766
3234,-2.0113794
3244,1.5802766
3245,
3246,.68236261
3247,-.41508785
3253,-.71439252
3256,.98166728
3258,.48282616
3259,-.91392897
3260,-1.7234345
3262,
3263,-.11578318
3266,-.2155514
3269,-1.2132336
3270,.08375327
3271,-.6146243
3273,.48282616
3274,-.41508785
3275,
3281,.68236261
3283,.78213084
3285,-1.1042617
3286,
3287,.76017105
3289,-1.2132336
3290,-.91392897
3293,.65541563
3294,
3299,-1.6428478
3300,.48282616
3301,
3304,
3305,-1.0136972
3309,
3310,.48282616
3311,.08375327
3314,
3315,1.2614837
3321,.78213084
3322,.48282616
3325,.08375327
3327,
3328,-.41508785
3330,
3332,.41759304
3333,-.6146243
3335,-1.0002096
3336,
3338,
3340,-1.0136972
3341,1.4805084
3343,-1.2132336
3344,-1.0136972
3347,.98166728
3350,-.6146243
3351,-.6146243
3352,-.6146243
3354,-.20314698
3356,
3359,
3362,
3366,-.2155514
3367,-1.811843
3369,1.5802766
3370,-.11578318
3372,.18352149
3373,.08375327
3374,.98166728
3378,.78213084
3379,1.314038
3382,-1.3130019
3384,-.91392897
3385,-1.811843
3386,.38305794
3387,-.87188606
3388,1.1108753
3389,-1.0136972
3390,-.11578318
3392,-1.811843
3394,
3395,
3396,.23722516
3399,-1.2132336
3400,-.41508785
3407,-1.0136972
3409,.38305794
3412,
3418,.38305794
3419,.65541563
3421,
3424,-1.0136972
3425,-.71439252
3433,
3434,.41759304
3435,1.5802766
3436,-.87188606
3439,.08375327
3440,-2.0113794
3446,.08375327
3447,.68236261
3448,1.4805084
3449,.23722516
3450,.38305794
3451,-.2155514
3454,1.5802766
3456,1.5802766
3457,1.5802766
3458,1.5802766
3459,-.11578318
3464,.08375327
3465,-.11578318
3466,.08375327
3467,.38305794
3468,1.5802766
3469,.14627473
3471,.68236261
3472,1.314038
3473,-.91392897
3474,.38305794
3476,.23722516
3482,.68236261
3485,.38305794
3486,1.5802766
3487,.78213084
3491,
3493,-.87188606
3495,-.41508785
3496,.98166728
3499,.08375327
3500,-.41508785
3502,-.6146243
3505,-1.3130019
3508,-1.811843
3509,-1.0002096
3511,-.11578318
3513,-1.2132336
3514,
3515,1.5802766
3516,-.71439252
3518,-.2155514
3520,.68236261
3523,.38305794
3525,
3528,-1.0136972
3530,1.280972
3533,.23722516
3538,.38305794
3539,.38305794
3543,-1.6428478
3544,1.5802766
3545,-.91392897
3546,-.56528823
3547,-.2155514
3549,1.1812037
3551,-.56528823
3554,-.91392897
3556,1.5802766
3557,-.11578318
3558,1.5802766
3559,1.1812037
3560,1.280972
3563,.18352149
3564,-.87188606
3565,-1.3241759
3568,1.1812037
3569,.48282616
3570,-.11578318
3571,-.91392897
3572,
3573,-1.6428478
3574,1.5802766
3580,-1.3130019
3582,.78213084
3584,.78213084
3587,1.5802766
3589,.38305794
3591,-1.3241759
3592,.98166728
3599,1.1812037
3602,-1.0136972
3603,-.87188606
3605,1.2614837
3606,1.314038
3609,-.6146243
3610,
3616,-.41508785
3618,
3620,-.6146243
3621,
3622,
3623,.18352149
3625,1.7798131
3626,1.4805084
3629,
3630,-.87188606
3632,.68236261
3635,-1.2132336
3636,-1.1042617
3640,.38305794
3642,.68236261
3643,1.2614837
3645,1.1812037
3646,.98166728
3647,.65541563
3649,-.71439252
3650,
3651,
3652,
3653,-.91392897
3654,
3656,-1.0002096
3657,
3658,
3659,
3660,.76017105
3663,1.5353363
3664,-.71439252
3665,-.91392897
3666,-.20314698
3668,
3669,
3671,
3672,
3674,
3675,
3676,
3679,1.1812037
3680,
3683,-2.0113794
3684,.98166728
3685,
3686,
3687,.18352149
3690,-1.0136972
3692,-.87188606
3693,.14627473
3695,-.11578318
3698,
3701,-1.1042617
3702,
3706,.78213084
3707,-1.6428478
3709,-.91392897
3714,1.314038
3715,-1.7234345
3719,-.91392897
3721,
3723,.68236261
3724,
3725,1.7798131
3728,.68236261
3731,1.5802766
3732,-.71439252
3733,-.91392897
3734,-1.2132336
3737,-.91392897
3738,1.4805084
3743,
3746,.18352149
3749,-.71439252
3750,-1.811843
3755,-1.1042617
3757,
3759,-.91392897
3760,-.71439252
3762,-.11578318
3763,-1.3241759
3768,1.4805084
3769,.78213084
3770,1.7798131
3772,.08375327
3773,-.91392897
3777,.98166728
3780,.38305794
3781,.41759304
3783,-.6146243
3785,-.41508785
3787,1.4805084
3788,-.71439252
3790,-.20314698
3792,-.41508785
3793,-.91392897
3794,
3795,-.2155514
3796,-.71439252
3797,-2.0113794
3800,.98166728
3802,-.91392897
3805,.18352149
3808,-1.3130019
3809,.48282616
3811,-.41508785
3813,
3814,-.56528823
3816,1.280972
3817,
3826,
3827,-1.5125383
3829,-1.0136972
3831,-1.3241759
3834,
3835,
3836,
3839,-.11578318
3840,-1.7234345
3844,.18352149
3845,.38305794
3848,.98166728
3849,-.2155514
3850,1.5802766
3851,-.56528823
3852,1.1812037
3854,-.71439252
3857,-.91392897
3858,
3859,-1.3130019
3860,.41759304
3863,-.91392897
3871,-1.2132336
3872,-1.3241759
3876,-1.6428478
3877,
3878,1.1812037
3880,
3881,.48282616
3882,.48282616
3884,-.41508785
3886,-1.0002096
3888,-.41508785
3889,
3892,-1.6428478
3893,
3895,1.5802766
3896,1.280972
3898,
3902,-.87188606
3903,-.2155514
3904,-.41508785
3908,-1.2132336
3910,
3914,
3915,.08375327
3917,-.41508785
3918,-2.0113794
3921,-.87188606
3923,-1.3130019
3929,-.91392897
3931,
3936,.48282616
3938,1.1812037
3942,
3944,1.5802766
3946,
3947,-.41508785
3949,-1.3241759
3950,
3951,-2.0113794
3953,.23722516
3956,1.280972
3957,1.280972
3958,-.56528823
3959,.14627473
3960,.48282616
3961,1.314038
3962,.08375327
3967,1.5802766
3969,
3974,-.2155514
3980,1.5802766
3981,-.11578318
3986,
3987,.38305794
3988,1.5802766
3991,-.6146243
3993,-.11578318
3994,.68236261
3995,-1.811843
3996,-1.7234345
3997,-1.0136972
3998,-.6146243
4001,
4002,1.5802766
4003,1.5802766
4004,.98166728
4005,.18352149
4006,-.20314698
4007,
4008,.98166728
4009,1.4805084
4011,1.5802766
4013,1.314038
4014,.08375327
4016,.18352149
4021,.38305794
4025,-.71439252
4029,-.71439252
4030,-.11578318
4031,-.2155514
4033,-.11578318
4037,.48282616
4038,-.91392897
4041,.78213084
4043,-1.3130019
4044,-.71439252
4045,
4048,-1.3130019
4050,.41759304
4051,.38305794
4054,-.11578318
4056,
4057,1.4805084
4059,-.6146243
4063,.41759304
4064,1.4805084
4065,.65541563
4066,-1.7234345
4068,
4070,
4072,.68236261
4073,-1.3241759
4077,-1.3130019
4079,-.20314698
4080,.23722516
4084,1.314038
4085,
4086,
4087,.23722516
4095,
4096,
4097,.98166728
4100,1.1812037
4101,1.1812037
4106,-1.0136972
4107,
4108,-.11578318
4109,.68236261
4110,.38305794
4112,.38305794
4113,1.5802766
4119,-1.1042617
4120,.65541563
4121,-.91392897
4123,.14627473
4125,.68236261
4126,-.11578318
4128,.68236261
4129,.38305794
4131,1.280972
4133,.48282616
4134,-.11578318
4139,.68236261
4142,-.11578318
4144,-.2155514
4149,.48282616
4150,1.1812037
4152,-1.2132336
4153,.68236261
4154,
4155,
4156,.68236261
4158,1.7798131
4160,1.5353363
4161,.38305794
4162,.08375327
4165,1.280972
4166,.48282616
4168,-.2155514
4171,-1.2132336
4172,-1.7234345
4173,-1.3130019
4176,-1.3130019
4179,-1.5125383
4180,-1.3241759
4181,-1.1042617
4184,-2.0961033
4187,.78213084
4188,.68236261
4189,
4190,-.2155514
4192,-.11578318
4193,1.5802766
4196,-.2155514
4198,1.280972
4199,1.1812037
4202,1.1812037
4204,1.1812037
4205,-.2155514
4208,1.5802766
4209,-2.0113794
4211,.08375327
4214,1.1812037
4217,.78213084
4221,-.91392897
4222,
4225,
4226,
4228,
4230,
4232,
4233,
4237,.08375327
4239,.38305794
4240,-.01154764
4243,
4244,
4245,-1.0136972
4247,-.71439252
4251,-1.2132336
4252,-.87188606
4256,1.7798131
4258,-1.3130019
4259,.68236261
4261,-1.2132336
4263,.48282616
4265,1.4805084
4266,.48282616
4267,1.4805084
4268,-.41508785
4269,-.56528823
4270,-.2155514
4274,.38305794
4275,-.2155514
4277,.48282616
4278,.98166728
4279,1.5802766
4280,1.2614837
4284,-1.2132336
4285,-1.2132336
4286,.08375327
4288,.18352149
4289,
4291,.08375327
4292,
4294,.48282616
4295,1.5802766
4296,1.5802766
4299,.48282616
4300,1.4805084
4302,
4305,.78213084
4307,-.87188606
4310,-1.5125383
4311,.98166728
4312,1.1812037
4313,-.2155514
4317,-1.0136972
4320,-.71439252
4321,-1.7234345
4322,-.41508785
4323,
4326,.38305794
4328,-.41508785
4329,.08375327
4331,.14627473
4332,-1.7234345
4334,-1.5125383
4337,-1.5125383
4339,-.2155514
4341,-.2155514
4342,-1.2132336
4344,-1.2132336
4347,.38305794
4349,.78213084
4352,-.71439252
4354,-.91392897
4356,-2.0113794
4359,.08375327
4360,
4362,-.56528823
4363,-.41508785
4364,-.2155514
4374,-1.0136972
4378,-.11578318
4379,-1.0002096
4381,.18352149
4383,-.2155514
4385,-1.0136972
4386,-2.0961033
4387,.38305794
4389,-1.0136972
4390,-2.0113794
4396,-1.0002096
4397,-.71439252
4401,-1.6428478
4402,-.6146243
4403,-.2155514
4405,1.1812037
4407,1.4805084
4411,-.91392897
4413,-.2155514
4415,.14627473
4416,-.11578318
4420,
4421,
4422,
4424,-1.0136972
4425,-1.3130019
4426,.65541563
4432,-1.2132336
4436,.14627473
4437,-.2155514
4440,
4441,1.4805084
4444,.78213084
4445,1.1812037
4446,.08375327
4448,1.280972
4450,.98166728
4451,.78213084
4453,.78213084
4454,-2.0113794
4455,1.5353363
4456,.68236261
4457,.78213084
4458,1.2614837
4460,1.1812037
4463,-1.0136972
4464,-.11578318
4466,-1.1042617
4468,-.2155514
4472,.68236261
4475,-.56528823
4477,.14627473
4479,.18352149
4481,.68236261
4482,-.41508785
4483,-1.3130019
4484,-.2155514
4485,
4486,
4489,-1.7234345
4491,-1.3241759
4492,-.41508785
4494,-1.0136972
4497,-1.2132336
4498,.78213084
4500,-1.0136972
4502,-1.3241759
4503,-1.3241759
4505,
4506,.18352149
4507,.48282616
4509,
4511,.23722516
4513,-.6146243
4514,.68236261
4515,-.2155514
4516,1.4805084
4518,
4519,-1.2132336
4520,.38305794
4522,1.5802766
4525,1.7798131
4526,-.6146243
4527,-.11578318
4528,1.5802766
4530,-1.0136972
4533,1.1108753
4535,-.91392897
4537,1.4805084
4540,.78213084
4543,-.87188606
4544,.18352149
4545,-1.0136972
4546,-1.0136972
4547,1.7798131
4551,-1.0136972
4555,-.11578318
4562,-1.3130019
4564,.98166728
4567,-.71439252
4569,-1.1042617
4570,.48282616
4571,-.41508785
4572,
4573,-.6146243
4574,.38305794
4576,
4577,
4580,.65541563
4582,1.4805084
4585,
4586,.48282616
4587,.78213084
4589,-.11578318
4591,.48282616
4592,-.2155514
4596,-.20314698
4600,.78213084
4602,.38305794
4604,
4606,-.91392897
4609,-.71439252
4613,-.20314698
4614,1.4805084
4615,-.11578318
4616,
4617,.48282616
4622,.68236261
4623,-.20314698
4624,-1.3130019
4625,-1.6428478
4627,-1.3130019
4629,1.5353363
4631,.38305794
4632,.08375327
4636,.65541563
4637,
4638,.08375327
4639,-1.2132336
4640,-1.811843
4641,-.20314698
4642,.48282616
4643,1.7798131
4644,.98166728
4645,.18352149
4646,
4653,-1.0136972
4654,-.2155514
4659,.08375327
4660,.68236261
4661,.38305794
4663,1.1108753
4665,
4666,.18352149
4668,-.41508785
4669,-1.3241759
4679,.18352149
4680,-.87188606
4681,.38305794
4682,-1.6428478
4690,.48282616
4691,-.91392897
4692,
4693,-.56528823
4701,-1.2132336
4702,1.1812037
4703,-.91392897
4705,
4709,.14627473
4710,1.4805084
4712,-1.3241759
4713,-2.0113794
4717,-.71439252
4724,1.4805084
4727,-1.3130019
4731,1.5802766
4734,-1.5125383
4735,
4736,-.2155514
4737,-.2155514
4740,.18352149
4743,-.11578318
4744,
4745,-.41508785
4746,.41759304
4749,-1.0136972
4750,.38305794
4751,1.4805084
4752,-1.0136972
4759,1.280972
4762,-.71439252
4763,1.5802766
4764,
4765,.38305794
4766,
4769,
4774,.38305794
4776,-.2155514
4780,
4781,-1.0136972
4782,
4787,.98166728
4788,1.4805084
4790,.48282616
4791,
4793,
4794,
4798,.48282616
4799,.98166728
4800,-1.1042617
4803,-.11578318
4805,.08375327
4808,
4810,-.91392897
4813,.98166728
4814,1.5802766
4817,.48282616
4818,1.2614837
4819,-.11578318
4820,1.5802766
4824,-.71439252
4826,1.7798131
4827,1.1812037
4830,1.1812037
4831,
4832,.68236261
4833,1.7798131
4835,-.11578318
4836,.38305794
4839,.08375327
4840,-.20314698
4844,-1.0136972
4845,-.11578318
4847,.18352149
4848,-.2155514
4849,.08375327
4851,-.41508785
4853,.38305794
4861,-.71439252
4863,1.5353363
4864,.38305794
4866,.78213084
4869,-.56528823
4870,1.314038
4872,-.6146243
4874,-.71439252
4883,.38305794
4884,-1.0136972
4886,-.41508785
4887,.65541563
4889,1.280972
4890,.08375327
4891,
4892,-1.1042617
4894,.78213084
4896,-.71439252
4897,1.1812037
4900,.98166728
4902,-1.0136972
4906,-.71439252
4907,-1.3130019
4908,-.6146243
4909,.68236261
4910,-1.0002096
4911,.78213084
4912,-.71439252
4913,.78213084
4914,
4916,.08375327
4918,1.1108753
4919,1.1812037
4920,-1.2132336
4921,.08375327
4922,.41759304
4927,1.1812037
4928,.48282616
4929,
4930,
4931,-.2155514
4932,.23722516
4934,.78213084
4936,-1.1042617
4937,-.6146243
4939,.48282616
4940,.48282616
4942,1.5353363
4943,.98166728
4945,
4946,-1.1042617
4947,1.5802766
4948,-.2155514
4950,-1.1042617
4951,
4953,-.2155514
4954,-.41508785
4957,
4965,-1.2132336
4970,-.2155514
4971,-.2155514
4972,-.2155514
4975,-1.6428478
4977,-.11578318
4980,
4981,-.91392897
4983,1.4805084
4984,-1.0002096
4986,-.01154764
4987,.68236261
4989,
4992,1.314038
4997,-.91392897
5000,
5002,
5004,
5006,
5010,1.280972
5012,1.280972
5013,.38305794
5014,1.2614837
5019,.48282616
5020,1.5802766
5023,-1.6428478
5026,.08375327
5028,1.1812037
5029,-.87188606
5030,1.1812037
5031,1.5802766
5033,-.91392897
5034,
5036,
5037,
5038,.14627473
5041,.08375327
5042,1.7798131
5044,
5045,1.5802766
5047,-.41508785
5050,
5052,.18352149
5053,.78213084
5055,-1.0136972
5056,
5058,
5059,
5061,
5062,
5063,
5064,
5065,
5066,
5067,
5070,-1.3130019
5071,-1.0136972
5074,
5076,
5077,.38305794
5080,-.2155514
5081,-.01154764
5084,1.280972
5088,1.280972
5090,1.314038
5093,-1.2132336
5094,-.41508785
5100,1.1812037
5102,-1.0136972
5103,
5105,-.87188606
5106,.68236261
5107,
5108,.23722516
5109,1.5353363
5110,.98166728
5112,-.2155514
5116,.08375327
5117,-.2155514
5119,
5120,.08375327
5121,
5122,-1.3130019
5124,.08375327
5127,.48282616
5132,.98166728
5133,.14627473
5134,-.91392897
5135,.78213084
5136,.08375327
5139,.38305794
5142,1.5353363
5144,1.4805084
5145,-1.2132336
5147,
5148,
5150,.08375327
5153,.68236261
5155,1.4805084
5156,-.2155514
5157,-.91392897
5159,1.5802766
5161,-.2155514
5162,1.314038
5164,-.71439252
5165,1.5802766
5166,1.1812037
5170,1.280972
5172,-.2155514
5174,1.7798131
5178,.78213084
5180,.48282616
5181,-.01154764
5183,1.5802766
5184,1.1812037
5188,.98166728
5191,1.1812037
5197,1.5802766
5199,
5201,-.2155514
5209,1.2614837
5211,.78213084
5213,-.71439252
5214,-.41508785
5218,-1.0136972
5220,.76017105
5222,.08375327
5223,-.6146243
5224,-1.3130019
5226,
5229,.14627473
5231,.08375327
5234,.38305794
5235,
5238,1.5802766
5240,-1.2132336
5244,.08375327
5245,-.71439252
5246,1.280972
5248,-1.6428478
5249,1.314038
5250,.76017105
5252,.48282616
5254,
5255,
5258,.08375327
5259,-.11578318
5260,.08375327
5262,.41759304
5266,
5268,.68236261
5271,-.41508785
5273,.68236261
5275,
5277,
5278,-.2155514
5279,1.280972
5282,-.71439252
5283,.14627473
5284,-1.3130019
5286,-.41508785
5287,-1.2132336
5288,-2.0113794
5292,
5301,.18352149
5305,
5306,1.4805084
5308,-.91392897
5309,1.4805084
5312,1.1108753
5313,.48282616
5314,-1.5125383
5316,-.71439252
5321,-.41508785
5322,.18352149
5323,-1.2132336
5325,
5327,-.2155514
5329,-.71439252
5330,.48282616
5331,
5332,-.11578318
5336,-.91392897
5337,.65541563
5339,-.11578318
5341,-.6146243
5342,1.5802766
5345,1.7798131
5347,1.280972
5348,-.91392897
5349,-.41508785
5350,.14627473
5352,-.41508785
5353,.18352149
5354,1.4805084
5355,.48282616
5356,1.1812037
5357,.38305794
5360,1.5802766
5362,.48282616
5363,.98166728
5364,-1.6428478
5366,-1.0136972
5368,-1.3130019
5370,
5371,
5373,
5374,
5375,.23722516
5376,-1.1042617
5377,-.20314698
5379,.23722516
5380,1.4805084
5383,.65541563
5384,-1.3130019
5385,.98166728
5391,-.71439252
5393,1.314038
5395,
5396,-1.811843
5400,.08375327
5406,-.11578318
5407,.23722516
5408,.98166728
5409,.78213084
5415,.68236261
5417,
5420,-.11578318
5423,-.6146243
5426,-1.7234345
5427,-.41508785
5428,-.11578318
5429,-.91392897
5431,-1.0136972
5433,-.11578318
5434,
5435,
5436,.18352149
5437,1.5802766
5438,1.5802766
5439,1.4805084
5440,-.6146243
5441,-1.2132336
5442,.48282616
5443,
5445,.48282616
5447,-.87188606
5449,
5450,-.2155514
5453,.08375327
5455,-.6146243
5458,-.87188606
5459,-1.6428478
5461,-.91392897
5462,-2.0113794
5464,1.2614837
5471,-.41508785
5474,1.5802766
5481,1.280972
5483,.38305794
5484,-.01154764
5486,
5488,-.56528823
5491,.98166728
5492,1.1812037
5494,.38305794
5497,-.71439252
5499,-.71439252
5500,1.1812037
5502,-.2155514
5509,.18352149
5510,-.2155514
5511,-1.1042617
5512,.98166728
5515,-.56528823
5516,1.5802766
5517,.23722516
5518,-1.2132336
5519,-.6146243
5520,1.1108753
5521,-.2155514
5522,.48282616
5523,1.4805084
5524,.68236261
5525,.08375327
5529,.48282616
5532,-.2155514
5533,.68236261
5536,1.5802766
5537,1.4805084
5538,.08375327
5539,.18352149
5541,1.5802766
5542,.68236261
5545,-.2155514
5546,1.5802766
5547,-1.2132336
5549,-1.7234345
5550,-.2155514
5552,1.5802766
5553,1.1812037
5554,.08375327
5555,-1.2132336
5556,.23722516
5557,-.11578318
5561,-.01154764
5566,-.11578318
5568,-1.5125383
5569,-.11578318
5574,-.56528823
5577,.18352149
5579,-.11578318
5581,.78213084
5582,
5586,-1.0136972
5588,
5591,-1.0002096
5592,-1.3241759
5593,-2.0113794
5595,.14627473
5596,-.41508785
5598,-1.3130019
5599,-2.0113794
5600,-1.1042617
5602,-.6146243
5604,-.87188606
5605,
5607,-.41508785
5609,-.91392897
5611,-.41508785
5612,-.71439252
5614,-.11578318
5617,
5619,.68236261
5626,.18352149
5627,
5629,-.56528823
5630,-.91392897
5631,-1.3130019
5635,-1.0002096
5636,.38305794
5639,-.2155514
5640,-.87188606
5643,
5650,
5651,-.6146243
5652,.68236261
5654,
5657,-2.0113794
5658,
5660,-1.7234345
5666,
5669,-1.1042617
5670,.78213084
5671,.14627473
5673,
5675,
5676,
5678,
5680,-.71439252
5682,
5687,-.71439252
5689,-.71439252
5692,-2.0961033
5693,-.91392897
5696,-1.3130019
5698,-.11578318
5699,-.71439252
5701,-.41508785
5703,-.2155514
5704,-.41508785
5709,-1.0002096
5713,.68236261
5715,-1.2132336
5716,-.91392897
5721,-1.6428478
5723,
5724,.78213084
5726,-1.3241759
5729,-1.2132336
5730,-.41508785
5731,.65541563
5734,-1.3241759
5736,-.41508785
5737,-1.2132336
5742,-.91392897
5743,1.5802766
5744,.18352149
5746,.48282616
5747,
5749,.08375327
5750,
5751,-1.3130019
5754,
5755,-2.0961033
5756,
5758,
5759,.08375327
5760,
5765,.41759304
5766,-1.0136972
5769,-.2155514
5771,1.280972
5774,
5776,-.11578318
5777,.48282616
5779,
5780,
5781,-2.0961033
5782,-.91392897
5784,
5786,-.2155514
5789,-1.6428478
5790,-.2155514
5791,-.91392897
5793,-.71439252
5794,-.20314698
5795,
5798,1.1812037
5802,.14627473
5804,-1.5125383
5805,
5806,-1.0136972
5809,-1.3130019
5813,
5815,-2.0113794
5816,-1.811843
5817,-1.3241759
5821,-1.1042617
5823,-1.811843
5825,
5828,-.91392897
5829,
5831,-1.811843
5833,-2.0113794
5835,-1.7234345
5837,-.6146243
5838,.38305794
5841,-2.0961033
5842,1.2614837
5847,-1.7234345
5848,
5849,-1.0002096
5850,-2.0113794
5852,-1.0136972
5857,
5861,1.7798131
5862,-2.0113794
5866,.78213084
5867,-.2155514
5868,.78213084
5869,-.71439252
5872,
5874,-.87188606
5876,
5882,
5883,1.5353363
5887,
5894,-.87188606
5896,-.41508785
5899,-.41508785
5903,
5906,.23722516
5907,-.71439252
5908,.98166728
5913,
5918,
5920,-1.811843
5921,
5922,.68236261
5923,-.91392897
5924,-.6146243
5926,
5927,-.71439252
5931,-.91392897
5932,
5935,-.2155514
5936,.08375327
5940,
5941,1.4805084
5947,1.1812037
5948,-.6146243
5950,-.11578318
5952,-.20314698
5953,.38305794
5954,-.2155514
5956,
5959,.68236261
5961,-.2155514
5962,.38305794
5963,-.2155514
5964,.48282616
5967,
5969,1.1812037
5970,-1.0136972
5976,
5977,-.71439252
5982,-.87188606
5983,.23722516
5984,-.91392897
5986,-.41508785
5989,.65541563
5990,.18352149
5995,-.2155514
5997,-.87188606
5998,.08375327
5999,-.71439252
6000,.48282616
6001,-.41508785
6002,.48282616
6003,1.1812037
6004,-.2155514
6009,-1.0136972
6011,-2.0113794
6015,-1.811843
6017,-1.5125383
6018,-.71439252
6020,-.91392897
6021,.78213084
6022,.08375327
6023,1.280972
6025,-1.0002096
6026,-.71439252
6031,
6037,-.2155514
6038,.65541563
6040,-1.0136972
6041,-2.0113794
6042,1.1812037
6045,
6046,-1.3130019
6049,-.2155514
6050,
6052,
6054,-.11578318
6059,-1.6428478
6060,.41759304
6061,-1.3130019
6062,-.6146243
6064,-1.0136972
6066,
6068,-.2155514
6069,-.41508785
6070,-.87188606
6072,
6073,1.5353363
6074,1.4805084
6075,.68236261
6078,-.11578318
6082,.08375327
6083,-1.6428478
6084,
6085,-.41508785
6088,.48282616
6089,-1.0002096
6091,-1.3130019
6094,
6096,-.71439252
6097,-.6146243
6098,-.91392897
6100,
6101,
6103,
6104,
6106,-.56528823
6108,1.4805084
6111,1.314038
6113,-.11578318
6116,.18352149
6118,.18352149
6119,-.41508785
6120,.14627473
6121,-.20314698
6123,-.91392897
6125,-1.811843
6129,
6130,
6131,
6133,1.280972
6134,1.5802766
6143,-1.2132336
6145,
6149,.08375327
6151,.98166728
6153,.48282616
6154,
6158,.68236261
6163,-1.7234345
6165,-1.0136972
6172,
6174,.48282616
6176,
6181,1.4805084
6182,-1.811843
6184,-.71439252
6185,-.2155514
6187,.68236261
6191,1.280972
6192,.78213084
6193,-1.7234345
6195,-.11578318
6196,-1.811843
6200,-.6146243
6204,.68236261
6205,-1.0136972
6206,-1.0136972
6207,-.91392897
6210,.23722516
6213,-.71439252
6214,.38305794
6215,1.5802766
6216,-1.0136972
6218,-.6146243
6219,-1.3241759
6220,.78213084
6222,
6223,-.2155514
6224,-.6146243
6229,.68236261
6230,1.2614837
6231,.68236261
6234,1.7798131
6236,-1.811843
6237,1.1812037
6238,.98166728
6240,1.280972
6245,.98166728
6247,-1.3130019
6248,1.1812037
6250,1.280972
6251,.68236261
6252,.68236261
6254,-1.3241759
6256,.38305794
6257,-.91392897
6261,1.4805084
6263,1.7798131
6264,
6267,
6272,.48282616
6273,
6274,1.5802766
6276,-1.0136972
6282,-.91392897
6283,-.91392897
6285,
6286,.41759304
6288,
6292,-.6146243
6293,.65541563
6296,-.01154764
6297,-.91392897
6298,-.11578318
6302,-.20314698
6303,-1.811843
6307,
6309,.48282616
6311,-1.0136972
6314,-.2155514
6316,.48282616
6317,.23722516
6318,1.2614837
6320,-.71439252
6321,-.87188606
6324,.48282616
6325,-.01154764
6326,-.2155514
6327,1.1812037
6331,.18352149
6332,1.5802766
6334,
6337,
6338,-1.2132336
6340,-1.1042617
6342,
6343,
6344,.68236261
6347,.14627473
6348,-.91392897
6352,.08375327
6353,-.87188606
6354,1.7798131
6357,.08375327
6361,-1.0136972
6362,1.1812037
6363,
6364,-.2155514
6366,-.2155514
6371,
6377,-.11578318
6381,-.01154764
6383,-.11578318
6384,1.4805084
6385,.48282616
6387,.08375327
6388,-.87188606
6389,.48282616
6391,.98166728
6392,-.20314698
6393,.08375327
6396,-.11578318
6397,.68236261
6398,
6402,.38305794
6403,1.2614837
6404,
6405,1.280972
6406,-.11578318
6409,.68236261
6410,1.280972
6411,-.41508785
6412,1.1812037
6415,.23722516
6416,-1.3130019
6417,
6423,.18352149
6425,-.56528823
6430,.48282616
6432,-.11578318
6433,.48282616
6434,-.2155514
6435,.48282616
6438,.08375327
6439,1.5802766
6441,1.2614837
6442,.18352149
6443,1.4805084
6445,-.91392897
6446,
6449,.68236261
6450,
6452,
6453,1.314038
6454,1.5802766
6455,-.11578318
6459,
6460,-1.0002096
6461,-1.0136972
6462,-.91392897
6464,-1.2132336
6466,-1.3130019
6471,1.1812037
6472,-.2155514
6476,-.01154764
6478,1.5353363
6479,-.91392897
6480,-1.6428478
6481,-.41508785
6485,-.11578318
6486,.18352149
6488,1.1812037
6494,.08375327
6495,.38305794
6496,-.6146243
6497,-.11578318
6502,.68236261
6503,-.2155514
6504,-.56528823
6505,
6507,
6510,1.4805084
6512,1.7798131
6517,-.01154764
6522,-.01154764
6525,.08375327
6526,
6529,-.11578318
6530,-1.0136972
6531,-.91392897
6532,
6533,-.41508785
6534,-.2155514
6537,-.71439252
6538,.68236261
6539,-.87188606
6543,-1.2132336
6545,
6547,-.11578318
6551,1.4805084
6552,1.4805084
6553,.08375327
6554,.08375327
6555,.98166728
6556,-.71439252
6559,-.11578318
6562,-.11578318
6563,.98166728
6565,1.5802766
6569,-.56528823
6570,-.41508785
6571,.38305794
6576,-1.2132336
6577,1.280972
6578,.18352149
6583,-1.2132336
6585,-1.0002096
6587,1.1812037
6593,
6595,
6596,-1.2132336
6597,
6600,
6602,
6604,.41759304
6606,-.91392897
6607,-.41508785
6608,-1.0136972
6609,.08375327
6610,
6611,
6612,
6613,
6614,
6619,
6620,-.2155514
6621,.38305794
6622,-1.6428478
6623,
6625,
6630,
6634,-1.0002096
6637,
6640,
6641,
6642,-1.3130019
6643,-.11578318
6644,-.91392897
6647,1.314038
6654,
6655,-1.5125383
6656,-1.5125383
6657,
6658,
6661,
6662,
6664,.14627473
6668,
6669,
6670,
6672,
6674,-2.0113794
6675,
6676,-.6146243
6677,
6679,
6680,-1.0002096
6681,-1.2132336
6683,1.4805084
6684,
6685,
6686,
6690,
6693,
6694,
6695,
6697,
6699,
6701,.78213084
6702,.08375327
6703,
6704,
6705,
6708,
6709,-.6146243
6710,-.41508785
6715,
6717,
6719,
6720,
6723,
6724,
6726,
6728,-1.811843
6729,.68236261
6732,
6733,
6734,.41759304
6738,1.5802766
6739,
6740,-.91392897
6742,1.2614837
6743,
6744,.38305794
6745,.98166728
6747,.98166728
6755,
6758,-.11578318
6759,1.280972
6761,-1.3130019
6762,-1.1042617
6764,
6767,-1.2132336
6768,-1.3241759
6770,.78213084
6772,-1.0136972
6773,.14627473
6778,-.2155514
6779,-.2155514
6780,-.91392897
6783,-.91392897
6784,-1.2132336
6787,-1.0136972
6789,-.91392897
6790,-1.7234345
6792,-1.0136972
6796,-.20314698
6797,-1.3130019
6798,.18352149
6800,
6802,
6804,-1.2132336
6806,1.280972
6812,-.91392897
6814,
6816,-1.2132336
6819,.08375327
6824,1.1812037
6826,-1.1042617
6827,-.11578318
6828,.48282616
6830,
6833,
6836,
6837,
6841,.78213084
6843,
6844,-1.3130019
6845,-.91392897
6846,-.91392897
6847,-1.0136972
6848,
6850,-.91392897
6853,
6854,
6856,-1.3241759
6859,.76017105
6860,1.280972
6861,.78213084
6862,.38305794
6863,-1.3241759
6865,.38305794
6867,-.56528823
6870,-1.3130019
6871,-.2155514
6872,-.91392897
6873,-1.2132336
6875,-1.0136972
6876,-.91392897
6877,
6878,
6879,-.11578318
6886,-.41508785
6887,-.71439252
6888,.98166728
6892,
6894,-1.3130019
6899,-.71439252
6901,.08375327
6904,.38305794
6907,
6910,.08375327
6911,.68236261
6912,.38305794
6915,.08375327
6918,-1.7234345
6922,-1.5125383
6926,
6927,
6928,-.91392897
6929,-.87188606
6932,
6934,-1.2132336
6939,1.4805084
6940,.48282616
6941,-.71439252
6942,.68236261
6943,.48282616
6950,-.41508785
6954,-.71439252
6957,-1.3241759
6958,
6959,
6960,
6961,-.71439252
6963,
6966,.68236261
6968,
6969,-.91392897
6970,
6973,.48282616
6974,.68236261
6975,.48282616
6977,-1.811843
6979,
6982,-1.2132336
6983,
6984,
6988,-.2155514
6990,-.71439252
6992,-1.3130019
6993,.38305794
6994,-.6146243
6995,-.91392897
6997,-1.6428478
6999,
7001,
7002,-.11578318
7005,
7008,
7009,-.71439252
7015,.18352149
7016,-1.811843
7019,-.87188606
7020,
7022,-1.1042617
7023,-2.0113794
7025,
7027,-1.811843
7028,.38305794
7029,-.91392897
7030,.18352149
7031,-2.0113794
7033,
7039,-1.0002096
7040,-1.811843
7043,-1.7234345
7044,.38305794
7045,
7046,.48282616
7047,-1.3130019
7049,.14627473
7051,1.280972
7052,1.1812037
7055,-.2155514
7056,-.71439252
7061,.78213084
7062,1.5353363
7065,-1.3241759
7067,-1.6428478
7068,-1.6428478
7071,
7074,.68236261
7076,-.2155514
7077,-1.7234345
7078,.68236261
7080,1.5353363
7085,-.71439252
7087,
7092,.78213084
7093,
7095,1.314038
7097,.41759304
7100,
7101,.68236261
7102,-.11578318
7103,-.6146243
7104,
7108,1.4805084
7109,-.91392897
7113,-1.6428478
7114,-1.6428478
7115,-.71439252
7116,-1.3241759
7119,
7126,-1.3130019
7127,-1.0136972
7128,-.91392897
7129,
7130,
7131,
7134,-.71439252
7135,-.41508785
7138,-.91392897
7141,-.41508785
7143,.38305794
7146,-1.5125383
7149,-1.6428478
7150,-.56528823
7153,.68236261
7155,.98166728
7156,
7157,
7159,-.71439252
7160,
7163,.08375327
7165,
7167,-1.0002096
7168,.48282616
7170,.68236261
7171,-.11578318
7174,1.4805084
7179,-1.3130019
7181,
7184,-1.2132336
7186,1.314038
7190,1.314038
7191,.76017105
7193,.78213084
7195,-1.0002096
7196,.08375327
7197,.08375327
7201,.38305794
7202,-.91392897
7203,
7205,
7206,1.5353363
7207,
7209,.18352149
7210,-.2155514
7212,
7214,
7216,
7219,.08375327
7220,.68236261
7221,
7222,1.5802766
7223,1.1812037
7224,-.2155514
7225,1.314038
7227,-1.6428478
7228,
7229,-.2155514
7231,
7233,-2.0961033
7234,-.91392897
7238,
7239,
7242,-.41508785
7245,
7246,-1.0136972
7247,-.41508785
7248,-1.2132336
7249,-1.2132336
7250,
7251,-1.7234345
7252,.48282616
7253,
7254,-.41508785
7255,-.71439252
7256,
7257,.48282616
7259,.65541563
7260,-.56528823
7261,-.2155514
7265,
7266,-1.2132336
7267,-.91392897
7271,-1.2132336
7272,-.91392897
7274,-1.6428478
7276,-1.3241759
7277,.08375327
7278,-.41508785
7280,
7282,-2.0961033
7283,-1.811843
7285,.48282616
7287,
7288,.48282616
7289,.41759304
7290,-.71439252
7292,-.91392897
7297,
7298,
7299,
7300,
7307,-1.0136972
7308,.78213084
7309,.98166728
7310,-1.6428478
7311,
7312,
7314,-.6146243
7315,
7316,-2.0961033
7320,
7322,.68236261
7323,-.91392897
7325,.41759304
7326,
7331,-1.3241759
7332,-1.0002096
7334,-.41508785
7335,-1.2132336
7336,.98166728
7337,-.20314698
7338,-.2155514
7339,1.4805084
7342,-.91392897
7343,-.56528823
7345,-.91392897
7346,-1.0136972
7347,-.11578318
7349,-.20314698
7350,-1.3130019
7352,.08375327
7353,-.91392897
7354,-.71439252
7355,-1.2132336
7356,-.71439252
7358,-1.0002096
7360,.78213084
7361,-2.0113794
7362,.78213084
7363,-1.6428478
7364,-1.0136972
7369,-1.6428478
7372,-1.7234345
7375,-.71439252
7376,-1.5125383
7377,-2.0961033
7383,.23722516
7386,-.71439252
7387,-1.3130019
7389,-.2155514
7393,
7394,1.5802766
7396,.08375327
7397,-2.0113794
7398,
7402,.68236261
7403,-.71439252
7405,
7412,-.11578318
7413,
7415,-.6146243
7416,
7417,-1.811843
7418,
7421,1.280972
7423,
7424,-.91392897
7425,.38305794
7426,-1.0136972
7427,-.71439252
7428,-.6146243
7430,-1.5125383
7431,
7433,-.41508785
7435,1.4805084
7436,-1.6428478
7439,-1.0136972
7441,-1.1042617
7442,.48282616
7447,
7448,-1.6428478
7449,-1.7234345
7451,
7453,
7455,-.71439252
7457,.48282616
7458,-1.2132336
7459,-1.6428478
7461,-1.5125383
7462,-1.7234345
7463,-1.3130019
7464,-.11578318
7465,-.41508785
7466,
7471,-1.3241759
7472,-1.2132336
7473,-.91392897
7474,-1.2132336
7475,
7476,-.41508785
7481,-1.6428478
7483,-1.6428478
7484,-.71439252
7485,-1.1042617
7488,
7490,
7497,.68236261
7498,-1.2132336
7500,-1.1042617
7502,-1.7234345
7503,-1.1042617
7505,
7506,-.71439252
7507,-.11578318
7510,-.2155514
7515,-1.0002096
7516,.98166728
7518,-1.2132336
7522,.18352149
7523,-.41508785
7524,-2.0961033
7526,
7529,
7532,-.11578318
7537,.18352149
7538,.38305794
7540,-1.0002096
7542,
7544,
7547,-.71439252
7548,-.41508785
7549,-.41508785
7550,.78213084
7552,-.2155514
7553,-1.0136972
7554,-.56528823
7558,-1.0002096
7560,-.91392897
7561,-1.3130019
7562,-1.1042617
7564,-.41508785
7565,.38305794
7566,.23722516
7567,.38305794
7568,-1.6428478
7569,.18352149
7570,-1.3130019
7572,
7573,
7578,-.41508785
7581,-.2155514
7583,
7585,-.6146243
7589,-.2155514
7594,.98166728
7595,.14627473
7596,-.91392897
7597,-.11578318
7599,-1.0136972
7600,.23722516
7602,-.41508785
7604,.18352149
7607,-.91392897
7615,-.2155514
7620,
7621,1.7798131
7624,
7627,-2.0961033
7629,
7630,-2.0113794
7631,-1.7234345
7638,
7640,
7641,-.11578318
7642,.48282616
7643,.38305794
7645,-1.6428478
7648,-1.2132336
7649,-1.3130019
7651,.98166728
7656,-1.0136972
7658,
7660,-.2155514
7661,-2.0113794
7663,
7664,
7667,.65541563
7669,
7670,
7672,
7673,
7674,
7675,-1.0136972
7676,-.91392897
7677,-1.0136972
7678,-.91392897
7680,
7691,
7693,-.91392897
7696,
7699,
7700,
7703,
7704,-.41508785
7706,.68236261
7710,-1.3241759
7712,
7714,
7718,
7721,
7722,-.71439252
7723,.38305794
7725,
7726,
7727,-1.3130019
7729,-1.3241759
7731,-.91392897
7733,-1.0136972
7735,-1.6428478
7737,-.71439252
7739,-1.6428478
7742,-1.3241759
7744,-.91392897
7745,.48282616
7746,-1.3130019
7747,-2.0961033
7748,-.6146243
7749,-1.0136972
7750,-1.5125383
7751,-1.3130019
7752,.08375327
7753,
7755,
7757,-1.1042617
7759,-.6146243
7760,-.2155514
7761,-.2155514
7763,-1.6428478
7768,-1.0136972
7771,-.71439252
7772,-.11578318
7775,
7776,
7778,
7779,.68236261
7783,-1.2132336
7784,-.11578318
7785,
7786,
7788,
7789,
7790,1.1108753
7791,
7796,-1.811843
7797,-1.0002096
7799,.76017105
7800,.98166728
7802,-.91392897
7803,.08375327
7805,-.41508785
7806,1.1812037
7807,-.6146243
7808,
7810,-.91392897
7812,
7818,-1.6428478
7820,-.20314698
7821,-1.7234345
7822,-1.6428478
7825,1.1812037
7827,
7831,-1.2132336
7832,-.71439252
7833,
7834,-.11578318
7835,-.41508785
7838,
7839,.48282616
7845,-.71439252
7847,-1.2132336
7848,-1.3130019
7849,-.2155514
7850,-.11578318
7854,.98166728
7855,.98166728
7859,-1.2132336
7860,
7861,.08375327
7862,-.91392897
7864,
7865,-.2155514
7866,-2.0113794
7867,
7869,-2.0961033
7875,-.71439252
7876,-1.3241759
7879,
7881,-1.0136972
7882,
7883,-1.5125383
7884,-2.0113794
7885,-2.0113794
7889,-.71439252
7890,-.91392897
7891,-1.1042617
7893,-.91392897
7894,-2.0113794
7897,
7898,.18352149
7900,-.91392897
7902,-1.0002096
7905,-1.5125383
7910,-2.0961033
7912,-2.0113794
7913,
7914,
7915,.98166728
7916,
7917,
7919,-2.0113794
7921,
7928,-1.5125383
7929,-1.3130019
7930,-.71439252
7933,.14627473
7934,-1.2132336
7935,-.56528823
7936,1.1812037
7940,
7943,
7944,
7948,-1.0136972
7949,
7952,.14627473
7953,-1.811843
7955,-1.1042617
7956,-1.0136972
7963,-1.2132336
7965,-1.5125383
7967,-1.0136972
7968,-1.3130019
7969,
7970,
7971,
7972,-.91392897
7973,.78213084
7974,
7975,
7981,-1.2132336
7982,
7983,-.87188606
7984,-.6146243
7988,-.20314698
7990,
7991,
7993,-1.3241759
7994,-1.5125383
7997,-1.0002096
7998,-1.811843
8001,-1.0136972
8002,
8003,-1.0002096
8004,-.6146243
8005,
8015,
8016,-1.3130019
8025,-.71439252
8026,-1.3130019
8028,-.71439252
8029,-1.5125383
8031,-.71439252
8032,-.41508785
8034,-.71439252
8035,
8036,
8038,-1.0002096
8040,
8041,
8042,-1.0136972
8043,
8045,
8046,-.91392897
8047,-1.3130019
8049,
8050,.08375327
8051,.23722516
8052,
8053,-1.0136972
8055,-.2155514
8057,-2.0113794
8058,
8059,-.87188606
8062,-1.6428478
8063,
8065,
8071,-1.3241759
8072,-.71439252
8073,-1.3241759
8076,
8077,1.2614837
8078,-.2155514
8087,1.314038
8088,-1.2132336
8090,-1.7234345
8094,
8099,-1.811843
8100,
8101,-2.0961033
8102,.14627473
8104,
8105,.08375327
8108,.38305794
8109,-.41508785
8110,-1.811843
8124,-1.6428478
8126,
8129,-.20314698
8130,.23722516
8132,.08375327
8135,.38305794
8136,-.41508785
8137,-1.0136972
8138,-.2155514
8142,-2.0113794
8145,-2.0113794
8148,.48282616
8149,-.11578318
8150,-.91392897
8151,.48282616
8152,-.41508785
8153,-.71439252
8154,-1.0136972
8156,-1.3130019
8157,-.91392897
8158,-1.3130019
8159,
8160,.68236261
8161,-.91392897
8162,-.71439252
8164,-1.0002096
8165,-1.3241759
8166,-1.3241759
8168,.08375327
8169,.08375327
8171,-1.811843
8172,-.11578318
8173,
8174,-1.7234345
8177,.08375327
8179,.78213084
8180,.48282616
8181,-.6146243
8186,-.2155514
8187,-.2155514
8190,1.280972
8191,.98166728
8192,
8193,
8194,1.1812037
8196,
8197,.48282616
8198,-.01154764
8199,-1.0136972
8200,.08375327
8206,-1.3130019
8209,-.87188606
8213,-.2155514
8214,1.5802766
8216,-.56528823
8220,-.87188606
8221,
8222,-.71439252
8223,1.1108753
8224,.41759304
8227,.76017105
8228,-1.0002096
8229,-.11578318
8231,
8234,-.71439252
8236,-.71439252
8238,.98166728
8241,.68236261
8243,-1.3130019
8246,
8247,-1.6428478
8250,1.5353363
8252,-1.2132336
8253,-.11578318
8260,-.41508785
8261,.68236261
8262,-2.0961033
8263,
8266,.78213084
8267,-.01154764
8268,-1.3241759
8269,-1.811843
8270,-2.0961033
8274,
8275,.68236261
8278,.38305794
8279,-.91392897
8280,.48282616
8282,.48282616
8284,1.5802766
8285,1.4805084
8287,-1.6428478
8291,-1.2132336
8294,-1.2132336
8295,
8298,-1.2132336
8302,
8305,
8306,-1.0136972
8310,-1.2132336
8312,-.11578318
8313,.76017105
8316,-.91392897
8317,-.87188606
8321,-1.0002096
8322,
8324,.08375327
8326,-.71439252
8328,
8330,-.41508785
8332,-.2155514
8333,-.91392897
8338,-.91392897
8339,.68236261
8340,-1.2132336
8344,.08375327
8346,.08375327
8347,-.71439252
8348,-1.0136972
8349,
8350,-.01154764
8352,-1.6428478
8353,-.71439252
8354,.68236261
8355,-1.0136972
8359,-1.3130019
8360,-1.0136972
8361,-.87188606
8371,-.2155514
8375,
8376,-.2155514
8379,-.91392897
8380,
8381,
8383,.41759304
8384,-.71439252
8387,-1.6428478
8388,-1.0136972
8389,-.6146243
8395,.08375327
8398,-1.1042617
8399,-.71439252
8404,-.6146243
8407,
8409,
8410,-1.2132336
8412,
8416,.08375327
8417,-1.7234345
8419,-.91392897
8420,-.11578318
8421,-1.6428478
8423,.68236261
8425,-1.0136972
8426,-.71439252
8428,-.71439252
8429,-1.6428478
8430,
8432,.08375327
8433,.98166728
8434,.18352149
8436,
8437,
8441,-1.5125383
8442,
8443,
8445,
8446,.18352149
8447,-.91392897
8448,
8449,-1.0136972
8452,-.41508785
8453,-.11578318
8454,-.71439252
8455,-1.0136972
8457,-1.5125383
8460,-.71439252
8462,.68236261
8463,-1.7234345
8464,-2.0113794
8465,
8466,
8473,-1.0136972
8474,-.01154764
8475,-1.0136972
8477,-1.7234345
8481,.68236261
8482,-1.2132336
8483,-1.2132336
8484,
8485,
8486,
8487,-1.0136972
8488,
8489,-1.811843
8500,.14627473
8501,1.280972
8503,-1.7234345
8504,.38305794
8507,-1.0136972
8511,
8514,-.2155514
8516,
8517,
8518,
8519,-.71439252
8521,.48282616
8523,-1.3241759
8527,-1.7234345
8528,.98166728
8529,.38305794
8530,-1.6428478
8533,-1.7234345
8536,-.6146243
8537,.18352149
8538,-.41508785
8539,
8541,
8542,-.71439252
8543,-.2155514
8544,1.1812037
8547,
8548,-1.2132336
8550,-.2155514
8551,1.1812037
8553,-1.0136972
8554,
8557,-.41508785
8558,
8559,-1.2132336
8560,-1.3130019
8563,-.2155514
8565,-.41508785
8566,.65541563
8567,-.01154764
8568,-.11578318
8570,-.01154764
8571,-1.3130019
8572,
8574,-.91392897
8576,
8581,
8585,.68236261
8587,-.2155514
8591,.78213084
8592,.68236261
8593,-.41508785
8594,
8595,
8597,.08375327
8598,.18352149
8599,.08375327
8602,-1.0002096
8604,-1.811843
8605,-1.2132336
8606,.76017105
8607,-.87188606
8612,-.2155514
8613,
8614,1.5802766
8615,
8617,-2.0961033
8618,.14627473
8619,-.11578318
8621,
8623,-1.1042617
8625,
8631,-1.811843
8635,
8636,
8637,
8639,-1.7234345
8642,-1.0136972
8643,-.2155514
8647,-.91392897
8654,
8655,
8656,-1.5125383
8657,.23722516
8658,
8660,-.91392897
8662,
8665,-1.3241759
8666,
8667,-1.2132336
8674,-1.2132336
8675,.41759304
8676,.48282616
8677,.48282616
8683,-1.3130019
8684,.48282616
8686,
8690,1.5802766
8691,-.11578318
8692,-1.6428478
8694,-.71439252
8702,
8704,
8706,-.2155514
8707,.98166728
8708,-1.2132336
8709,.48282616
8710,-.01154764
8714,.38305794
8718,-1.0136972
8719,-1.5125383
8721,-.71439252
8724,.68236261
8734,
8736,
8738,
8739,-.41508785
8741,
8742,
8746,-1.2132336
8747,-1.811843
8750,.48282616
8753,-1.3130019
8754,-1.6428478
8755,-1.811843
8756,.38305794
8757,-.91392897
8758,.23722516
8759,-1.3130019
8760,.48282616
8761,-1.6428478
8763,.41759304
8764,1.7798131
8770,-.20314698
8771,-1.6428478
8772,-2.0113794
8773,.48282616
8776,-1.811843
8777,
8779,
8783,
8786,-1.1042617
8788,-.2155514
8789,-.6146243
8794,-.01154764
8795,-.20314698
8798,-.2155514
8799,-.01154764
8800,.18352149
8801,-1.3130019
8802,
8803,-.91392897
8804,-.71439252
8807,.38305794
8811,.68236261
8816,-.41508785
8817,
8819,
8820,
8823,-1.3130019
8824,.08375327
8825,-.6146243
8828,
8833,
8834,
8835,.78213084
8836,-.6146243
8838,-.11578318
8839,-1.0136972
8841,-.71439252
8842,-1.3130019
8843,-1.1042617
8846,-1.1042617
8847,-.11578318
8849,-.91392897
8852,-.91392897
8854,
8855,.08375327
8857,
8858,
8862,-1.811843
8864,-2.0961033
8868,-.20314698
8869,
8872,
8877,1.1812037
8878,1.280972
8879,-.2155514
8880,
8885,-1.2132336
8886,-2.0961033
8890,
8892,-1.6428478
8893,.98166728
8895,-1.3241759
8900,.38305794
8901,.78213084
8903,.08375327
8907,-1.3130019
8908,-.71439252
8909,-.71439252
8910,-.56528823
8911,-.71439252
8913,
8914,-.11578318
8918,.78213084
8921,-1.2132336
8928,-.91392897
8930,
8932,.14627473
8933,-.91392897
8934,.14627473
8939,-1.7234345
8940,-.56528823
8942,-2.0961033
8943,-1.6428478
8945,
8948,-1.0136972
8949,1.4805084
8952,-1.0002096
8955,-.2155514
8956,.23722516
8957,1.4805084
8958,
8959,
8960,-.2155514
8963,-1.0136972
8965,
8967,
8970,-1.2132336
8971,-1.0136972
8977,
8978,.48282616
8979,.76017105
8982,-.11578318
8983,.18352149
8984,-.20314698
8985,.08375327
8986,1.1108753
8990,-1.7234345
8992,1.5802766
8995,-1.3241759
8996,-2.0113794
8999,-.6146243
9000,-1.3241759
9005,-.91392897
9006,-.56528823
9007,
9009,1.1812037
9010,.08375327
9013,
9017,-.2155514
9019,-.20314698
9020,1.4805084
9021,-.6146243
