ID,asvabNO_std
2,.33730116
5,
7,-2.6194571
9,
10,
12,
13,.13400256
14,
16,.23565186
18,-2.9754422
19,
20,-1.7487368
21,-.86311361
22,.54059976
24,.64224906
26,-.47589323
27,.74389836
30,-.100334
31,1.1504956
35,-1.085789
39,-1.085789
42,1.2521449
44,-.78084113
46,
51,1.1504956
52,.43895046
57,
58,-2.0891984
60,-1.8199228
62,-.17094534
64,.54059976
65,-.86311361
66,
67,
68,
70,.22011737
71,
73,
74,
75,
76,-.04189837
79,-.17094534
80,-1.085789
82,.23565186
83,.33730116
85,-.63784291
87,.84554766
88,-1.2470035
89,1.0488463
90,
92,
93,-1.2967703
95,-.35942874
96,
97,1.2521449
98,.03235326
99,
105,1.2521449
106,.03235326
108,.43895046
113,1.2521449
116,
117,
118,
119,-1.2470035
120,
121,.74389836
122,1.1504956
123,
124,
126,.23565186
131,.22011737
132,1.2521449
133,1.2521449
134,
135,.64224906
138,-.100334
140,.67632126
143,1.2521449
144,-.17094534
145,.23565186
146,-1.3907369
150,.03235326
152,.94719696
154,1.1504956
155,1.2521449
156,-.37424394
158,.57363586
161,-1.9217268
163,
165,1.2521449
167,
168,-1.085789
172,1.0488463
174,
176,1.1504956
180,.84554766
184,1.1504956
185,-.17094534
187,1.0488463
190,.23565186
191,.64224906
195,-.47589323
196,
199,.03235326
200,
202,.64224906
206,
209,
210,
212,-.06929604
215,
218,
219,-1.1837131
220,.35212489
222,.22011737
223,1.2521449
225,.1228583
228,-.78084113
230,.64224906
231,
232,.94719696
233,
237,.64224906
239,
242,.23565186
244,
246,-.100334
247,1.0488463
249,1.1504956
250,.13400256
251,-.37424394
254,.23565186
256,
257,
258,-.37424394
259,.94719696
260,.64224906
261,.33730116
262,-1.2470035
263,-1.0098475
264,-.27259464
265,.13400256
268,-.27259464
275,
277,
278,-.47589323
279,
280,
281,.64224906
282,-1.8199228
283,1.1504956
285,-.27259464
287,.23565186
294,.23565186
297,-.18533399
299,.7972803
304,.03235326
308,-1.2967703
311,1.2521449
314,1.2521449
316,-.98413973
318,-.17094534
321,-1.085789
323,.84554766
324,
325,.57363586
328,1.1504956
329,1.0488463
330,.1228583
332,1.2521449
336,1.0488463
337,1.2521449
340,.64224906
341,1.1504956
342,
343,
344,
345,
346,1.1504956
347,
348,
349,
350,
357,
358,
360,
361,
367,-.06929604
369,-2.6194571
370,
372,.94719696
375,1.2521449
376,
378,
380,-.18533399
381,
384,
385,-1.5099902
386,.57363586
391,
392,1.2521449
393,.23565186
394,.67632126
395,
396,.64224906
397,
398,
399,.35212489
401,1.2521449
404,.1228583
405,1.0488463
408,1.1504956
410,-.57754253
412,-.88249043
413,
418,
419,1.0488463
420,
421,
422,
427,-1.0098475
429,-1.5099902
430,
432,-.50410442
434,-.57754253
438,-.86311361
440,.23565186
441,-1.7487368
443,
445,
446,
451,
454,.74389836
455,
456,.74389836
457,
458,
463,
466,-1.3907369
471,-1.1837131
475,-1.085789
476,
481,
482,.7972803
483,1.1504956
485,
487,-2.3247847
490,1.2521449
491,-1.0098475
493,
495,
496,
500,-.27259464
501,.33730116
502,.22011737
503,.67632126
505,1.0488463
506,.74389836
508,-.98413973
510,
511,.23565186
513,
516,-.06929604
517,
520,
521,
522,-.37424394
524,.54059976
525,
526,
527,1.0488463
536,-1.1837131
537,-1.4528303
539,
543,.94719696
544,1.2521449
545,-1.0098475
546,1.2521449
547,1.1504956
549,
550,1.0488463
551,1.0130435
552,.13400256
553,-.63784291
554,.33730116
555,1.2521449
558,
561,-.47589323
563,-1.1837131
564,1.1504956
565,1.1504956
567,.94719696
568,.23565186
569,-.06929604
571,-2.3247847
572,.33730116
575,
576,-1.3907369
577,.94719696
578,.94719696
580,.23565186
581,1.0488463
586,.54059976
588,-2.6194571
589,-1.7487368
590,1.2521449
598,-.57754253
600,-.57754253
603,.13400256
606,1.0488463
608,-.27259464
611,.94719696
612,1.1504956
613,1.1504956
616,1.2521449
618,.94719696
619,-1.085789
620,
621,
623,
625,
627,.84554766
628,1.2521449
630,1.2521449
631,.94719696
636,
638,1.2521449
640,-.35942874
642,1.2521449
643,1.2521449
644,
645,
646,
647,-.35942874
648,-.50410442
649,.43895046
653,-.100334
656,
657,
659,-.63784291
661,.23565186
662,-1.7487368
663,
664,-1.5099902
665,
669,.84554766
670,
671,
673,.94719696
678,
680,1.2521449
683,-.04189837
685,-1.9217268
687,-.37424394
688,.43895046
690,
691,
692,
694,.67632126
695,
696,
697,
699,
701,-1.085789
702,
706,-.37424394
711,1.0130435
712,-1.4528303
714,
716,.13400256
717,-1.5099902
718,
719,1.1504956
720,-.100334
722,1.0130435
723,.7972803
724,.7972803
726,1.2521449
729,.74389836
731,1.1504956
737,1.2521449
738,1.2521449
743,1.2521449
744,1.1504956
745,1.1504956
746,1.2521449
747,
750,-2.3247847
752,-1.1837131
753,
754,.23565186
758,.94719696
759,1.2521449
761,-.88249043
763,1.2521449
764,-.57754253
765,.03235326
766,.74389836
768,-.06929604
773,.23565186
775,
776,
779,
780,
781,
783,
784,
785,1.2521449
786,
787,
788,.43895046
789,-.27259464
790,
792,
793,
794,.91681082
798,1.2521449
799,
800,1.2521449
803,
804,
805,.23565186
806,-.18533399
808,-.98413973
810,-.57754253
817,-.17094534
819,1.1504956
820,.03235326
823,
826,
827,1.0130435
830,
831,1.0488463
834,
836,
837,-.27259464
842,.22011737
843,.94719696
845,1.1504956
847,1.0488463
852,.43895046
856,-.50410442
859,-.100334
860,-.100334
861,.84554766
865,.64224906
866,
867,
870,.57363586
872,.33730116
874,.03235326
877,
882,
884,.84554766
885,-1.3907369
886,1.0488463
889,
890,.94719696
891,-1.7487368
893,-.78084113
894,1.0488463
895,-.47589323
898,1.2521449
900,.03235326
903,-2.0891984
909,-.37424394
911,-2.3247847
914,-.37424394
917,
918,1.2521449
921,
926,
927,
929,1.2521449
936,-.17094534
937,.94719696
938,-1.085789
940,1.1504956
942,.57363586
943,-1.7487368
946,-.06929604
953,-.47589323
956,1.1504956
957,1.1504956
958,.33730116
959,-2.3247847
960,-.27259464
962,-1.1837131
963,1.1504956
968,
970,.13400256
972,1.2521449
973,-.27259464
974,1.2521449
975,-1.085789
976,-1.1837131
977,-.78084113
978,1.1504956
980,.94719696
981,.03235326
982,-.06929604
987,-.63784291
990,.13400256
991,
994,1.0488463
997,1.1504956
998,-.50410442
999,-.37424394
1000,.54059976
1001,-.100334
1002,.84554766
1004,-.27259464
1005,-.57754253
1006,-.06929604
1007,1.2521449
1009,1.2521449
1011,1.0130435
1012,1.1504956
1013,.94719696
1014,1.0130435
1015,.7972803
1016,.91681082
1018,1.2521449
1019,1.2521449
1020,-.78084113
1025,.64224906
1026,.74389836
1027,-.78084113
1028,.64224906
1030,.54059976
1031,-.92460247
1032,-.100334
1034,-1.7487368
1036,
1037,-1.1837131
1038,
1041,-2.0891984
1044,-1.9217268
1046,-1.9217268
1049,-1.2470035
1051,-2.0891984
1053,-.27259464
1058,
1059,
1062,-.78084113
1063,.13400256
1065,-.04189837
1068,-.98413973
1069,
1071,.54059976
1072,
1074,1.2521449
1078,-.06929604
1079,
1081,.94719696
1085,-.37424394
1086,.84554766
1089,.03235326
1090,1.2521449
1093,-1.8199228
1094,.03235326
1095,.33730116
1097,-.27259464
1106,
1108,1.0488463
1110,
1111,
1112,
1113,1.1504956
1115,-.27259464
1117,1.1504956
1122,1.2521449
1124,-.37424394
1125,
1126,.7972803
1129,1.0488463
1130,-1.085789
1131,-.88249043
1135,-.37424394
1136,
1137,
1140,1.1504956
1141,
1142,1.1504956
1147,
1150,.84554766
1155,1.1504956
1157,.74389836
1158,
1159,
1161,-1.085789
1162,.23565186
1163,1.2521449
1164,.7972803
1167,.43895046
1168,.33730116
1170,1.2521449
1171,.64224906
1172,
1174,
1176,-.37424394
1178,1.2521449
1179,.33730116
1180,.23565186
1183,1.1504956
1184,-.50410442
1185,.57363586
1186,1.1504956
1189,-.27259464
1191,1.0488463
1192,.57363586
1193,1.2521449
1195,
1196,
1198,-.78084113
1199,1.2521449
1201,-.17094534
1202,.54059976
1204,-1.7487368
1207,
1208,-.86311361
1210,-1.5099902
1211,.13400256
1213,-2.0891984
1214,-1.8199228
1215,
1217,-1.8199228
1218,-.18533399
1219,-.50410442
1221,
1222,-.18533399
1224,
1226,-.37424394
1228,-.47589323
1230,.64224906
1231,.33730116
1232,1.0488463
1233,.74389836
1234,.94719696
1235,1.1504956
1236,
1237,-1.085789
1239,1.1504956
1240,.43895046
1244,
1247,.35212489
1250,1.2521449
1251,1.1504956
1252,.23565186
1255,
1259,.84554766
1260,
1261,-.27259464
1262,.91681082
1263,
1264,.35212489
1267,1.2521449
1270,-.100334
1272,
1273,-.63784291
1277,.13400256
1278,1.2521449
1279,1.1504956
1280,-.63784291
1281,1.2521449
1283,.43895046
1284,
1286,.84554766
1287,-.78084113
1288,1.2521449
1289,
1291,
1293,.64224906
1294,-.37424394
1297,.43895046
1298,-.78084113
1299,-1.085789
1300,1.2521449
1301,.22011737
1304,.94719696
1305,1.2521449
1310,
1318,-1.9217268
1320,
1321,-1.085789
1323,-.06929604
1326,-1.085789
1332,1.2521449
1335,1.0130435
1336,1.0488463
1339,.84554766
1341,.13400256
1342,.03235326
1343,
1346,
1348,-1.7487368
1349,.23565186
1351,-.47589323
1352,-1.085789
1353,.43895046
1359,
1360,-1.1837131
1361,1.1504956
1363,
1364,-1.2967703
1365,
1366,
1367,1.1504956
1371,1.1504956
1373,.13400256
1374,
1376,
1377,-.47589323
1378,.22011737
1381,
1382,.67632126
1383,
1390,-.17094534
1394,.22011737
1395,.13400256
1396,-1.1837131
1397,-.50410442
1400,-.27259464
1401,-1.7487368
1402,
1404,.94719696
1405,
1406,-.50410442
1407,-.88249043
1408,
1409,
1417,
1418,-1.9217268
1421,1.2521449
1425,-2.0891984
1426,-.78084113
1431,.54059976
1434,
1435,-.47589323
1439,-.37424394
1441,-.06929604
1443,-.63784291
1446,1.1504956
1447,1.1504956
1449,.03235326
1452,-.98413973
1455,.94719696
1456,.67632126
1457,1.2521449
1458,
1460,1.0488463
1461,
1463,.43895046
1465,.74389836
1468,.54059976
1469,
1471,
1473,.13400256
1474,
1478,.91681082
1481,-.37424394
1482,
1483,
1484,-1.085789
1485,.03235326
1486,.13400256
1488,.35212489
1491,1.2521449
1493,.84554766
1503,.43895046
1505,.23565186
1507,
1508,
1510,-.57754253
1514,-.98413973
1515,.22011737
1518,.57363586
1519,1.2521449
1520,-1.4528303
1522,.64224906
1525,.84554766
1529,
1530,-1.085789
1532,-.37424394
1535,-.88249043
1536,
1538,
1545,1.0488463
1547,.1228583
1548,.54059976
1549,.57363586
1552,.94719696
1553,
1554,
1555,
1556,1.2521449
1558,
1559,-1.2470035
1560,1.1504956
1561,
1562,-1.0098475
1563,.13400256
1564,
1569,
1570,.03235326
1572,-.63784291
1573,.54059976
1578,.74389836
1579,
1580,-.50410442
1581,
1583,
1586,-1.4528303
1589,1.1504956
1591,
1596,-.17094534
1597,
1607,
1609,
1613,
1615,
1617,
1618,-.06929604
1619,.94719696
1620,1.0488463
1621,
1623,1.2521449
1625,
1626,
1627,1.1504956
1628,1.2521449
1631,
1632,.64224906
1635,
1636,
1637,.43895046
1638,1.2521449
1640,.91681082
1643,1.0488463
1645,1.1504956
1646,-.27259464
1648,1.0488463
1649,-.06929604
1650,
1652,1.1504956
1653,
1654,.33730116
1655,
1656,
1659,-1.5099902
1661,
1662,
1664,.23565186
1665,1.2521449
1666,-.37424394
1667,.94719696
1668,.33730116
1675,.74389836
1676,-.18533399
1678,.94719696
1681,.74389836
1683,-2.0891984
1685,
1687,
1688,
1692,1.1504956
1693,-.37424394
1694,1.0488463
1695,1.1504956
1696,.74389836
1699,
1700,1.0488463
1701,.54059976
1702,-1.7487368
1704,-.37424394
1707,
1708,
1710,.94719696
1711,1.2521449
1714,
1715,-.27259464
1720,-1.8199228
1721,
1722,
1724,
1725,
1726,
1727,
1729,
1732,
1734,.03235326
1735,1.0488463
1737,.13400256
1738,.84554766
1740,
1741,
1744,-.18533399
1746,-1.2967703
1748,.1228583
1753,.13400256
1755,1.2521449
1757,.33730116
1758,.03235326
1759,
1762,
1763,
1764,
1765,-.47589323
1766,-.18533399
1767,
1768,.13400256
1770,.64224906
1771,
1775,
1777,-.27259464
1778,-2.9754422
1779,-1.085789
1787,.94719696
1788,-2.9754422
1790,-1.7487368
1791,-.37424394
1794,-.50410442
1795,
1797,-.57754253
1799,1.2521449
1802,.74389836
1803,
1805,1.2521449
1807,-.06929604
1808,
1809,.03235326
1810,1.0488463
1811,-.37424394
1813,.74389836
1815,.13400256
1816,-1.1837131
1817,1.0488463
1819,1.1504956
1820,.84554766
1823,.33730116
1825,-.17094534
1826,.94719696
1827,-1.8199228
1828,.84554766
1830,.23565186
1831,-.50410442
1832,
1834,-1.2470035
1836,1.1504956
1838,.43895046
1842,-.37424394
1843,
1845,.23565186
1847,.94719696
1849,.84554766
1851,.1228583
1852,
1853,.84554766
1854,.57363586
1857,-.17094534
1859,1.1504956
1861,.74389836
1867,-.06929604
1868,-1.4528303
1869,.43895046
1871,-2.6194571
1872,-1.085789
1873,.64224906
1878,
1879,-.88249043
1881,
1882,.43895046
1885,
1886,-.37424394
1887,1.1504956
1888,
1890,-1.7487368
1891,-1.2470035
1892,.23565186
1895,-1.2967703
1896,-.04189837
1902,-.78084113
1904,.94719696
1905,1.1504956
1907,-1.085789
1910,.64224906
1911,.03235326
1914,.84554766
1915,
1918,.13400256
1919,-1.085789
1920,-.37424394
1922,1.1504956
1925,.64224906
1927,
1929,1.1504956
1931,
1933,1.2521449
1935,-2.9754422
1936,-.37424394
1937,1.0488463
1938,-.35942874
1943,1.2521449
1944,1.0488463
1945,
1948,
1949,-.92460247
1951,
1952,-1.2967703
1955,-1.3907369
1957,-.86311361
1958,-.50410442
1960,
1961,
1963,-.86311361
1965,-.100334
1966,-1.1837131
1967,-.37424394
1968,-2.3247847
1970,-.17094534
1973,.54059976
1974,.33730116
1975,.94719696
1976,-.37424394
1979,-.47589323
1981,
1982,.54059976
1985,.54059976
1990,-.47589323
1993,
1994,.57363586
1996,1.1504956
1999,.23565186
2000,-.78084113
2003,-.57754253
2005,
2006,1.2521449
2009,-.50410442
2010,1.2521449
2013,-1.0098475
2014,
2018,-.37424394
2019,-2.6194571
2024,-1.1837131
2029,1.2521449
2030,.84554766
2032,-1.9217268
2035,.84554766
2037,
2041,.57363586
2042,.13400256
2043,.22011737
2045,
2046,.54059976
2047,-.78084113
2048,1.2521449
2049,-.57754253
2050,-.37424394
2051,1.1504956
2054,.13400256
2057,.1228583
2058,.1228583
2060,-.17094534
2062,1.2521449
2064,
2065,-1.8199228
2068,.67632126
2070,.7972803
2071,1.1504956
2072,1.0488463
2073,-1.3907369
2074,-.57754253
2076,-.88249043
2081,1.0488463
2082,-.92460247
2086,1.2521449
2087,
2088,1.1504956
2089,-.17094534
2092,.35212489
2093,-1.085789
2095,1.2521449
2096,.74389836
2099,-2.3247847
2100,-2.6194571
2108,-.88249043
2110,
2111,-.86311361
2113,
2114,
2116,
2118,.03235326
2119,-.78084113
2120,-.88249043
2121,-.63784291
2122,-.47589323
2123,.74389836
2128,1.0488463
2129,1.1504956
2130,.64224906
2131,-.37424394
2134,.64224906
2136,.43895046
2137,-1.0098475
2138,.03235326
2139,
2141,-.17094534
2144,.33730116
2145,
2147,.1228583
2149,
2150,-.27259464
2151,.33730116
2154,-.78084113
2158,-2.6194571
2159,-.57754253
2161,
2162,1.2521449
2164,.94719696
2165,.13400256
2166,-1.9217268
2167,-.98413973
2168,1.1504956
2172,.67632126
2173,1.1504956
2175,
2178,-.57754253
2181,
2182,1.2521449
2183,1.2521449
2185,.03235326
2186,
2187,1.1504956
2188,-.47589323
2189,-.78084113
2190,-.17094534
2193,1.1504956
2197,-1.3907369
2199,.03235326
2200,.94719696
2205,1.2521449
2206,1.1504956
2207,
2208,.64224906
2209,1.1504956
2210,-.17094534
2211,.22011737
2212,1.2521449
2213,.64224906
2214,-1.7487368
2215,.84554766
2218,.54059976
2220,
2221,.84554766
2224,
2225,-1.085789
2226,1.1504956
2227,
2228,
2229,.22011737
2230,-.17094534
2233,-.86311361
2234,-.88249043
2235,-.27259464
2237,1.0488463
2238,.23565186
2241,.54059976
2242,.1228583
2246,
2250,.43895046
2251,.84554766
2252,1.2521449
2253,1.2521449
2254,.23565186
2255,1.0130435
2256,.57363586
2257,1.1504956
2261,-.37424394
2262,.03235326
2264,-1.5099902
2266,.94719696
2267,1.2521449
2269,-.06929604
2272,-.88249043
2273,.13400256
2274,
2275,-.100334
2276,
2278,-.47589323
2279,-.37424394
2281,
2282,
2285,.7972803
2288,
2289,.91681082
2290,1.2521449
2291,1.0488463
2292,-.88249043
2294,
2295,-.37424394
2296,.74389836
2297,-.47589323
2300,-1.0098475
2301,-1.5099902
2302,1.1504956
2303,-.92460247
2305,1.1504956
2306,.33730116
2308,-.06929604
2309,1.1504956
2310,1.2521449
2312,.64224906
2313,1.2521449
2314,-.17094534
2315,-.50410442
2316,.13400256
2319,1.1504956
2325,1.2521449
2326,-2.0891984
2327,1.0130435
2328,1.0488463
2329,.84554766
2330,1.2521449
2331,.03235326
2333,.54059976
2338,1.0488463
2341,.91681082
2342,.64224906
2346,1.1504956
2349,-.17094534
2350,.74389836
2352,1.1504956
2355,
2357,
2358,
2360,1.2521449
2361,
2362,1.2521449
2363,1.2521449
2365,-2.0891984
2367,-.04189837
2369,-.50410442
2370,
2371,.43895046
2372,-.27259464
2373,-.98413973
2374,-.06929604
2375,.74389836
2376,1.2521449
2377,1.0488463
2379,-.100334
2381,1.2521449
2382,-.88249043
2383,1.2521449
2384,1.2521449
2385,1.1504956
2387,
2388,
2389,
2393,.7972803
2394,.94719696
2395,.64224906
2397,-.57754253
2398,-.47589323
2402,-.47589323
2404,.1228583
2407,.84554766
2408,-.37424394
2409,-.100334
2410,.43895046
2411,-.57754253
2414,1.1504956
2417,
2418,.22011737
2419,-.92460247
2421,-.86311361
2422,.33730116
2423,1.0488463
2425,-1.0098475
2428,
2429,
2431,-.92460247
2434,1.2521449
2436,-.27259464
2439,.84554766
2441,.74389836
2442,.64224906
2447,-.63784291
2449,
2451,
2453,
2455,-2.3247847
2458,.74389836
2459,1.0488463
2460,1.0488463
2461,.94719696
2463,1.0130435
2466,1.1504956
2467,
2468,1.0488463
2469,
2470,.94719696
2477,1.2521449
2479,.54059976
2480,1.2521449
2481,.23565186
2483,1.0130435
2484,-2.3247847
2485,1.2521449
2487,1.2521449
2490,
2492,1.2521449
2496,1.2521449
2497,-.35942874
2498,
2499,
2500,-.04189837
2503,1.1504956
2506,.33730116
2507,-1.2967703
2508,-.06929604
2511,
2513,.43895046
2514,1.2521449
2515,.67632126
2516,
2517,
2519,
2520,-.50410442
2522,1.2521449
2523,-.18533399
2524,.03235326
2525,.74389836
2526,
2527,1.2521449
2530,
2533,
2534,
2535,-.27259464
2536,.64224906
2537,
2541,
2542,.94719696
2545,-.100334
2546,
2548,
2552,.33730116
2558,1.1504956
2560,.23565186
2562,.54059976
2563,-.27259464
2564,.03235326
2566,
2568,.54059976
2569,.54059976
2573,-.50410442
2574,-.06929604
2575,.13400256
2576,-.06929604
2578,1.0488463
2581,.94719696
2584,-.06929604
2585,
2589,.54059976
2591,1.1504956
2593,.23565186
2594,1.2521449
2595,.35212489
2596,-.86311361
2597,.7972803
2598,.57363586
2602,-1.5099902
2603,1.1504956
2604,
2605,-.17094534
2606,.64224906
2608,-.47589323
2609,.43895046
2611,-.27259464
2613,.94719696
2614,1.2521449
2615,.84554766
2616,1.2521449
2618,.54059976
2622,-.17094534
2623,.23565186
2624,.7972803
2627,-1.8199228
2628,.74389836
2629,-.98413973
2630,-1.1837131
2631,-.88249043
2633,
2637,1.2521449
2641,-2.0891984
2643,-.06929604
2644,-1.085789
2648,-1.4528303
2649,-1.1837131
2651,-.27259464
2652,1.1504956
2658,.94719696
2660,-.18533399
2661,.43895046
2662,.7972803
2665,.84554766
2666,-.37424394
2668,1.1504956
2673,-.17094534
2676,.84554766
2677,1.2521449
2678,.43895046
2682,.94719696
2683,1.0488463
2688,-.37424394
2689,1.1504956
2690,-.57754253
2692,-.100334
2693,-1.085789
2694,
2695,-1.085789
2696,.03235326
2697,-2.0891984
2700,-.92460247
2701,.84554766
2702,.23565186
2703,.23565186
2704,-.88249043
2706,-.17094534
2710,1.2521449
2711,.33730116
2713,-1.2967703
2714,1.2521449
2715,-1.9217268
2716,
2719,-1.8199228
2721,-.57754253
2727,.03235326
2728,
2730,1.1504956
2731,1.1504956
2732,.23565186
2733,1.2521449
2735,-1.7487368
2736,-.88249043
2737,1.2521449
2738,-.100334
2741,1.1504956
2742,-.04189837
2743,-.57754253
2747,-.98413973
2752,-1.3907369
2753,.23565186
2755,.7972803
2756,
2758,1.2521449
2759,.64224906
2761,.43895046
2762,.7972803
2765,1.0488463
2766,-1.1837131
2773,
2774,
2775,.64224906
2776,.94719696
2778,.84554766
2779,.33730116
2786,
2788,-.57754253
2789,
2790,
2791,1.1504956
2794,
2795,
2798,-.88249043
2799,1.1504956
2800,-.78084113
2807,1.1504956
2808,
2810,-1.4528303
2813,-.78084113
2814,-2.6194571
2819,1.2521449
2822,
2823,
2825,-2.9754422
2829,.84554766
2830,
2831,
2833,-.35942874
2835,.22011737
2846,
2850,
2851,.94719696
2854,-.47589323
2857,
2858,1.1504956
2860,-.18533399
2862,1.2521449
2863,-.27259464
2866,-.35942874
2867,-.57754253
2868,
2871,1.0488463
2872,1.0130435
2873,.84554766
2874,1.2521449
2875,.94719696
2876,.13400256
2880,1.2521449
2881,1.2521449
2882,
2883,.57363586
2884,.94719696
2886,.57363586
2888,1.1504956
2890,.03235326
2891,-.63784291
2893,
2895,-.57754253
2896,.54059976
2897,-1.8199228
2898,-.100334
2899,1.1504956
2900,.03235326
2901,-2.0891984
2904,-1.2967703
2906,.94719696
2907,-.17094534
2908,.7972803
2910,.23565186
2911,-.63784291
2915,-.100334
2916,.84554766
2917,-.78084113
2918,1.2521449
2919,.03235326
2920,
2921,.35212489
2923,
2925,-.88249043
2926,-1.9217268
2930,.13400256
2931,
2938,1.2521449
2939,.94719696
2941,-.17094534
2945,.1228583
2947,-1.5099902
2949,-.92460247
2950,.64224906
2951,.54059976
2954,-.35942874
2955,-2.0891984
2957,.67632126
2959,-.78084113
2960,
2963,-.63784291
2964,
2965,.91681082
2967,-.27259464
2968,-1.085789
2969,.54059976
2971,-.37424394
2972,-.27259464
2973,
2975,-.78084113
2976,1.1504956
2977,.13400256
2978,.74389836
2979,.94719696
2980,.54059976
2981,.57363586
2983,.43895046
2984,.74389836
2988,.91681082
2990,.67632126
2992,.43895046
2993,
2994,-.88249043
2995,.33730116
2996,-2.6194571
2999,
3001,.64224906
3003,-.35942874
3004,1.2521449
3008,-.18533399
3011,
3015,-.78084113
3016,1.0488463
3019,.1228583
3020,.67632126
3024,-1.5099902
3027,-.17094534
3032,.64224906
3033,-1.7487368
3034,-.63784291
3035,-.78084113
3036,
3038,.1228583
3042,.64224906
3043,1.0130435
3044,
3048,1.1504956
3053,-.37424394
3055,-1.7487368
3056,1.1504956
3057,-.37424394
3058,
3059,1.2521449
3061,-.47589323
3063,-1.085789
3064,-.50410442
3065,-2.3247847
3068,-.27259464
3069,
3072,1.2521449
3074,.33730116
3075,.54059976
3076,-.50410442
3077,.13400256
3080,-.92460247
3082,.03235326
3084,1.0130435
3088,
3089,1.0488463
3090,.33730116
3091,.91681082
3092,1.1504956
3094,
3095,
3097,.43895046
3098,-2.3247847
3101,
3102,.23565186
3103,-1.085789
3104,
3106,
3107,1.2521449
3108,-2.6194571
3109,
3110,-1.085789
3111,
3113,-.88249043
3114,
3119,
3120,1.2521449
3121,1.2521449
3122,-1.9217268
3127,-.57754253
3128,.57363586
3130,-.78084113
3131,.74389836
3135,-2.0891984
3136,.84554766
3137,.35212489
3138,.94719696
3139,-.37424394
3141,.84554766
3142,1.1504956
3143,.43895046
3145,.64224906
3146,-.35942874
3147,.22011737
3149,.03235326
3150,.33730116
3152,
3154,.94719696
3156,.84554766
3157,
3158,
3163,-.50410442
3167,1.0488463
3171,1.2521449
3172,-2.3247847
3173,-1.0098475
3174,-1.2967703
3176,.23565186
3181,-.47589323
3184,.91681082
3187,.33730116
3191,-.37424394
3193,.13400256
3194,.43895046
3197,.64224906
3198,1.1504956
3201,-.17094534
3202,-.50410442
3205,-2.0891984
3207,
3208,
3209,
3212,.33730116
3215,.33730116
3216,1.2521449
3217,
3219,.22011737
3220,.94719696
3222,1.1504956
3224,.33730116
3226,-1.7487368
3231,.94719696
3234,-2.9754422
3244,1.2521449
3245,
3246,.64224906
3247,-1.3907369
3253,-.50410442
3256,.74389836
3258,-.04189837
3259,-.92460247
3260,-1.9217268
3262,
3263,-.37424394
3266,-.37424394
3269,-2.0891984
3270,.35212489
3271,.1228583
3273,.03235326
3274,-1.8199228
3275,
3281,.23565186
3283,.84554766
3285,1.1504956
3286,
3287,-.17094534
3289,-1.1837131
3290,-.37424394
3293,1.1504956
3294,
3299,-2.0891984
3300,-.63784291
3301,
3304,
3305,-.37424394
3309,
3310,-.100334
3311,.23565186
3314,
3315,-.06929604
3321,1.2521449
3322,-.27259464
3325,.13400256
3327,
3328,.43895046
3330,
3332,.94719696
3333,-1.2967703
3335,-.57754253
3336,
3338,
3340,-.88249043
3341,.33730116
3343,-.50410442
3344,-.50410442
3347,-1.0098475
3350,-1.2470035
3351,.23565186
3352,-1.2470035
3354,-.86311361
3356,
3359,
3362,
3366,.64224906
3367,-1.0098475
3369,
3370,-.86311361
3372,-1.9217268
3373,-1.1837131
3374,1.1504956
3378,.54059976
3379,.94719696
3382,-2.9754422
3384,-.57754253
3385,-.06929604
3386,.84554766
3387,-1.085789
3388,1.2521449
3389,.43895046
3390,-.86311361
3392,-1.9217268
3394,
3395,
3396,.43895046
3399,-.35942874
3400,.22011737
3407,-2.0891984
3409,-.37424394
3412,
3418,1.0488463
3419,.33730116
3421,
3424,-2.6194571
3425,-.50410442
3433,
3434,.64224906
3435,-.17094534
3436,-.78084113
3439,-1.1837131
3440,-2.6194571
3446,-.35942874
3447,.23565186
3448,.54059976
3449,1.2521449
3450,.23565186
3451,.43895046
3454,.22011737
3456,1.2521449
3457,.84554766
3458,1.2521449
3459,-1.085789
3464,.94719696
3465,-.50410442
3466,-.47589323
3467,.1228583
3468,.74389836
3469,.03235326
3471,1.1504956
3472,1.0488463
3473,-1.2967703
3474,.54059976
3476,-.57754253
3482,.43895046
3485,1.0488463
3486,.54059976
3487,-.37424394
3491,
3493,-1.9217268
3495,.03235326
3496,1.2521449
3499,-.50410442
3500,-1.2470035
3502,-.47589323
3505,-1.7487368
3508,-1.1837131
3509,-1.3907369
3511,.13400256
3513,-.27259464
3514,
3515,1.2521449
3516,-.47589323
3518,-.57754253
3520,-.37424394
3523,1.1504956
3525,
3528,-.27259464
3530,1.2521449
3533,-1.0098475
3538,-.37424394
3539,-1.3907369
3543,-1.7487368
3544,.74389836
3545,-1.085789
3546,-.17094534
3547,-1.085789
3549,.43895046
3551,-.35942874
3554,-.18533399
3556,1.2521449
3557,.43895046
3558,.54059976
3559,.35212489
3560,.84554766
3563,.54059976
3564,-.37424394
3565,-.27259464
3568,.84554766
3569,.13400256
3570,-.98413973
3571,-2.3247847
3572,
3573,-.57754253
3574,1.2521449
3580,-1.5099902
3582,.33730116
3584,.7972803
3587,-.47589323
3589,1.1504956
3591,.91681082
3592,
3599,.13400256
3602,-.35942874
3603,-.04189837
3605,.23565186
3606,-.17094534
3609,-.04189837
3610,
3616,
3618,
3620,-.27259464
3621,
3622,
3623,-.63784291
3625,1.2521449
3626,-.47589323
3629,
3630,.94719696
3632,.23565186
3635,-1.9217268
3636,-2.3247847
3640,1.1504956
3642,.33730116
3643,-.27259464
3645,-.06929604
3646,1.0488463
3647,-2.0891984
3649,-1.8199228
3650,
3651,
3652,
3653,
3654,
3656,-.35942874
3657,
3658,
3659,
3660,1.2521449
3663,.35212489
3664,-.47589323
3665,-1.8199228
3666,.03235326
3668,
3669,
3671,
3672,
3674,
3675,
3676,
3679,.54059976
3680,
3683,-1.085789
3684,-.06929604
3685,
3686,
3687,-.57754253
3690,-1.5099902
3692,-.92460247
3693,-1.1837131
3695,-1.2967703
3698,
3701,-.37424394
3702,
3706,1.1504956
3707,-2.3247847
3709,.03235326
3714,1.1504956
3715,-.92460247
3719,-1.2967703
3721,
3723,1.1504956
3724,
3725,1.1504956
3728,1.1504956
3731,1.2521449
3732,.1228583
3733,-1.7487368
3734,-.47589323
3737,-1.0098475
3738,.94719696
3743,
3746,-.27259464
3749,-.35942874
3750,-2.6194571
3755,.03235326
3757,
3759,.64224906
3760,.23565186
3762,1.1504956
3763,-1.4528303
3768,.03235326
3769,1.1504956
3770,1.2521449
3772,.33730116
3773,.13400256
3777,1.1504956
3780,-.86311361
3781,.23565186
3783,-.98413973
3785,.43895046
3787,1.1504956
3788,.33730116
3790,-.86311361
3792,1.2521449
3793,1.0488463
3794,
3795,.94719696
3796,-.35942874
3797,-1.9217268
3800,.74389836
3802,-.78084113
3805,.43895046
3808,-1.7487368
3809,1.1504956
3811,-1.0098475
3813,
3814,.03235326
3816,1.2521449
3817,
3826,
3827,-.88249043
3829,-1.2967703
3831,-1.2470035
3834,
3835,
3836,
3839,1.1504956
3840,-2.6194571
3844,1.1504956
3845,1.1504956
3848,1.0488463
3849,-.06929604
3850,1.2521449
3851,1.1504956
3852,-.18533399
3854,-.100334
3857,.67632126
3858,
3859,-.27259464
3860,1.2521449
3863,.23565186
3871,-1.3907369
3872,-1.8199228
3876,-.98413973
3877,
3878,.54059976
3880,
3881,.64224906
3882,-.57754253
3884,1.1504956
3886,-1.5099902
3888,1.1504956
3889,
3892,.13400256
3893,
3895,1.1504956
3896,1.1504956
3898,
3902,-.57754253
3903,-1.3907369
3904,1.0488463
3908,
3910,
3914,
3915,1.0488463
3917,.33730116
3918,-1.2470035
3921,-2.0891984
3923,-2.6194571
3929,.84554766
3931,
3936,-1.1837131
3938,.54059976
3942,
3944,.91681082
3946,
3947,-.18533399
3949,-1.8199228
3950,
3951,.57363586
3953,.23565186
3956,.7972803
3957,.94719696
3958,-.47589323
3959,.13400256
3960,1.1504956
3961,.74389836
3962,.23565186
3967,.7972803
3969,
3974,-.47589323
3980,.54059976
3981,-1.4528303
3986,
3987,.57363586
3988,.91681082
3991,1.0488463
3993,-1.0098475
3994,.43895046
3995,
3996,-1.5099902
3997,-.98413973
3998,-.86311361
4001,
4002,.43895046
4003,
4004,1.2521449
4005,1.1504956
4006,.03235326
4007,
4008,1.0488463
4009,-.100334
4011,1.1504956
4013,1.2521449
4014,1.1504956
4016,1.1504956
4021,.54059976
4025,-.17094534
4029,.33730116
4030,.03235326
4031,-.35942874
4033,.64224906
4037,-.27259464
4038,.23565186
4041,.74389836
4043,-1.2967703
4044,-1.2470035
4045,
4048,-2.6194571
4050,1.0130435
4051,.74389836
4054,.94719696
4056,
4057,1.1504956
4059,-.04189837
4063,.03235326
4064,1.1504956
4065,.43895046
4066,-2.3247847
4068,
4070,
4072,.84554766
4073,.67632126
4077,-.06929604
4079,-1.085789
4080,.54059976
4084,.03235326
4085,
4086,
4087,.94719696
4095,
4096,
4097,.84554766
4100,1.0488463
4101,
4106,-2.3247847
4107,
4108,-.57754253
4109,-.37424394
4110,.35212489
4112,1.1504956
4113,.22011737
4119,-1.085789
4120,-.57754253
4121,.23565186
4123,-.100334
4125,-1.2470035
4126,-.98413973
4128,.57363586
4129,.64224906
4131,.94719696
4133,-.27259464
4134,-.18533399
4139,.64224906
4142,.1228583
4144,-.06929604
4149,-.27259464
4150,-.100334
4152,.54059976
4153,.03235326
4154,
4155,
4156,.43895046
4158,1.2521449
4160,1.2521449
4161,1.1504956
4162,-2.9754422
4165,.23565186
4166,.13400256
4168,.57363586
4171,-1.0098475
4172,-1.085789
4173,-.47589323
4176,1.0130435
4179,-1.2470035
4180,-1.9217268
4181,-2.0891984
4184,-1.9217268
4187,1.2521449
4188,1.2521449
4189,
4190,.54059976
4192,.13400256
4193,1.2521449
4196,-.27259464
4198,-.37424394
4199,.43895046
4202,.94719696
4204,.94719696
4205,.74389836
4208,.64224906
4209,-2.0891984
4211,-1.7487368
4214,1.0488463
4217,.74389836
4221,-.57754253
4222,
4225,
4226,
4228,
4230,
4232,
4233,
4237,-.63784291
4239,.23565186
4240,1.1504956
4243,
4244,
4245,-1.085789
4247,-.88249043
4251,
4252,-1.7487368
4256,.94719696
4258,-1.0098475
4259,.03235326
4261,-1.1837131
4263,.23565186
4265,1.1504956
4266,-.37424394
4267,.94719696
4268,-2.6194571
4269,-1.5099902
4270,-1.5099902
4274,.23565186
4275,-.06929604
4277,1.2521449
4278,1.1504956
4279,1.1504956
4280,1.1504956
4284,-.37424394
4285,-.27259464
4286,.94719696
4288,1.0488463
4289,
4291,1.0130435
4292,
4294,1.1504956
4295,1.2521449
4296,1.1504956
4299,-.47589323
4300,.35212489
4302,
4305,1.1504956
4307,-.78084113
4310,-.88249043
4311,1.0488463
4312,.74389836
4313,.54059976
4317,-.78084113
4320,-1.7487368
4321,-2.9754422
4322,.67632126
4323,
4326,.33730116
4328,-1.085789
4329,-1.8199228
4331,-.47589323
4332,-1.2967703
4334,-.78084113
4337,.22011737
4339,-1.1837131
4341,.23565186
4342,-1.9217268
4344,-1.2967703
4347,-1.1837131
4349,-.17094534
4352,.13400256
4354,-.47589323
4356,-1.1837131
4359,.54059976
4360,
4362,-.100334
4363,-.04189837
4364,-2.0891984
4374,-1.7487368
4378,.64224906
4379,-.63784291
4381,1.1504956
4383,.23565186
4385,-1.2470035
4386,-.98413973
4387,-1.4528303
4389,-.50410442
4390,-1.9217268
4396,-.27259464
4397,-.98413973
4401,-1.1837131
4402,-.27259464
4403,-1.8199228
4405,.33730116
4407,-.57754253
4411,-1.085789
4413,.33730116
4415,-.17094534
4416,-.63784291
4420,
4421,
4422,
4424,.13400256
4425,-1.4528303
4426,-.27259464
4432,-1.085789
4436,.23565186
4437,-.47589323
4440,
4441,.84554766
4444,.43895046
4445,1.1504956
4446,-1.4528303
4448,1.1504956
4450,.64224906
4451,1.0488463
4453,-.37424394
4454,-2.3247847
4455,1.2521449
4456,1.0488463
4457,1.0488463
4458,1.2521449
4460,1.1504956
4463,-1.3907369
4464,-.37424394
4466,-1.7487368
4468,-.17094534
4472,-.27259464
4475,.03235326
4477,-.100334
4479,.33730116
4481,1.1504956
4482,-.78084113
4483,-.35942874
4484,.43895046
4485,
4486,
4489,-.88249043
4491,.03235326
4492,-1.0098475
4494,-.37424394
4497,-1.2967703
4498,
4500,-1.2470035
4502,-.88249043
4503,-.37424394
4505,
4506,.54059976
4507,.84554766
4509,
4511,-1.5099902
4513,-.17094534
4514,.33730116
4515,-1.2470035
4516,1.2521449
4518,
4519,-1.3907369
4520,.57363586
4522,-.37424394
4525,-.37424394
4526,.33730116
4527,.1228583
4528,.35212489
4530,-.35942874
4533,.94719696
4535,1.0488463
4537,1.1504956
4540,.23565186
4543,.64224906
4544,-1.085789
4545,-1.1837131
4546,.23565186
4547,1.1504956
4551,.54059976
4555,-.17094534
4562,-1.5099902
4564,.57363586
4567,-.06929604
4569,-.37424394
4570,-.27259464
4571,-1.5099902
4572,
4573,.57363586
4574,.67632126
4576,
4577,
4580,1.2521449
4582,.91681082
4585,
4586,.94719696
4587,.13400256
4589,.22011737
4591,1.2521449
4592,.94719696
4596,-.27259464
4600,.64224906
4602,.33730116
4604,
4606,-2.3247847
4609,-.06929604
4613,.64224906
4614,.03235326
4615,-.17094534
4616,
4617,.03235326
4622,1.1504956
4623,.03235326
4624,-2.6194571
4625,-2.0891984
4627,-2.6194571
4629,-1.3907369
4631,.43895046
4632,.33730116
4636,1.1504956
4637,
4638,-.78084113
4639,-.98413973
4640,-1.7487368
4641,-.63784291
4642,-1.7487368
4643,1.0488463
4644,1.2521449
4645,
4646,
4653,.23565186
4654,-.100334
4659,
4660,1.1504956
4661,1.0488463
4663,.94719696
4665,
4666,.64224906
4668,-.57754253
4669,-1.085789
4679,.84554766
4680,-.37424394
4681,-1.8199228
4682,-2.3247847
4690,1.2521449
4691,.03235326
4692,
4693,.33730116
4701,-1.8199228
4702,1.1504956
4703,-1.0098475
4705,
4709,-2.3247847
4710,.03235326
4712,-1.2967703
4713,-2.0891984
4717,-.98413973
4724,-.63784291
4727,-2.9754422
4731,1.2521449
4734,-1.0098475
4735,
4736,-.86311361
4737,-1.085789
4740,.91681082
4743,1.0488463
4744,
4745,.23565186
4746,1.1504956
4749,-.57754253
4750,.43895046
4751,.23565186
4752,-.17094534
4759,.35212489
4762,-.78084113
4763,1.2521449
4764,
4765,.33730116
4766,
4769,
4774,.43895046
4776,1.2521449
4780,
4781,-2.9754422
4782,
4787,1.1504956
4788,.43895046
4790,1.1504956
4791,
4793,
4794,
4798,1.2521449
4799,-.06929604
4800,-1.7487368
4803,-1.1837131
4805,.54059976
4808,
4810,-1.2967703
4813,.1228583
4814,1.2521449
4817,1.2521449
4818,.74389836
4819,.54059976
4820,.91681082
4824,-2.3247847
4826,1.2521449
4827,1.0488463
4830,.7972803
4831,
4832,.84554766
4833,1.2521449
4835,-1.085789
4836,-.98413973
4839,-1.085789
4840,.03235326
4844,-2.6194571
4845,-1.9217268
4847,.1228583
4848,-.06929604
4849,.03235326
4851,-.50410442
4853,-1.2967703
4861,
4863,1.2521449
4864,.43895046
4866,1.2521449
4869,.03235326
4870,1.2521449
4872,-.92460247
4874,-2.3247847
4883,-.17094534
4884,.13400256
4886,.33730116
4887,.23565186
4889,.7972803
4890,-1.085789
4891,
4892,-1.2470035
4894,-1.1837131
4896,.84554766
4897,1.1504956
4900,1.1504956
4902,-.17094534
4906,-.17094534
4907,-.37424394
4908,-1.8199228
4909,.23565186
4910,-2.0891984
4911,1.1504956
4912,-1.1837131
4913,.43895046
4914,
4916,.64224906
4918,-.04189837
4919,1.1504956
4920,-1.4528303
4921,.94719696
4922,.23565186
4927,1.2521449
4928,.54059976
4929,
4930,
4931,.57363586
4932,-.37424394
4934,-.98413973
4936,-.88249043
4937,.91681082
4939,1.2521449
4940,1.0130435
4942,1.2521449
4943,1.2521449
4945,
4946,1.1504956
4947,.54059976
4948,-.50410442
4950,-2.6194571
4951,
4953,.54059976
4954,-.17094534
4957,
4965,-1.9217268
4970,-.92460247
4971,-1.2967703
4972,-.04189837
4975,-1.2967703
4977,-.57754253
4980,
4981,-1.2470035
4983,1.2521449
4984,.03235326
4986,-.63784291
4987,-.04189837
4989,
4992,1.0488463
4997,-1.1837131
5000,
5002,
5004,
5006,
5010,1.1504956
5012,-.17094534
5013,-.04189837
5014,1.0488463
5019,-1.085789
5020,.91681082
5023,-.47589323
5026,-.35942874
5028,1.0130435
5029,.03235326
5030,.43895046
5031,1.2521449
5033,-.37424394
5034,
5036,
5037,
5038,-.98413973
5041,-.88249043
5042,1.1504956
5044,
5045,1.2521449
5047,.13400256
5050,
5052,-.27259464
5053,1.1504956
5055,.03235326
5056,
5058,
5059,
5061,
5062,
5063,
5064,
5065,
5066,
5067,
5070,-.27259464
5071,-1.3907369
5074,
5076,
5077,.84554766
5080,-1.2470035
5081,-.06929604
5084,.43895046
5088,-2.0891984
5090,1.1504956
5093,-1.8199228
5094,-1.5099902
5100,1.1504956
5102,-.27259464
5103,
5105,-.37424394
5106,1.0488463
5107,
5108,.43895046
5109,.33730116
5110,1.1504956
5112,.03235326
5116,.64224906
5117,-1.5099902
5119,
5120,-.86311361
5121,
5122,-1.7487368
5124,.43895046
5127,.23565186
5132,.54059976
5133,-1.085789
5134,-.37424394
5135,.94719696
5136,.94719696
5139,.94719696
5142,1.0488463
5144,-.17094534
5145,-1.085789
5147,
5148,
5150,1.0488463
5153,.23565186
5155,1.0488463
5156,.1228583
5157,-1.0098475
5159,1.2521449
5161,-.88249043
5162,1.1504956
5164,-.50410442
5165,1.1504956
5166,.57363586
5170,-.27259464
5172,.64224906
5174,1.1504956
5178,-.63784291
5180,-.27259464
5181,-1.2470035
5183,1.2521449
5184,1.1504956
5188,1.2521449
5191,1.2521449
5197,.91681082
5199,
5201,-.57754253
5209,-.17094534
5211,-.92460247
5213,-2.6194571
5214,-2.0891984
5218,-.50410442
5220,.94719696
5222,-1.1837131
5223,-.88249043
5224,-2.0891984
5226,
5229,.94719696
5231,.84554766
5234,.7972803
5235,
5238,1.1504956
5240,-.18533399
5244,-1.3907369
5245,-2.3247847
5246,1.2521449
5248,-2.6194571
5249,.7972803
5250,-.50410442
5252,.23565186
5254,
5255,
5258,-.04189837
5259,1.1504956
5260,-1.0098475
5262,.67632126
5266,
5268,-.37424394
5271,-.100334
5273,.74389836
5275,
5277,
5278,-1.0098475
5279,1.1504956
5282,.54059976
5283,.84554766
5284,-1.7487368
5286,-1.9217268
5287,-.50410442
5288,-2.9754422
5292,
5301,-.88249043
5305,
5306,1.1504956
5308,.64224906
5309,.74389836
5312,.54059976
5313,.23565186
5314,-2.6194571
5316,-.47589323
5321,-.78084113
5322,.64224906
5323,-.86311361
5325,
5327,-.78084113
5329,.33730116
5330,.67632126
5331,
5332,.94719696
5336,.13400256
5337,.22011737
5339,.54059976
5341,.1228583
5342,.57363586
5345,.84554766
5347,.74389836
5348,-.27259464
5349,-.78084113
5350,.03235326
5352,.1228583
5353,.54059976
5354,1.2521449
5355,-.37424394
5356,1.0130435
5357,-.37424394
5360,.94719696
5362,-.04189837
5363,.84554766
5364,-2.3247847
5366,-.47589323
5368,-2.3247847
5370,
5371,
5373,
5374,
5375,-.06929604
5376,-1.4528303
5377,.03235326
5379,.33730116
5380,1.2521449
5383,.33730116
5384,-2.3247847
5385,.03235326
5391,-.86311361
5393,-.35942874
5395,
5396,-.50410442
5400,-.78084113
5406,-.63784291
5407,-.06929604
5408,.74389836
5409,.84554766
5415,.74389836
5417,
5420,-2.0891984
5423,.43895046
5426,-1.0098475
5427,-.57754253
5428,1.2521449
5429,.13400256
5431,.23565186
5433,.94719696
5434,
5435,
5436,.13400256
5437,.74389836
5438,1.2521449
5439,1.2521449
5440,.03235326
5441,.84554766
5442,.91681082
5443,
5445,1.1504956
5447,.13400256
5449,
5450,-.06929604
5453,1.0488463
5455,-1.2470035
5458,-.37424394
5459,-1.0098475
5461,-1.7487368
5462,-1.5099902
5464,.64224906
5471,-2.3247847
5474,1.1504956
5481,.7972803
5483,1.1504956
5484,1.1504956
5486,
5488,-.63784291
5491,1.0488463
5492,.74389836
5494,1.0488463
5497,
5499,.03235326
5500,.7972803
5502,-.88249043
5509,1.2521449
5510,-.06929604
5511,-1.9217268
5512,.54059976
5515,.91681082
5516,1.2521449
5517,
5518,-1.3907369
5519,-.47589323
5520,.22011737
5521,-.98413973
5522,.54059976
5523,-.27259464
5524,.57363586
5525,.74389836
5529,.7972803
5532,.64224906
5533,.7972803
5536,.23565186
5537,.84554766
5538,.13400256
5539,-.37424394
5541,
5542,1.0488463
5545,.03235326
5546,1.1504956
5547,-1.085789
5549,-1.8199228
5550,.23565186
5552,1.1504956
5553,.35212489
5554,
5555,-1.7487368
5556,-.37424394
5557,-.35942874
5561,-.27259464
5566,.43895046
5568,-1.3907369
5569,-.57754253
5574,-.37424394
5577,.64224906
5579,.03235326
5581,.94719696
5582,
5586,-.17094534
5588,
5591,-.47589323
5592,
5593,-1.5099902
5595,1.2521449
5596,.23565186
5598,-.47589323
5599,-2.9754422
5600,-.37424394
5602,-.37424394
5604,.43895046
5605,
5607,1.0488463
5609,.64224906
5611,.94719696
5612,.1228583
5614,-1.5099902
5617,
5619,1.0488463
5626,.43895046
5627,
5629,.23565186
5630,-1.2967703
5631,-1.085789
5635,-.35942874
5636,1.1504956
5639,.33730116
5640,.91681082
5643,
5650,
5651,.43895046
5652,.64224906
5654,
5657,-.17094534
5658,
5660,-1.7487368
5666,
5669,1.0488463
5670,1.2521449
5671,-1.5099902
5673,
5675,
5676,
5678,
5680,-1.2967703
5682,
5687,.03235326
5689,-.17094534
5692,-1.085789
5693,
5696,-2.3247847
5698,-.98413973
5699,.03235326
5701,.1228583
5703,-.06929604
5704,.94719696
5709,-1.7487368
5713,1.2521449
5715,-.37424394
5716,-.78084113
5721,-1.3907369
5723,
5724,1.1504956
5726,-1.0098475
5729,-1.0098475
5730,.23565186
5731,1.0130435
5734,-1.2470035
5736,1.1504956
5737,-.78084113
5742,-.35942874
5743,1.2521449
5744,.94719696
5746,.03235326
5747,
5749,.13400256
5750,
5751,-1.085789
5754,
5755,-1.5099902
5756,
5758,
5759,.64224906
5760,
5765,.84554766
5766,.7972803
5769,-1.9217268
5771,.64224906
5774,
5776,.54059976
5777,.1228583
5779,
5780,
5781,-2.0891984
5782,-1.2470035
5784,
5786,-.35942874
5789,-2.3247847
5790,.23565186
5791,-2.3247847
5793,-.57754253
5794,-.47589323
5795,
5798,.64224906
5802,.84554766
5804,-2.6194571
5805,
5806,.64224906
5809,-1.5099902
5813,
5815,-.06929604
5816,.35212489
5817,-2.3247847
5821,-.57754253
5823,-.35942874
5825,
5828,1.0488463
5829,
5831,-.04189837
5833,-2.9754422
5835,-2.6194571
5837,.23565186
5838,-.78084113
5841,-2.6194571
5842,1.1504956
5847,-1.9217268
5848,
5849,-.50410442
5850,-2.9754422
5852,-1.2967703
5857,
5861,1.0488463
5862,-2.9754422
5866,1.0488463
5867,-.57754253
5868,.54059976
5869,-1.2470035
5872,
5874,-2.6194571
5876,
5882,
5883,-.37424394
5887,
5894,-1.085789
5896,-1.4528303
5899,.67632126
5903,
5906,.74389836
5907,.03235326
5908,1.0488463
5913,
5918,
5920,-1.9217268
5921,
5922,1.2521449
5923,.23565186
5924,.03235326
5926,
5927,-.47589323
5931,-.78084113
5932,
5935,.43895046
5936,-.06929604
5940,
5941,1.1504956
5947,1.1504956
5948,-.92460247
5950,.57363586
5952,-.50410442
5953,-2.6194571
5954,.22011737
5956,
5959,.84554766
5961,-.35942874
5962,1.0488463
5963,.54059976
5964,.64224906
5967,
5969,.33730116
5970,.35212489
5976,
5977,-.92460247
5982,-.35942874
5983,-.50410442
5984,-.50410442
5986,1.1504956
5989,.22011737
5990,.03235326
5995,.33730116
5997,-.18533399
5998,-.57754253
5999,1.1504956
6000,1.1504956
6001,-.92460247
6002,-.04189837
6003,1.2521449
6004,.35212489
6009,-1.0098475
6011,-2.9754422
6015,-2.3247847
6017,-1.085789
6018,.91681082
6020,-.37424394
6021,.54059976
6022,.23565186
6023,1.1504956
6025,.22011737
6026,-1.085789
6031,
6037,.23565186
6038,.23565186
6040,-1.0098475
6041,-1.9217268
6042,1.2521449
6045,
6046,-1.8199228
6049,
6050,
6052,
6054,.54059976
6059,-1.3907369
6060,-1.8199228
6061,.23565186
6062,-.63784291
6064,-1.085789
6066,
6068,.33730116
6069,
6070,.23565186
6072,
6073,1.2521449
6074,1.1504956
6075,.84554766
6078,-.06929604
6082,.57363586
6083,-.47589323
6084,
6085,.23565186
6088,.43895046
6089,-.78084113
6091,-.98413973
6094,
6096,.54059976
6097,1.1504956
6098,-1.7487368
6100,
6101,
6103,
6104,
6106,-1.8199228
6108,1.1504956
6111,1.2521449
6113,.35212489
6116,.74389836
6118,1.2521449
6119,.35212489
6120,.23565186
6121,.84554766
6123,-.78084113
6125,-1.0098475
6129,
6130,
6131,
6133,.33730116
6134,1.2521449
6143,-.57754253
6145,
6149,.23565186
6151,.43895046
6153,1.2521449
6154,
6158,1.1504956
6163,-2.6194571
6165,-1.4528303
6172,
6174,-.17094534
6176,
6181,.91681082
6182,-1.8199228
6184,-.17094534
6185,-.86311361
6187,1.0488463
6191,1.2521449
6192,
6193,-1.9217268
6195,-.37424394
6196,-2.0891984
6200,-1.085789
6204,.33730116
6205,-2.0891984
6206,-.50410442
6207,.43895046
6210,.43895046
6213,-.47589323
6214,.03235326
6215,1.2521449
6216,-1.1837131
6218,-.47589323
6219,-2.9754422
6220,-.50410442
6222,
6223,-.78084113
6224,.74389836
6229,.94719696
6230,1.2521449
6231,1.0488463
6234,1.2521449
6236,.64224906
6237,.74389836
6238,1.1504956
6240,.03235326
6245,.84554766
6247,-.37424394
6248,.54059976
6250,-1.2470035
6251,.35212489
6252,.54059976
6254,-1.5099902
6256,-.78084113
6257,-1.7487368
6261,.1228583
6263,1.2521449
6264,
6267,
6272,-.88249043
6273,
6274,.35212489
6276,.54059976
6282,-1.2967703
6283,.23565186
6285,
6286,-.98413973
6288,
6292,-1.3907369
6293,.54059976
6296,-.27259464
6297,-1.2967703
6298,-.92460247
6302,-2.0891984
6303,-.78084113
6307,
6309,.54059976
6311,-.57754253
6314,-.92460247
6316,-.47589323
6317,.03235326
6318,.33730116
6320,-1.085789
6321,-.35942874
6324,-.47589323
6325,-.17094534
6326,.23565186
6327,-.35942874
6331,.54059976
6332,.94719696
6334,
6337,
6338,-.86311361
6340,-.92460247
6342,
6343,
6344,.23565186
6347,-.17094534
6348,.22011737
6352,-.86311361
6353,-1.9217268
6354,.33730116
6357,-.47589323
6361,-1.0098475
6362,.7972803
6363,
6364,-.47589323
6366,-1.2967703
6371,
6377,-1.085789
6381,.03235326
6383,.94719696
6384,-.78084113
6385,.64224906
6387,-1.5099902
6388,-1.3907369
6389,1.1504956
6391,1.1504956
6392,1.0488463
6393,-.88249043
6396,-.86311361
6397,-1.8199228
6398,
6402,.03235326
6403,.64224906
6404,
6405,.94719696
6406,-1.3907369
6409,1.0488463
6410,1.1504956
6411,-.78084113
6412,.94719696
6415,-.47589323
6416,-.37424394
6417,
6423,.94719696
6425,1.0130435
6430,.57363586
6432,-.27259464
6433,.74389836
6434,.7972803
6435,.64224906
6438,1.1504956
6439,1.2521449
6441,1.0488463
6442,1.0488463
6443,1.2521449
6445,.03235326
6446,
6449,-1.0098475
6450,
6452,
6453,1.0488463
6454,1.0488463
6455,-1.1837131
6459,
6460,.03235326
6461,-.98413973
6462,-2.6194571
6464,-2.6194571
6466,-.86311361
6471,.23565186
6472,-.50410442
6476,-.47589323
6478,.94719696
6479,-1.9217268
6480,-1.7487368
6481,-1.9217268
6485,.35212489
6486,.74389836
6488,-.35942874
6494,-.35942874
6495,.64224906
6496,-1.3907369
6497,-2.9754422
6502,-1.2470035
6503,1.1504956
6504,1.0488463
6505,
6507,
6510,1.0488463
6512,1.2521449
6517,1.1504956
6522,
6525,.94719696
6526,
6529,-1.2470035
6530,-1.7487368
6531,.57363586
6532,
6533,
6534,
6537,-.27259464
6538,-1.0098475
6539,-2.0891984
6543,-.50410442
6545,
6547,-1.9217268
6551,.54059976
6552,1.2521449
6553,1.1504956
6554,.7972803
6555,.74389836
6556,-2.6194571
6559,-1.8199228
6562,
6563,-.78084113
6565,1.2521449
6569,-.06929604
6570,-1.2470035
6571,-.17094534
6576,-1.5099902
6577,-.27259464
6578,1.1504956
6583,-1.3907369
6585,-.78084113
6587,.91681082
6593,
6595,
6596,.33730116
6597,
6600,
6602,
6604,-1.2967703
6606,
6607,-.57754253
6608,-.47589323
6609,-.06929604
6610,
6611,
6612,
6613,
6614,
6619,
6620,-.17094534
6621,
6622,.91681082
6623,
6625,
6630,
6634,1.0130435
6637,
6640,
6641,
6642,-1.085789
6643,.64224906
6644,.33730116
6647,1.2521449
6654,
6655,-1.8199228
6656,-2.9754422
6657,
6658,
6661,
6662,
6664,-.27259464
6668,
6669,
6670,
6672,
6674,-1.5099902
6675,
6676,-.100334
6677,
6679,
6680,-.78084113
6681,-.37424394
6683,.94719696
6684,
6685,
6686,
6690,
6693,
6694,
6695,
6697,
6699,
6701,-.37424394
6702,.64224906
6703,
6704,
6705,
6708,
6709,.57363586
6710,1.2521449
6715,
6717,
6719,
6720,
6723,
6724,
6726,
6728,-2.9754422
6729,-.47589323
6732,
6733,
6734,.23565186
6738,.94719696
6739,
6740,-.78084113
6742,-.57754253
6743,
6744,-.86311361
6745,-.100334
6747,1.2521449
6755,
6758,.33730116
6759,1.2521449
6761,-2.0891984
6762,.57363586
6764,
6767,-1.5099902
6768,-.04189837
6770,.23565186
6772,-.47589323
6773,.43895046
6778,.84554766
6779,.84554766
6780,
6783,-1.1837131
6784,-1.2967703
6787,-1.085789
6789,-.57754253
6790,-2.3247847
6792,-.88249043
6796,-.47589323
6797,-2.6194571
6798,.22011737
6800,
6802,
6804,-1.3907369
6806,.23565186
6812,.67632126
6814,
6816,.64224906
6819,.1228583
6824,.43895046
6826,.33730116
6827,.03235326
6828,.54059976
6830,
6833,
6836,
6837,
6841,-.57754253
6843,
6844,-1.4528303
6845,-1.2967703
6846,.43895046
6847,-1.2967703
6848,
6850,-.27259464
6853,
6854,
6856,-1.085789
6859,-.37424394
6860,1.1504956
6861,1.1504956
6862,1.1504956
6863,-1.085789
6865,-.06929604
6867,.03235326
6870,-1.0098475
6871,.35212489
6872,-2.6194571
6873,-.04189837
6875,-1.1837131
6876,.57363586
6877,
6878,
6879,.43895046
6886,1.1504956
6887,.33730116
6888,-.37424394
6892,
6894,-.35942874
6899,-.37424394
6901,.23565186
6904,.64224906
6907,
6910,1.2521449
6911,-.06929604
6912,1.0130435
6915,-.18533399
6918,-1.0098475
6922,-2.6194571
6926,
6927,
6928,-.78084113
6929,.33730116
6932,
6934,-1.2470035
6939,1.2521449
6940,1.1504956
6941,-.35942874
6942,-.17094534
6943,-.63784291
6950,.7972803
6954,-2.9754422
6957,.74389836
6958,
6959,
6960,
6961,-2.6194571
6963,
6966,.03235326
6968,
6969,-1.2470035
6970,
6973,-.37424394
6974,-.27259464
6975,-.47589323
6977,-2.3247847
6979,
6982,-2.3247847
6983,
6984,
6988,-1.2967703
6990,-.100334
6992,-.86311361
6993,.33730116
6994,-2.9754422
6995,-.92460247
6997,-.98413973
6999,
7001,
7002,-.17094534
7005,
7008,
7009,-1.5099902
7015,-1.9217268
7016,-2.3247847
7019,-1.085789
7020,
7022,-.57754253
7023,-1.8199228
7025,
7027,-1.4528303
7028,-.100334
7029,-.92460247
7030,1.2521449
7031,
7033,
7039,-.63784291
7040,-1.085789
7043,-1.8199228
7044,-.06929604
7045,
7046,-.100334
7047,-.37424394
7049,-1.0098475
7051,.23565186
7052,-.37424394
7055,-.50410442
7056,-1.4528303
7061,-.27259464
7062,1.2521449
7065,-2.6194571
7067,-2.6194571
7068,-1.8199228
7071,
7074,-1.085789
7076,1.1504956
7077,-1.085789
7078,1.0488463
7080,.54059976
7085,-1.2967703
7087,
7092,.7972803
7093,
7095,1.1504956
7097,1.2521449
7100,
7101,.94719696
7102,.57363586
7103,.33730116
7104,
7108,-.92460247
7109,-.63784291
7113,-2.9754422
7114,-1.8199228
7115,-.57754253
7116,.22011737
7119,
7126,-.47589323
7127,-.78084113
7128,-.37424394
7129,
7130,
7131,
7134,-.37424394
7135,-.27259464
7138,.23565186
7141,-1.1837131
7143,1.1504956
7146,-.78084113
7149,-.04189837
7150,-1.085789
7153,.35212489
7155,1.2521449
7156,
7157,
7159,-1.4528303
7160,
7163,1.2521449
7165,
7167,-.18533399
7168,1.0488463
7170,-.47589323
7171,-.78084113
7174,.33730116
7179,-1.9217268
7181,
7184,-.37424394
7186,1.2521449
7190,.94719696
7191,.22011737
7193,-.06929604
7195,-1.4528303
7196,.94719696
7197,.43895046
7201,-.04189837
7202,.13400256
7203,
7205,
7206,1.1504956
7207,
7209,-.17094534
7210,1.2521449
7212,
7214,
7216,
7219,.74389836
7220,-1.0098475
7221,
7222,1.1504956
7223,.74389836
7224,.13400256
7225,
7227,-1.4528303
7228,
7229,.23565186
7231,
7233,-2.9754422
7234,-1.5099902
7238,
7239,
7242,.23565186
7245,
7246,.43895046
7247,-1.3907369
7248,-.27259464
7249,-1.5099902
7250,
7251,-1.8199228
7252,1.1504956
7253,
7254,.94719696
7255,-1.2470035
7256,
7257,.43895046
7259,.84554766
7260,.22011737
7261,.64224906
7265,
7266,-.100334
7267,-1.8199228
7271,.57363586
7272,-.78084113
7274,-1.0098475
7276,-.37424394
7277,1.2521449
7278,1.1504956
7280,
7282,-2.6194571
7283,
7285,.84554766
7287,
7288,-2.6194571
7289,.13400256
7290,.35212489
7292,-.35942874
7297,
7298,
7299,
7300,
7307,.7972803
7308,.54059976
7309,.7972803
7310,-.27259464
7311,
7312,
7314,.23565186
7315,
7316,-1.0098475
7320,
7322,.94719696
7323,-1.8199228
7325,.74389836
7326,
7331,-2.6194571
7332,.23565186
7334,-1.1837131
7335,.03235326
7336,.43895046
7337,.23565186
7338,.23565186
7339,1.2521449
7342,-.17094534
7343,.23565186
7345,-1.9217268
7346,-.86311361
7347,.94719696
7349,.43895046
7350,.43895046
7352,1.0130435
7353,-.35942874
7354,-.98413973
7355,.03235326
7356,-1.0098475
7358,-1.3907369
7360,.84554766
7361,-1.5099902
7362,1.2521449
7363,
7364,-.63784291
7369,-.37424394
7372,-.92460247
7375,-1.085789
7376,-.63784291
7377,-1.5099902
7383,1.1504956
7386,.84554766
7387,-1.8199228
7389,-.17094534
7393,
7394,1.2521449
7396,-.63784291
7397,-2.9754422
7398,
7402,1.1504956
7403,-.57754253
7405,
7412,-.06929604
7413,
7415,-1.085789
7416,
7417,-1.5099902
7418,
7421,1.1504956
7423,
7424,-.88249043
7425,-2.0891984
7426,-1.2470035
7427,-1.4528303
7428,-.18533399
7430,-2.0891984
7431,
7433,.03235326
7435,.23565186
7436,-2.3247847
7439,-1.5099902
7441,-.57754253
7442,-.37424394
7447,
7448,-1.8199228
7449,-2.6194571
7451,
7453,
7455,-.27259464
7457,.7972803
7458,-.50410442
7459,-2.6194571
7461,-1.7487368
7462,-2.3247847
7463,-.06929604
7464,-.47589323
7465,-.47589323
7466,
7471,-1.3907369
7472,-.50410442
7473,-.06929604
7474,-.06929604
7475,
7476,-1.9217268
7481,.22011737
7483,-1.5099902
7484,-.47589323
7485,-1.5099902
7488,
7490,
7497,.64224906
7498,-1.7487368
7500,-.86311361
7502,-.86311361
7503,-.47589323
7505,
7506,.23565186
7507,.84554766
7510,-.27259464
7515,-.63784291
7516,-.17094534
7518,-.37424394
7522,-.86311361
7523,-.88249043
7524,-2.3247847
7526,
7529,
7532,.23565186
7537,-.57754253
7538,-.92460247
7540,.33730116
7542,
7544,
7547,-.88249043
7548,.54059976
7549,.64224906
7550,1.2521449
7552,-1.0098475
7553,-.27259464
7554,-.17094534
7558,-1.9217268
7560,1.0488463
7561,-1.085789
7562,-1.2470035
7564,1.1504956
7565,.43895046
7566,.54059976
7567,.23565186
7568,-.37424394
7569,.13400256
7570,-1.0098475
7572,
7573,
7578,-1.085789
7581,.33730116
7583,
7585,-1.1837131
7589,.94719696
7594,1.2521449
7595,-.98413973
7596,-2.3247847
7597,.03235326
7599,-.98413973
7600,-1.085789
7602,-.78084113
7604,-.78084113
7607,-1.7487368
7615,-.57754253
7620,
7621,1.1504956
7624,
7627,-2.6194571
7629,
7630,-2.6194571
7631,-2.0891984
7638,
7640,
7641,.94719696
7642,1.2521449
7643,1.1504956
7645,-.92460247
7648,-2.9754422
7649,-1.085789
7651,.57363586
7656,-.17094534
7658,
7660,.84554766
7661,-2.9754422
7663,
7664,
7667,1.1504956
7669,
7670,
7672,
7673,
7674,
7675,-.88249043
7676,-1.2967703
7677,-.57754253
7678,-1.5099902
7680,
7691,
7693,-.06929604
7696,
7699,
7700,
7703,
7704,-.06929604
7706,.23565186
7710,.33730116
7712,
7714,
7718,
7721,
7722,1.1504956
7723,.22011737
7725,
7726,
7727,-.98413973
7729,-2.6194571
7731,-.35942874
7733,-2.6194571
7735,-1.2470035
7737,-1.7487368
7739,-1.7487368
7742,-.47589323
7744,.33730116
7745,.23565186
7746,-1.2967703
7747,-2.9754422
7748,1.1504956
7749,-.63784291
7750,-2.3247847
7751,-1.1837131
7752,-2.6194571
7753,
7755,
7757,.33730116
7759,-.100334
7760,-.100334
7761,-.63784291
7763,-1.7487368
7768,-1.3907369
7771,-.92460247
7772,.74389836
7775,
7776,
7778,
7779,-1.0098475
7783,-.17094534
7784,1.0130435
7785,
7786,
7788,
7789,
7790,1.0130435
7791,
7796,-1.3907369
7797,-.35942874
7799,1.2521449
7800,1.1504956
7802,-.100334
7803,-.92460247
7805,.23565186
7806,1.1504956
7807,.64224906
7808,
7810,-.57754253
7812,
7818,.64224906
7820,-.86311361
7821,-.17094534
7822,-.37424394
7825,1.1504956
7827,
7831,-.100334
7832,-.50410442
7833,
7834,1.2521449
7835,.84554766
7838,
7839,.03235326
7845,-.27259464
7847,.35212489
7848,-.27259464
7849,.84554766
7850,-.27259464
7854,-.18533399
7855,.35212489
7859,.23565186
7860,
7861,1.0488463
7862,-.86311361
7864,
7865,-.27259464
7866,-1.9217268
7867,
7869,-1.085789
7875,-.57754253
7876,-2.3247847
7879,
7881,-1.085789
7882,
7883,-.18533399
7884,-1.2967703
7885,-.88249043
7889,.54059976
7890,-1.8199228
7891,-2.3247847
7893,-.78084113
7894,-1.3907369
7897,
7898,1.2521449
7900,
7902,-2.0891984
7905,-1.2967703
7910,-1.1837131
7912,.03235326
7913,
7914,
7915,1.2521449
7916,
7917,
7919,-2.3247847
7921,
7928,.03235326
7929,-.100334
7930,-.06929604
7933,1.1504956
7934,-.17094534
7935,-2.9754422
7936,1.2521449
7940,
7943,
7944,
7948,.43895046
7949,
7952,-.18533399
7953,-1.3907369
7955,-1.085789
7956,-.06929604
7963,-.88249043
7965,-1.2967703
7967,-.47589323
7968,.03235326
7969,
7970,
7971,
7972,-1.085789
7973,-.57754253
7974,
7975,
7981,-.37424394
7982,
7983,-.78084113
7984,-1.7487368
7988,-.06929604
7990,
7991,
7993,-2.9754422
7994,-.63784291
7997,-.27259464
7998,-.86311361
8001,-1.2470035
8002,
8003,-.86311361
8004,-.57754253
8005,
8015,
8016,-1.7487368
8025,-1.085789
8026,-1.3907369
8028,.03235326
8029,-1.9217268
8031,-1.0098475
8032,-.37424394
8034,.74389836
8035,
8036,
8038,-.50410442
8040,
8041,
8042,-1.9217268
8043,
8045,
8046,-.06929604
8047,-.37424394
8049,
8050,-.37424394
8051,1.0130435
8052,
8053,-.57754253
8055,-.86311361
8057,-.92460247
8058,
8059,.74389836
8062,-2.3247847
8063,
8065,
8071,-2.6194571
8072,-.92460247
8073,-.86311361
8076,
8077,1.2521449
8078,.23565186
8087,1.1504956
8088,.64224906
8090,
8094,
8099,-.78084113
8100,
8101,
8102,.94719696
8104,
8105,.84554766
8108,.84554766
8109,-.27259464
8110,-1.9217268
8124,-1.4528303
8126,
8129,.03235326
8130,.35212489
8132,.43895046
8135,-.17094534
8136,-.78084113
8137,-.50410442
8138,-.06929604
8142,-2.0891984
8145,-2.6194571
8148,-.37424394
8149,.57363586
8150,-.17094534
8151,.67632126
8152,.67632126
8153,-.78084113
8154,-1.085789
8156,-1.2967703
8157,-2.3247847
8158,-1.2470035
8159,
8160,.94719696
8161,.03235326
8162,-.78084113
8164,-1.4528303
8165,-2.3247847
8166,-2.6194571
8168,.94719696
8169,-.27259464
8171,-.98413973
8172,-.27259464
8173,
8174,-1.7487368
8177,1.1504956
8179,-.17094534
8180,-.06929604
8181,-.98413973
8186,-.63784291
8187,-.98413973
8190,1.2521449
8191,-.47589323
8192,
8193,
8194,.84554766
8196,
8197,.94719696
8198,-.47589323
8199,-1.9217268
8200,-.100334
8206,-1.5099902
8209,-.78084113
8213,-1.2967703
8214,.94719696
8216,1.1504956
8220,-1.9217268
8221,
8222,-1.3907369
8223,1.1504956
8224,1.0488463
8227,.33730116
8228,-1.0098475
8229,.54059976
8231,
8234,-.06929604
8236,-.86311361
8238,.64224906
8241,1.0488463
8243,-.17094534
8246,
8247,-1.7487368
8250,1.1504956
8252,-2.0891984
8253,.1228583
8260,-.27259464
8261,-.06929604
8262,-1.9217268
8263,
8266,1.1504956
8267,.23565186
8268,-1.7487368
8269,-1.4528303
8270,-2.6194571
8274,
8275,-.78084113
8278,1.0130435
8279,-.27259464
8280,1.0130435
8282,1.0488463
8284,1.1504956
8285,1.1504956
8287,-.92460247
8291,.43895046
8294,-1.1837131
8295,
8298,-.78084113
8302,
8305,
8306,-.78084113
8310,-1.085789
8312,-.35942874
8313,-.18533399
8316,-1.5099902
8317,-1.5099902
8321,-1.085789
8322,
8324,.7972803
8326,-.37424394
8328,
8330,.74389836
8332,-.47589323
8333,-1.9217268
8338,-1.9217268
8339,-.18533399
8340,-.78084113
8344,.33730116
8346,-.17094534
8347,-.37424394
8348,-1.2470035
8349,
8350,1.0130435
8352,-1.9217268
8353,-1.9217268
8354,1.1504956
8355,-1.5099902
8359,-2.9754422
8360,-2.0891984
8361,-1.3907369
8371,1.1504956
8375,
8376,1.1504956
8379,-2.3247847
8380,
8381,
8383,.64224906
8384,-.78084113
8387,-.78084113
8388,-.98413973
8389,-1.085789
8395,.22011737
8398,-.37424394
8399,.23565186
8404,-.04189837
8407,
8409,
8410,.22011737
8412,
8416,1.2521449
8417,-2.6194571
8419,-1.3907369
8420,1.1504956
8421,-.57754253
8423,.94719696
8425,-.86311361
8426,.22011737
8428,-1.085789
8429,-.37424394
8430,
8432,.84554766
8433,1.1504956
8434,.23565186
8436,
8437,
8441,-1.8199228
8442,
8443,
8445,
8446,-1.0098475
8447,-.47589323
8448,
8449,-1.1837131
8452,-.27259464
8453,.64224906
8454,-.50410442
8455,.23565186
8457,-.18533399
8460,.74389836
8462,.84554766
8463,-2.9754422
8464,-2.6194571
8465,
8466,
8473,-1.7487368
8474,-1.0098475
8475,-.88249043
8477,-1.8199228
8481,.33730116
8482,-.86311361
8483,-2.0891984
8484,
8485,
8486,
8487,-.37424394
8488,
8489,-1.5099902
8500,-.57754253
8501,.57363586
8503,-.18533399
8504,-.27259464
8507,-1.0098475
8511,
8514,-.88249043
8516,
8517,
8518,
8519,-.78084113
8521,-1.1837131
8523,-1.2967703
8527,-2.3247847
8528,-.37424394
8529,.35212489
8530,-1.7487368
8533,.23565186
8536,-1.085789
8537,-2.0891984
8538,-1.085789
8539,
8541,
8542,-.92460247
8543,-.37424394
8544,.33730116
8547,
8548,-1.1837131
8550,-.50410442
8551,-.27259464
8553,-1.3907369
8554,
8557,-1.8199228
8558,
8559,-1.7487368
8560,-1.7487368
8563,.84554766
8565,-.37424394
8566,-.88249043
8567,1.2521449
8568,.54059976
8570,.74389836
8571,-.78084113
8572,
8574,-.37424394
8576,
8581,
8585,-1.3907369
8587,-.35942874
8591,.23565186
8592,.54059976
8593,-.27259464
8594,
8595,
8597,.23565186
8598,.94719696
8599,-.37424394
8602,-1.085789
8604,-1.7487368
8605,-.88249043
8606,1.0488463
8607,-.50410442
8612,.33730116
8613,
8614,.84554766
8615,
8617,-1.2470035
8618,-1.1837131
8619,1.1504956
8621,
8623,-.100334
8625,
8631,-2.3247847
8635,
8636,
8637,
8639,-2.9754422
8642,.03235326
8643,-1.085789
8647,-.92460247
8654,
8655,
8656,-1.2967703
8657,-.63784291
8658,
8660,.54059976
8662,
8665,-1.3907369
8666,
8667,-.04189837
8674,-1.2967703
8675,.7972803
8676,.43895046
8677,1.2521449
8683,-.57754253
8684,.23565186
8686,
8690,1.1504956
8691,.35212489
8692,1.1504956
8694,-.88249043
8702,
8704,
8706,.23565186
8707,.54059976
8708,-.27259464
8709,1.2521449
8710,1.1504956
8714,1.2521449
8718,-.92460247
8719,-1.9217268
8721,-.98413973
8724,1.1504956
8734,
8736,
8738,
8739,-1.1837131
8741,
8742,
8746,-2.9754422
8747,-1.7487368
8750,.64224906
8753,-1.5099902
8754,-.63784291
8755,-2.3247847
8756,-.17094534
8757,-.27259464
8758,1.2521449
8759,-.17094534
8760,1.2521449
8761,-2.3247847
8763,.23565186
8764,1.1504956
8770,-1.085789
8771,-1.7487368
8772,-2.6194571
8773,1.1504956
8776,-2.3247847
8777,
8779,
8783,
8786,-.37424394
8788,-.06929604
8789,-.78084113
8794,-.86311361
8795,.54059976
8798,-.47589323
8799,-.17094534
8800,-.78084113
8801,-.47589323
8802,
8803,-1.2470035
8804,.03235326
8807,1.0488463
8811,1.1504956
8816,-.37424394
8817,
8819,
8820,
8823,-1.5099902
8824,.03235326
8825,-.17094534
8828,
8833,
8834,
8835,1.2521449
8836,-.37424394
8838,-.78084113
8839,-.92460247
8841,.64224906
8842,-.100334
8843,-.98413973
8846,-2.0891984
8847,-.06929604
8849,-.98413973
8852,.13400256
8854,
8855,.43895046
8857,
8858,
8862,-1.2967703
8864,-2.0891984
8868,.67632126
8869,
8872,
8877,1.0130435
8878,1.1504956
8879,1.2521449
8880,
8885,-.37424394
8886,-.88249043
8890,
8892,-2.6194571
8893,1.1504956
8895,-1.3907369
8900,.23565186
8901,.03235326
8903,.23565186
8907,-.92460247
8908,-1.8199228
8909,-.47589323
8910,-1.1837131
8911,-.86311361
8913,
8914,.57363586
8918,.84554766
8921,.84554766
8928,.33730116
8930,
8932,-.37424394
8933,-.27259464
8934,.7972803
8939,-1.8199228
8940,-.35942874
8942,-1.4528303
8943,.23565186
8945,
8948,-2.3247847
8949,1.1504956
8952,-.78084113
8955,.43895046
8956,.43895046
8957,1.1504956
8958,
8959,
8960,.23565186
8963,-.100334
8965,
8967,
8970,-1.3907369
8971,-.06929604
8977,
8978,1.0488463
8979,.94719696
8982,-.50410442
8983,-.37424394
8984,-1.085789
8985,.43895046
8986,1.1504956
8990,-1.0098475
8992,1.0488463
8995,-1.5099902
8996,-.50410442
8999,.33730116
9000,-.92460247
9005,-.47589323
9006,.84554766
9007,
9009,1.2521449
9010,-.57754253
9013,
9017,-.37424394
9019,-.78084113
9020,1.0488463
9021,-.35942874
